ROL_SII;NOMBRE;COMUNA;REGION;LAT;LON
"8000-18";"AVENIDA LA PLAYA 332 LOTE U IV COMUNA SAN ANTONIO";"SAN ANTONIO";"05- REGION DE VALPARAÍSO";"-33.61233087548374";"-71.62208538810022"
"6001-23";"WASHINGTON 36 PISO 1 LOTE 7 COMUNA VALPARAISO";"VALPARAISO";"05- REGION DE VALPARAÍSO";"-33.05355069037583";"-71.6017353090116"
"92-1";"URRIOLA 365 PISO 1 DEPARTAMENTO A COMUNA VALPARAISO";"VALPARAISO";"05- REGION DE VALPARAÍSO";"-33.04081278601359";"-71.62761172534633"
"73-1";"YUNGAY 1827 COMUNA VALPARAISO";"VALPARAISO";"05- REGION DE VALPARAÍSO";"-33.04532620505379";"-71.61762293533597"
"43-4";"BRASIL NUMERO 1585 1589 1596 ESQUINA MOLINA CON BLANCO NUMERO 1574 1580 1586 1592 1596 COMUNA";"VALPARAISO";"05- REGION DE VALPARAÍSO";"-33.04429867116452";"-71.61992857995497"
"6114-9";"RAMADITAS 1104 - 1126 COMUNA VALPARAISO";"VALPARAISO";"05- REGION DE VALPARAÍSO";"-33.059543048347976";"-71.59603830488388"
"213-3";"RETAMO 707 PISO 2; RETAMO 709 PISO 1 LOTE B; COMUNA VALPARAISO";"VALPARAISO";"05- REGION DE VALPARAÍSO";"-33.05095631249919";"-71.607255377622"
"90-29";"TOMAS RAMOS 132 AL 144 COMUNA VALPARAISO";"VALPARAISO";"05- REGION DE VALPARAÍSO";"-33.03951410197293";"-71.6308006810627"
"8404-51";"ISRAEL ROIZBLAT 61 LOTE L-1 COMUNA VALPARAISO";"VALPARAISO";"05- REGION DE VALPARAÍSO";"-33.05719820973432";"-71.56086775116336"
"71-1";"PLAZA SIMON BOLIVAR 1653 COMUNA VALPARAISO";"VALPARAISO";"05- REGION DE VALPARAÍSO";"-33.045026766425245";"-71.61940596946854"
"9305-18";"LA POLVORA LOTE B-2 COMUNA VALPARAISO";"VALPARAISO";"05- REGION DE VALPARAÍSO";"-33.0663312964268";"-71.63156764959223"
"177-3";"EDWARDS 681 AL 695 COMUNA VALPARAISO";"VALPARAISO";"05- REGION DE VALPARAÍSO";"-33.047775811515294";"-71.61945853636566"
"4091-2/4091/13/4091-14/4091-15/4091-16/4091-17/4091-18/4091-19/4091-20/4091-21";"BAQUEDANO 113 COMUNA VALPARAISO";"VALPARAISO";"05- REGION DE VALPARAÍSO";"-33.05165426102753";"-71.61419523648874"
"48-44";"FREIRE 124 COMUNA VALPARAISO";"VALPARAISO";"05- REGION DE VALPARAÍSO";"-33.044431422082226";"-71.61487215526705"
"SIN ROL";"5 SIN NUMERO COMUNA SAN ANTONIO";"SAN ANTONIO";"05- REGION DE VALPARAÍSO";"-33.57029341981012";"-71.62161427642448"
"1098-8";"LEVARTE 111 - 107 - 117 - 181 COMUNA VALPARAISO";"VALPARAISO";"05- REGION DE VALPARAÍSO";"-33.03160428806038";"-71.63643231744062"
"5017-0005";"ORELLA 978 COMUNA VALPARAISO";"VALPARAISO";"05- REGION DE VALPARAÍSO";"-33.05293939285925";"-71.60859506636105"
"91-71";"PLAZA DE LA JUSTICIA 45 PISO 7 DEPARTAMENTO 702 COMUNA VALPARAISO";"VALPARAISO";"05- REGION DE VALPARAÍSO";"-33.039388782656644";"-71.62912905871445"
"1350-3";"LOS COPIHUES 113 COMUNA VALPARAISO";"VALPARAISO";"05- REGION DE VALPARAÍSO";"-33.04967067018278";"-71.64979195079034"
"3001-0006";"SUBIDA JOSE TOMAS RAMOS 207 COMUNA VALPARAISO";"VALPARAISO";"05- REGION DE VALPARAÍSO";"-33.04011192376179";"-71.63110994985611"
"5017-2";"BLAS CUEVAS 998 COMUNA VALPARAISO";"VALPARAISO";"05- REGION DE VALPARAÍSO";"-33.05282633837771";"-71.6097514735149"
"1077-4";"PLAYA ANCHA 201 COMUNA VALPARAISO";"VALPARAISO";"05- REGION DE VALPARAÍSO";"-33.03047187519513";"-71.6361518803376"
"6217-4";"DANIEL RODRIGUEZ 775 LOTE 383 COMUNA VALPARAISO";"VALPARAISO";"05- REGION DE VALPARAÍSO";"-33.06759588992513";"-71.59354245199621"
"SIN ROL";"EL TELEGRAFO 23 COMUNA VALPARAISO";"VALPARAISO";"05- REGION DE VALPARAÍSO";"-33.06017876892402";"-71.64129914188976"
"6124-12";"VON MOLTKE 238 COMUNA VALPARAISO";"VALPARAISO";"05- REGION DE VALPARAÍSO";"-33.06082700912154";"-71.59184419491358"
"8055-5";"BARTOLOME VIVAR SIN NUMERO CERRO LOS PLACERES COMUNA VALPARAISO";"VALPARAISO";"05- REGION DE VALPARAÍSO";"-33.03662445754839";"-71.58901639135756"
"176-18";"EDWARDS 608 DEPARTAMENTO 5 C COMUNA VALPARAISO";"VALPARAISO";"05- REGION DE VALPARAÍSO";"-33.04690095958931";"-71.61967923558701"
"3002-2";"MONTEALEGRE 132 AL 138 COMUNA VALPARAISO";"VALPARAISO";"05- REGION DE VALPARAÍSO";"-33.040504611082596";"-71.62898116924524"
"1258-1";"PORVENIR 762 COMUNA VALPARAISO";"VALPARAISO";"05- REGION DE VALPARAÍSO";"-33.03496929968359";"-71.6500508929709"
"5131-1";"TIRO AL BLANCO MANZANA Q LOTE 2 COMUNA VALPARAISO";"VALPARAISO";"05- REGION DE VALPARAÍSO";"-33.061249392580116";"-71.61386435993937"
"166-9";"VICTORIA 2832 AL 2846 COMUNA VALPARAISO";"VALPARAISO";"05- REGION DE VALPARAÍSO";"-33.04925375406402";"-71.60611468925424"
"2043-11";"CAJILLA NUMERO 811 Y NUMERO 815 COMUNA VALPARAISO";"VALPARAISO";"05- REGION DE VALPARAÍSO";"-33.03675829977545";"-71.63471083808184"
"44988";"ERRAZURIZ 70 COMUNA VALPARAISO";"VALPARAISO";"05- REGION DE VALPARAÍSO";"-33.03482542674899";"-71.62955252244383"
"37-63";"ROSS 149 PISO 6 DEPARTAMENTO 607 COMUNA VALPARAISO";"VALPARAISO";"05- REGION DE VALPARAÍSO";"-33.041273684330605";"-71.624944667912"
"6129-15";"IBSEN SIN NUMERO COMUNA VALPARAISO";"VALPARAISO";"05- REGION DE VALPARAÍSO";"-33.056794414130856";"-71.59015853159093"
"7278-1, 7278-2";"RUTA 68 CH JOSE SANTOS OSSA LOTE 1 LOTE 2 LOTE 3 COMUNA VALPARAISO";"VALPARAISO";"05- REGION DE VALPARAÍSO";"-33.05077957237464";"-71.59375880967244"
"123-11";"CHACABUCO BOX 4 ESTACIONAMIENTO 1948 COMUNA VALPARAISO";"VALPARAISO";"05- REGION DE VALPARAÍSO";"-33.04637475670588";"-71.6166636035103"
"SIN ROL";"EL PARQUE SIN NUMERO COMUNA QUILPUE";"QUILPUE";"05- REGION DE VALPARAÍSO";"-33.03887203818875";"-71.48507937585002"
"1220-25";"TUBUL 26 COMUNA VALPARAISO";"VALPARAISO";"05- REGION DE VALPARAÍSO";"-33.033831702818624";"-71.64978906877728"
"9300-560";"PASAJE SANTA MONICA SIN NUMERO COMUNA VALPARAISO";"VALPARAISO";"05- REGION DE VALPARAÍSO";"-33.06182319318925";"-71.57209402413108"
"8008-0009";"ESPANA 1898 COMUNA VALPARAISO";"VALPARAISO";"05- REGION DE VALPARAÍSO";"-33.03366495503021";"-71.59293389064551"
"9320-265";"ABELARDO NUNEZ SIN NUMERO LOTE 3 COMUNA VALPARAISO";"VALPARAISO";"05- REGION DE VALPARAÍSO";"-33.054375840580114";"-71.64750117054786"
"9320-261";"ABELARDO NUNEZ MANZANA C LOTE 52 COMUNA VALPARAISO";"VALPARAISO";"05- REGION DE VALPARAÍSO";"-33.05432407760518";"-71.64552193766062"
"3001-155";"SUBIDA JOSE TOMAS RAMOS 111 COMUNA VALPARAISO";"VALPARAISO";"05- REGION DE VALPARAÍSO";"-33.03981517816771";"-71.63034549231708"
"37-101";"PASAJE ROSS 149 PISO 10 DEPARTAMENTO 1009 COMUNA VALPARAISO";"VALPARAISO";"05- REGION DE VALPARAÍSO";"-33.041289961361855";"-71.62503842242069"
"1018-8";"WADDINGTON 7121 COMUNA VALPARAISO";"VALPARAISO";"05- REGION DE VALPARAÍSO";"-33.02369412020414";"-71.63353315485301"
"3088-1";"ALEMANIA 5196 COMUNA VALPARAISO";"VALPARAISO";"05- REGION DE VALPARAÍSO";"-33.048095291122685";"-71.63161124718339"
"6003-1";"JOSE SANTOS OSSA SIN NUMERO COMUNA VALPARAISO";"VALPARAISO";"05- REGION DE VALPARAÍSO";"-33.05206381831763";"-71.59472245582953"
"9332-129";"DEL CABO SIN NUMERO COMUNA VALPARAISO";"VALPARAISO";"05- REGION DE VALPARAÍSO";"-33.05807941793074";"-71.57826623320005"
"8023-12";"ESPANA NUMERO 2600 COMUNA VALPARAISO";"VALPARAISO";"05- REGION DE VALPARAÍSO";"-33.03009411385967";"-71.586680595084"
"3032-1";"SANTA ISABEL 739 COMUNA VALPARAISO";"VALPARAISO";"05- REGION DE VALPARAÍSO";"-33.04274745708148";"-71.62983329007665"
"3118-29";"GENERAL MACKENNA 602 AL 608 COMUNA VALPARAISO";"VALPARAISO";"05- REGION DE VALPARAÍSO";"-33.050931805551215";"-71.6245614193658"
"0047-0001";"BRASIL 1901 COMUNA VALPARAISO";"VALPARAISO";"05- REGION DE VALPARAÍSO";"-33.044509435321";"-71.61641883264345"
"150-9";"PEDRO MONTT 2890 COMUNA VALPARAISO";"VALPARAISO";"05- REGION DE VALPARAÍSO";"-33.04798078872829";"-71.60547773335881"
"9300-433";"RODELILLO COMUNA VALPARAISO";"VALPARAISO";"05- REGION DE VALPARAÍSO";"-33.065007334127785";"-71.56976904002309"
"1122-11";"PROYECTADA VIDAURRE MANZANA A LOTE 10 COMUNA VALPARAISO";"VALPARAISO";"05- REGION DE VALPARAÍSO";"-33.028907754630445";"-71.64360888790543"
"123-98";"PEDRO MONNTT 1937 DEPARTAMENTO 87 COMUNA VALPARAISO";"VALPARAISO";"05- REGION DE VALPARAÍSO";"-33.04666319008132";"-71.616701097902"
"1506-1";"PASAJE VEINTISEIS SIN NUMERO COMUNA VALPARAISO";"VALPARAISO";"05- REGION DE VALPARAÍSO";"-33.039604985025505";"-71.65451232238956"
"5146-27";"TRES SIN NUMERO COMUNA VALPARAISO";"VALPARAISO";"05- REGION DE VALPARAÍSO";"-33.05843573283142";"-71.61493614285911"
"6130-0004";"VON MOLKE 281 COMUNA VALPARAISO";"VALPARAISO";"05- REGION DE VALPARAÍSO";"-33.06126167392478";"-71.59042796513924"
"17-1/17-2";"BLANCO 1421 ESQUINA PUDETO 97 COMUNA VALPARAISO";"VALPARAISO";"05- REGION DE VALPARAÍSO";"-33.04353281380287";"-71.6210167438697"
"1078-8";"PLAYA ANCHA 301 Y 303 AL 315 COMUNA VALPARAISO";"VALPARAISO";"05- REGION DE VALPARAÍSO";"-33.02953934747866";"-71.63723991137941"
"1089-1";"SUBIDA AL CEMENTERIO SIN NUMERO COMUNA VALPARAISO";"VALPARAISO";"05- REGION DE VALPARAÍSO";"-33.02322890021839";"-71.64457168001117"
"7100-3";"SANTA LUCIA 437 COMUNA VALPARAISO";"VALPARAISO";"05- REGION DE VALPARAÍSO";"-33.04532922015932";"-71.59987349589429"
"37-132 37-133 37-134 37-135 37-136";"ESMERALDA 1051 AL 1059 Y BLANCO 1054 AL 1059 COMUNA VALPARAISO";"VALPARAISO";"05- REGION DE VALPARAÍSO";"-33.041648775339695";"-71.62481360937848"
"0040-0034";"BELLAVISTA 168 PISO 19 COMUNA VALPARAISO";"VALPARAISO";"05- REGION DE VALPARAÍSO";"-33.04318482308618";"-71.62309148841788"
"5131-1";"PASAJE LAS QUINTAS MANZANA Q LOTE 1 COMUNA VALPARAISO";"VALPARAISO";"05- REGION DE VALPARAÍSO";"-33.059376007098194";"-71.61548907869293"
"5160-338";"DOS SIN NUMERO COMUNA VALPARAISO";"VALPARAISO";"05- REGION DE VALPARAÍSO";"-33.06197292982268";"-71.60798206707524"
"8103-38 Y 8103-1";"21 DE MAYO 20 ESQUINA ERRAZURIZ LOTE 1 Y 2 COMUNA VALPARAISO";"VALPARAISO";"05- REGION DE VALPARAÍSO";"-33.038073754106044";"-71.58200834928618"
"1319-1";"JOSE SEREY 241 COMUNA VALPARAISO";"VALPARAISO";"05- REGION DE VALPARAÍSO";"-33.04523843848612";"-71.65215533301604"
"39-8";"MELGAREJO 669 EDIFICIO ESMERALDA COMUNA VALPARAISO";"VALPARAISO";"05- REGION DE VALPARAÍSO";"-33.0432527909869";"-71.6238829721429"
"0040-0033";"BELLAVISTA 168 PISO 18 COMUNA VALPARAISO";"VALPARAISO";"05- REGION DE VALPARAÍSO";"-33.04318482308618";"-71.62309148841788"
"3159-5";"LO VENEGAS SIN NUMERO COMUNA VALPARAISO";"VALPARAISO";"05- REGION DE VALPARAÍSO";"-33.05499189756575";"-71.63254587543278"
"1107-1/1107-13/1107-14/1107-15/1107-16/1107-17";"SANTA MARTA 183 LOTE 1 Y ALCALDE BARRIOS 289 LOTE 2 COMUNA VALPARAISO";"VALPARAISO";"05- REGION DE VALPARAÍSO";"-33.02745206848195";"-71.6416507006983"
"1091-5";"ALCALDE BARRIOS 155 COMUNA VALPARAISO";"VALPARAISO";"05- REGION DE VALPARAÍSO";"-33.027188136164284";"-71.64046207523461"
"1134-2";"SANTA MARTA MANZANA C LOTE 1 COMUNA VALPARAISO";"VALPARAISO";"05- REGION DE VALPARAÍSO";"-33.02944410168626";"-71.64330901781528"
"123-110";"CHACABUCO BOX 3 ESTACIONAMIENTO 1948 COMUNA VALPARAISO";"VALPARAISO";"05- REGION DE VALPARAÍSO";"-33.046330226028445";"-71.61665537545488"
"2019-5";"SANTIAGO SEVERIN 10 COMUNA VALPARAISO";"VALPARAISO";"05- REGION DE VALPARAÍSO";"-33.03633593317354";"-71.63303863324667"
"3038-19";"CUMMING 220 LOTE 1 COMUNA VALPARAISO";"VALPARAISO";"05- REGION DE VALPARAÍSO";"-33.0450604940493";"-71.62687307061879"
"0040-0031";"BELLAVISTA 168 PISO 16 COMUNA VALPARAISO";"VALPARAISO";"05- REGION DE VALPARAÍSO";"-33.04318482308618";"-71.62309148841788"
"1002-13";"PLAZA WHEELWRIGHT 144 COMUNA VALPARAISO";"VALPARAISO";"05- REGION DE VALPARAÍSO";"-33.03379908827771";"-71.6303867464371"
"90-6";"MERLET 195 COMUNA VALPARAISO";"VALPARAISO";"05- REGION DE VALPARAÍSO";"-33.03877647745883";"-71.63021723488733"
"40-6";"BELLAVISTA 168 BODEGA 2 COMUNA VALPARAISO";"VALPARAISO";"05- REGION DE VALPARAÍSO";"-33.04314985763321";"-71.62300072037905"
"0040-0032";"BELLAVISTA 168 PISO 17 COMUNA VALPARAISO";"VALPARAISO";"05- REGION DE VALPARAÍSO";"-33.04318482308618";"-71.62309148841788"
"SIN ROL";"RIQUELME SIN NUMERO LOTE A-14 COMUNA VILLA ALEMANA";"VALPARAISO";"05- REGION DE VALPARAÍSO";"-33.04154620895042";"-71.35590799636839"
"4522-5";"RAMON BARROS LUCO 2640 MANZANA 54 SITIO 5 COMUNA SAN ANTONIO";"SAN ANTONIO";"05- REGION DE VALPARAÍSO";"-33.604533953423825";"-71.61359313335899"
"2045-1";"SAN FRANCISCO NUMERO 261 COMUNA VALPARAISO";"VALPARAISO";"05- REGION DE VALPARAÍSO";"-33.037657275944056";"-71.63275285118137"
"3920-1";"ANGAMOS 2380 COMUNA SAN ANTONIO";"SAN ANTONIO";"05- REGION DE VALPARAÍSO";"-33.60164699128583";"-71.61509685855883"
"9060-2";"SOTERO DEL RIO INTERIOR LOCALIDAD SAN JUAN COMUNA SAN ANTONIO";"SAN ANTONIO";"05- REGION DE VALPARAÍSO";"-33.647418567388435";"-71.58653853027842"
"8071-1";"MERCED NUMERO 26 LOTE 16-1 COMUNA SAN ANTONIO";"SAN ANTONIO";"05- REGION DE VALPARAÍSO";"-33.60731421686363";"-71.60808158730495"
"725-1";"BLANCO ENCALADA SIN NUMERO MANZANA F SITIO 2 COMUNA SAN ANTONIO";"SAN ANTONIO";"05- REGION DE VALPARAÍSO";"-33.5836910801328";"-71.6120245171427"
"5117-3";"RAMON BARROS LUCO 2749 MANZANA 65 COMUNA SAN ANTONIO";"SAN ANTONIO";"05- REGION DE VALPARAÍSO";"-33.60751805864477";"-71.61473518148584"
"2817-1";"RAMON BARROS LUCO ESQUINA CARABINEROS DE CHILE Y LA MARINA COMUNA SAN ANTONIO";"SAN ANTONIO";"05- REGION DE VALPARAÍSO";"-33.59766434975498";"-71.61286702515255"
"2764-4";"LIBERTAD 841 LOTE 4 MANZANA 38 COMUNA SAN ANTONIO";"SAN ANTONIO";"05- REGION DE VALPARAÍSO";"-33.5967856478016";"-71.6043337684156"
"2026-25";"CALLE IGNACIO CARRERA PINTO 39 LOTE 1 COMUNA SAN ANTONIO";"SAN ANTONIO";"05- REGION DE VALPARAÍSO";"-33.59155652361462";"-71.61151708154803"
"1827-9";"LUIS HINOJOSA 1046 COMUNA SAN ANTONIO";"SAN ANTONIO";"05- REGION DE VALPARAÍSO";"-33.59112149598236";"-71.61079820867278"
"40-21";"JOSE MANUEL BALMACEDA FERNANDEZ SIN NUMERO LOCAL 6 COMUNA SAN ANTONIO";"SAN ANTONIO";"05- REGION DE VALPARAÍSO";"-33.57900271384481";"-71.60946094213372"
"1225-1";"BLANCO ENCALADA NUMERO 711 COMUNA SAN ANTONIO";"SAN ANTONIO";"05- REGION DE VALPARAÍSO";"-33.586349256097215";"-71.61129117863712"
"8295-1";"JOSE MIGUEL CARRERA VERDUGO 1053 LOTES 1 2 Y 3 COMUNA SAN ANTONIO";"SAN ANTONIO";"05- REGION DE VALPARAÍSO";"-33.60948826734173";"-71.60070755254984"
"1330-15";"ALMIRANTE MANUEL BLANCO ENCALADA 860 COMUNA SAN ANTONIO";"SAN ANTONIO";"05- REGION DE VALPARAÍSO";"-33.587985542391756";"-71.61028458658008"
"2823-24";"PATRIA 1836 LOTE 1A, 1B, 1C, 1D, 1E, 1F, 1G Y 1H COMUNA SAN ANTONIO";"SAN ANTONIO";"05- REGION DE VALPARAÍSO";"-33.59609071530914";"-71.6112155181683"
"6200-16";"MANUEL RODRIGUEZ ERDOIZA NUMERO 40 EX CALLE ENRIQUETA NUMERO ONCE COMUNA SAN ANTONIO";"SAN ANTONIO";"05- REGION DE VALPARAÍSO";"-33.57981873880725";"-71.61425342820502"
"4324-1";"CACIQUE MILLACURA COMUNA SAN ANTONIO";"SAN ANTONIO";"05- REGION DE VALPARAÍSO";"-33.603539595490126";"-71.61228845932713"
"8501-17";"EL ARRAYAN 1270 MANZANA 10 LOTE B COMUNA SAN ANTONIO";"SAN ANTONIO";"05- REGION DE VALPARAÍSO";"-33.61570412659186";"-71.6204323496417"
"7097-25";"NUEVA BRUSELAS SIN NUMERO LOTE 8 COMUNA SAN ANTONIO";"SAN ANTONIO";"05- REGION DE VALPARAÍSO";"-33.5688210035232";"-71.6063213371547"
"4122-6";"RAMON BARROS LUCO 2394 MANZANA 46 LOTE 7 COMUNA SAN ANTONIO";"SAN ANTONIO";"05- REGION DE VALPARAÍSO";"-33.60274722331977";"-71.6134225998299"
"4324-2";"VICENTE POBLETE 312 (304) COMUNA SAN ANTONIO";"SAN ANTONIO";"05- REGION DE VALPARAÍSO";"-33.603585811317586";"-71.61114406113259"
"151-9";"PUENTE AREVALO 834 CASA 4 COMUNA SAN ANTONIO";"SAN ANTONIO";"05- REGION DE VALPARAÍSO";"-33.57584047836624";"-71.60291808464453"
"8157-1";"MERCEDES NORTE 1823 EX 162 COMUNA SAN ANTONIO";"SAN ANTONIO";"05- REGION DE VALPARAÍSO";"-33.612267319074626";"-71.61655318512581"
"9038-3";"DE SAN ANTONIO A CARTAGENA SIN NUMERO LOTE 14 COMUNA SAN ANTONIO";"SAN ANTONIO";"05- REGION DE VALPARAÍSO";"-33.568493691177274";"-71.62274492683075"
"9039-21";"ANTONIO NUNEZ DE FONCECA 2375 MANZANA G SITIO 5 COMUNA SAN ANTONIO";"SAN ANTONIO";"05- REGION DE VALPARAÍSO";"-33.568669219197496";"-71.6232828185684"
"8201-4";"ARRAYAN 507 COMUNA SAN ANTONIO";"SAN ANTONIO";"05- REGION DE VALPARAÍSO";"-33.615160606098904";"-71.62072319431172"
"8170-14";"JOSE MIGUEL CARRERA NUMERO 590 COMUNA SAN ANTONIO";"SAN ANTONIO";"05- REGION DE VALPARAÍSO";"-33.61005046916133";"-71.60780221435317"
"1822-35";"RAMON BARROS LUCO 1390 CON CALLE CUATRO NORTE COMUNA SAN ANTONIO";"SAN ANTONIO";"05- REGION DE VALPARAÍSO";"-33.59149874923101";"-71.61257076184907"
"8327-15";"LOS CLAVELES 554 BLOCK 2 DEPARTAMENTO 43 COMUNA SAN ANTONIO";"SAN ANTONIO";"05- REGION DE VALPARAÍSO";"-33.61593442992732";"-71.61856601651438"
"6815-8";"CAMILO HENRRIQUEZ NUMERO 230 EX NUMERO 17 COMUNA SAN ANTONIO";"SAN ANTONIO";"05- REGION DE VALPARAÍSO";"-33.576269273418745";"-71.61201557722553"
"1530-1";"IGNACIO VICUNA COMUNA SAN ANTONIO";"SAN ANTONIO";"05- REGION DE VALPARAÍSO";"-33.5890190525641";"-71.60934338229191"
"8018-28";"SAN PEDRO SIN NUMERO MANZANA C SITIO 5 COMUNA SAN ANTONIO";"SAN ANTONIO";"05- REGION DE VALPARAÍSO";"-33.60792283390926";"-71.6103150639993"
"3017-1";"RAMON BARROS LUCO 1945 MANZANA 25 LOTE 1 COMUNA SAN ANTONIO";"SAN ANTONIO";"05- REGION DE VALPARAÍSO";"-33.597350020271286";"-71.6138919756034"
"59-2";"SEGUNDO PLAZA SIN NUMERO COMUNA SAN ANTONIO";"SAN ANTONIO";"05- REGION DE VALPARAÍSO";"-33.576596027688545";"-71.60717965003566"
"8220-18";"CHILE 170 MANZANA 100 SITIO 868 COMUNA SAN ANTONIO";"SAN ANTONIO";"05- REGION DE VALPARAÍSO";"-33.611171385365004";"-71.60842723161447"
"3223-18";"LUIS ALBERTO ARAYA 2048 LOTE 28 COMUNA SAN ANTONIO";"SAN ANTONIO";"05- REGION DE VALPARAÍSO";"-33.59822600779302";"-71.61258748997984"
"1520-11";"ANGAMOS 1194 LOTE 5-B COMUNA SAN ANTONIO";"SAN ANTONIO";"05- REGION DE VALPARAÍSO";"-33.58933789652657";"-71.61420766810055"
"9041-4";"ANTONIO NUNEZ FONCECA EX CAMINO SAN ANTONIO CARTAGENA LOTE 2-A COMUNA SAN ANTONIO";"SAN ANTONIO";"05- REGION DE VALPARAÍSO";"-33.56771443257475";"-71.62348236633916"
"3220-15";"CARABINEROS DE CHILE 76 LOTE 1A Y 1-B MANZANA 28 COMUNA SAN ANTONIO";"SAN ANTONIO";"05- REGION DE VALPARAÍSO";"-33.59815855334737";"-71.61483709724888"
"2623-1";"EL MOLO SECTOR BARRANCAS 70 MANZANA 19 COMUNA SAN ANTONIO";"SAN ANTONIO";"05- REGION DE VALPARAÍSO";"-33.59567978884367";"-71.61201261600182"
"9039-28";"5 SIN NUMERO MANZANA D SITIO 3 COMUNA SAN ANTONIO";"SAN ANTONIO";"05- REGION DE VALPARAÍSO";"-33.56999397353493";"-71.62249925334906"
"2222-8";"RAMON BARROS LUCO 1598 MANZANA 12 SITIO 8 LOTE 1 Y 2 COMUNA SAN ANTONIO";"SAN ANTONIO";"05- REGION DE VALPARAÍSO";"-33.59355017148904";"-71.61277397066401"
"2823-16";"PATRIA 1831 MANZANA 23 LOTE 2 COMUNA SAN ANTONIO";"SAN ANTONIO";"05- REGION DE VALPARAÍSO";"-33.59650568875894";"-71.6113855532927"
"3020-8";"JUAN LUIS SANFUENTES 1987 COMUNA SAN ANTONIO";"SAN ANTONIO";"05- REGION DE VALPARAÍSO";"-33.5977201221695";"-71.61448268311007"
"2823-21";"LA MARINA SECTOR BARRANCAS 1870 COMUNA SAN ANTONIO";"SAN ANTONIO";"05- REGION DE VALPARAÍSO";"-33.596547464325724";"-71.61194517239917"
"2222-10";"DOS NORTE 68 LOTE 2 COMUNA SAN ANTONIO";"SAN ANTONIO";"05- REGION DE VALPARAÍSO";"-33.59358274775618";"-71.61249570210043"
"29-15";"COLON 593 MANZANA 24 SITIO MITAD 12 COMUNA QUINTERO";"QUINTERO";"05- REGION DE VALPARAÍSO";"-32.77184274349057";"-71.53580308171215"
"110-21";"LUIS ORIONE 626 LOTE C COMUNA QUINTERO";"QUINTERO";"05- REGION DE VALPARAÍSO";"-32.78655019464754";"-71.5323792834603"
"213-2";"LITORAL DE LOS POETAS SIN NUMERO COMUNA EL TABO";"EL TABO";"05- REGION DE VALPARAÍSO";"-33.453370108891605";"-71.67331980933429"
"206-13";"IGNACIO CARRERA PINTO 764 MANZANA 21 LOTE 13 COMUNA QUINTERO";"QUINTERO";"05- REGION DE VALPARAÍSO";"-32.793304664577235";"-71.53378888799556"
"39-29";"LUIS COUSINO 896 LOTE 2 COMUNA QUINTERO";"QUINTERO";"05- REGION DE VALPARAÍSO";"-32.7746420568618";"-71.53227211883998"
"203-60";"DANIEL ZAMORA SIN NUMERO COMUNA QUINTERO";"QUINTERO";"05- REGION DE VALPARAÍSO";"-32.79330378188971";"-71.52953171586117"
"39-22";"HERMANOS CARRERA SIN NUMERO LOTE 1 COMUNA QUINTERO";"QUINTERO";"05- REGION DE VALPARAÍSO";"-32.77458851031271";"-71.53263382508094"
"218-66";"VENTANA QUINTERO SIN NUMERO COMUNA PUCHUNCAVI";"PUCHUNCAVI";"05- REGION DE VALPARAÍSO";"-32.746948826276494";"-71.47530525931896"
"216-78";"VENTANA A QUINTERO COMUNA PUCHUNCAVI";"PUCHUNCAVI";"05- REGION DE VALPARAÍSO";"-32.747668743930355";"-71.47819379915362"
"620-128";"AVENIDA EL PERAL RUTA G-98-F SIN NUMERO COMUNA EL TABO";"EL TABO";"05- REGION DE VALPARAÍSO";"-33.50181193042025";"-71.60678563872129"
"313-6";"ERRAZURIZ SIN NUMERO COMUNA EL TABO";"EL TABO";"05- REGION DE VALPARAÍSO";"-33.45372288440353";"-71.67262440808992"
"650-124";"FRANCISCO PALAU SITIO 3 COMUNA EL TABO";"EL TABO";"05- REGION DE VALPARAÍSO";"-33.46289389018197";"-71.65390930048122"
"335-34/335-9";"DAGOBERTO GODOY SIN NUMERO LOTE 1-A LOTE 1-B LOTE 2 LOTE 3-A LOTE 3-B COMUNA EL TABO";"EL TABO";"05- REGION DE VALPARAÍSO";"-33.4922528830735";"-71.63364438859207"
"670-264 Y 670-265";"ARMANDO CELIS SIN NUMERO LOTES NUMEROS 1, 2, 3, 5, 6 Y 7 COMUNA EL TABO";"EL TABO";"05- REGION DE VALPARAÍSO";"-33.45116811596235";"-71.66408749092342"
"70-21";"NEPTUNO SIN NUMERO COMUNA EL QUISCO";"EL QUISCO";"05- REGION DE VALPARAÍSO";"-33.394219224115";"-71.70106079677137"
"3233-3";"DIEZ 484 MANZANA 22 LOTE A COMUNA CONCON";"CONCON";"05- REGION DE VALPARAÍSO";"-32.92233979464788";"-71.51295777744095"
"3456-19";"COSTANERA SIN NUMERO COMUNA CONCON";"CONCON";"05- REGION DE VALPARAÍSO";"-32.932453720170066";"-71.5381561068369"
"4303-6";"FERNANDO CALVO Y SEXTA Y SEPTIMA ORIENTE LOTES 1, 2, 3, 4 Y 5 COMUNA CARTAGENA";"CARTAGENA";"05- REGION DE VALPARAÍSO";"-33.52384197519885";"-71.59885274535662"
"2004-10";"JOSE ARELLANO SIN NUMERO MAZANA 5 SITIO 10 COMUNA CARTAGENA";"CARTAGENA";"05- REGION DE VALPARAÍSO";"-33.541195185675384";"-71.6000596625945"
"2009-13";"LAS CARABELAS SIN NUMERO MANZANA 10 SITIO 13 COMUNA CARTAGENA";"CARTAGENA";"05- REGION DE VALPARAÍSO";"-33.539588341704494";"-71.59907846243819"
"2009-14";"LAS CARABELAS SIN NUMERO MANZANA 10 SITIO 14 COMUNA CARTAGENA";"CARTAGENA";"05- REGION DE VALPARAÍSO";"-33.539470297324364";"-71.59906751273192"
"2011-11";"JOSE ARELLANO RIVAS SIN NUMERO MANZANA 12 SITIO 11 COMUNA CARTAGENA";"CARTAGENA";"05- REGION DE VALPARAÍSO";"-33.54082501376564";"-71.59970292649979"
"2009-20";"LOS NAVIOS SIN NUMERO MANZANA 1 SITIO 20 COMUNA CARTAGENA";"CARTAGENA";"05- REGION DE VALPARAÍSO";"-33.538138260588255";"-71.59876137248476"
"2010-19";"LAS CARABELAS SIN NUMERO MANZANA 11 SITIO 19 COMUNA CARTAGENA";"CARTAGENA";"05- REGION DE VALPARAÍSO";"-33.540032695865";"-71.59919341413959"
"1061-0004";"SCOLARI 8 COMUNA CARTAGENA";"CARTAGENA";"05- REGION DE VALPARAÍSO";"-33.55329890103276";"-71.61166629361966"
"2009-4";"LOS NAVIOS SIN NUMERO MANZANA 10 SITIO 4 COMUNA CARTAGENA";"CARTAGENA";"05- REGION DE VALPARAÍSO";"-33.53870180513876";"-71.59878772592782"
"2010-14";"LAS CARABELAS SIN NUMERO MANZANA 11 SITIO 14 COMUNA CARTAGENA";"CARTAGENA";"05- REGION DE VALPARAÍSO";"-33.54058238034944";"-71.59933728574993"
"2010-13";"LAS CARABELAS SIN NUMERO MANZANA 11 SITIO 13 COMUNA CARTAGENA";"CARTAGENA";"05- REGION DE VALPARAÍSO";"-33.540718463002776";"-71.59937607003943"
"2004-11";"JOSE ARELLANO RIVAS SIN NUMERO MANZANA 5 SITIO 11 COMUNA CARTAGENA";"CARTAGENA";"05- REGION DE VALPARAÍSO";"-33.54137965215588";"-71.60006941495944"
"4140-2";"EL PERAL SIN NUMERO LOTE B COMUNA CARTAGENA";"CARTAGENA";"05- REGION DE VALPARAÍSO";"-33.53136661372883";"-71.59516907487505"
"2010-20";"LAS CARABELAS SIN NUMERO MANZANA 11 SITIO 20 COMUNA CARTAGENA";"CARTAGENA";"05- REGION DE VALPARAÍSO";"-33.539924931156946";"-71.59916496429157"
"2009-3";"LOS VELEROS SIN NUMERO MANZANA 10 SITIO 3 COMUNA CARTAGENA";"CARTAGENA";"05- REGION DE VALPARAÍSO";"-33.538528600423504";"-71.59873757506553"
"2010-16";"LAS CARABELAS SIN NUMERO MANZANA 11 SITIO 16 COMUNA CARTAGENA";"CARTAGENA";"05- REGION DE VALPARAÍSO";"-33.54035598605821";"-71.59927876196858"
"2009-2";"LAS CARABELAS SIN NUMERO MANZANA 10 SITIO 2 COMUNA CARTAGENA";"CARTAGENA";"05- REGION DE VALPARAÍSO";"-33.538519664145106";"-71.59888039137662"
"877-14";"CRESCENTE ERRAZURIZ 1126-B COMUNA CARTAGENA";"CARTAGENA";"05- REGION DE VALPARAÍSO";"-33.548596645552834";"-71.5936916326909"
"2001-10";"JOSE ARELLANO RIVAS SIN NUMERO MANZANA 12 SITIO 10 COMUNA CARTAGENA";"CARTAGENA";"05- REGION DE VALPARAÍSO";"-33.54071227503894";"-71.5996837966865"
"2010-18";"LAS CARABELAS SIN NUMERO MANZANA 11 SITIO 18 COMUNA CARTAGENA";"CARTAGENA";"05- REGION DE VALPARAÍSO";"-33.54014045953731";"-71.59922186309643"
"SIN ROL";"COSTANERA DEL MAR SIN NUMERO LOTE 4 COMUNA CARTAGENA";"CARTAGENA";"05- REGION DE VALPARAÍSO";"-33.533529299181126";"-71.59948600914048"
"2000-56";"CALLE LOS BERGANTINES 162 MANZANA 1 SITIO 56 COMUNA CARTAGENA";"CARTAGENA";"05- REGION DE VALPARAÍSO";"-33.54018498278376";"-71.59790146375386"
"2003-11";"JOSE ARELLANO SIN NUMERO MANZANA 4 SITIO 11 COMUNA CARTAGENA";"CARTAGENA";"05- REGION DE VALPARAÍSO";"-33.541123259968344";"-71.59967839855412"
"2011-9";"JOSE ARELLANO RIVAS SIN NUMERO MANZANA 12 SITIO 9 COMUNA CARTAGENA";"CARTAGENA";"05- REGION DE VALPARAÍSO";"-33.54060090515028";"-71.59966664996212"
"1099-9";"RUTA G-98-F INTERIOR LOTE B COMUNA CARTAGENA";"CARTAGENA";"05- REGION DE VALPARAÍSO";"-33.53560585121098";"-71.58840499233932"
"2011-4";"LAS CARABELAS SIN NUMERO MANZANA 12 SITIO 4 COMUNA CARTAGENA";"CARTAGENA";"05- REGION DE VALPARAÍSO";"-33.54002977081176";"-71.59948244370112"
"1001-27";"COSTANERA DEL MAR SIN NUMERO LOTE 12 COMUNA CARTAGENA";"CARTAGENA";"05- REGION DE VALPARAÍSO";"-33.542234345921244";"-71.60184348285387"
"2009-11";"LOS NAVIOS SIN NUMERO MANZANA 10 SITIO 11 COMUNA CARTAGENA";"CARTAGENA";"05- REGION DE VALPARAÍSO";"-33.53948339138174";"-71.59884916404731"
"1099-9";"LO ABARCA LOTE A COMUNA CARTAGENA";"CARTAGENA";"05- REGION DE VALPARAÍSO";"-33.53365862285782";"-71.58884783200742"
"2006-13";"JOSE ARELLANO RIVAS SIN NUMERO MANZANA 7 SITIO 13 COMUNA CARTAGENA";"CARTAGENA";"05- REGION DE VALPARAÍSO";"-33.539401808738425";"-71.59999887948972"
"1001-40";"COSTANERA DEL MAR SIN NUMERO LOTE 15 COMUNA CARTAGENA";"CARTAGENA";"05- REGION DE VALPARAÍSO";"-33.53900711832349";"-71.60114922978048"
"1001-37";"IGNACIO CARRERA PINTO SIN NUMERO LOTE 5 COMUNA CARTAGENA";"CARTAGENA";"05- REGION DE VALPARAÍSO";"-33.53633473917803";"-71.59633096684323"
"SIN ROL";"JOSE ARELLANO RIVAS SIN NUMERO LOTE 1 COMUNA CARTAGENA";"CARTAGENA";"05- REGION DE VALPARAÍSO";"-33.53744953333429";"-71.59919486853836"
"2000-23";"LOS NAVIOS SIN NUMERO MANZANA 1 SITIO 23 COMUNA CARTAGENA";"CARTAGENA";"05- REGION DE VALPARAÍSO";"-33.53777560434014";"-71.59871185108038"
"2009-24";"LOS NAVIOS SIN NUMERO MANZANA 1 SITIO 24 COMUNA CARTAGENA";"CARTAGENA";"05- REGION DE VALPARAÍSO";"-33.5376434135284";"-71.59865813819573"
"2009-6";"LOS NAVIOS SIN NUMERO MANZANA 10 SITIO 6 COMUNA CARTAGENA";"CARTAGENA";"05- REGION DE VALPARAÍSO";"-33.53892470398638";"-71.59880578291806"
"2009-10";"LOS NAVIOS SIN NUMERO MANZANA 10 SITIO 10 COMUMA CARTAGENA";"CARTAGENA";"05- REGION DE VALPARAÍSO";"-33.5393714894743";"-71.59884219036171"
"2009-9";"LOS NAVIOS SIN NUMERO MANZANA 10 SITIO 9 COMUN A CARTAGENA";"CARTAGENA";"05- REGION DE VALPARAÍSO";"-33.53926002818995";"-71.59883300924119"
"2009-7";"LOS NAVIOS SIN NUMERO MANZANA 10 SITIO 7 COMUNA CARTAGENA";"CARTAGENA";"05- REGION DE VALPARAÍSO";"-33.539036639777464";"-71.59881500963954"
"1001-13";"COSTANERA DEL MAR LOTE A-1 (EX LOTE 13) Y LOTE A2 COMUNA CARTAGENA";"CARTAGENA";"05- REGION DE VALPARAÍSO";"-33.54018772132603";"-71.60100223880698"
"2009-8";"LOS NAVIOS SIN NUMERO MANZANA 10 SITIO 8 COMUNA CARTAGENA";"CARTAGENA";"05- REGION DE VALPARAÍSO";"-33.539148614995334";"-71.59882431694768"
"2000-21";"LOS NAVIOS SIN NUMERO MANZANA 1 SITIO 21 COMUNA CARTAGENA";"CARTAGENA";"05- REGION DE VALPARAÍSO";"-33.538017375482625";"-71.59874486503732"
"550-580";"HUMEDAL CARTAGENA COSTANERA DEL MAR SIN NUMERO LOTE 2 COMUNA CARTAGENA";"CARTAGENA";"05- REGION DE VALPARAÍSO";"-33.53492843439568";"-71.60224970188675"
"1001-22";"COSTANERA DEL MAR SECTOR PLAYA GRANDE LOTE 10 COMUNA CARTAGENA";"CARTAGENA";"05- REGION DE VALPARAÍSO";"-33.54132054573975";"-71.60106022910384"
"2010-15";"LAS CARABELAS SIN NUMERO MANZANA 11 SITIO 15 COMUNA CARTAGENA";"CARTAGENA";"05- REGION DE VALPARAÍSO";"-33.54046782483863";"-71.59930899439962"
"2009-16";"LAS CARABELAS SIN NUMERO MANZANA 10 SITIO 16 COMUNA CARTAGENA";"CARTAGENA";"05- REGION DE VALPARAÍSO";"-33.539250179119804";"-71.59905766949956"
"2009-17";"LAS CARABELAS SIN NUMERO MANZANA 10 SITIO 17 COMUNA CARTAGENA";"CARTAGENA";"05- REGION DE VALPARAÍSO";"-33.53913784312527";"-71.59905195578494"
"1001-43/1001-44/1001-45/1001-46/1001-47/1001-48/1001-49";"COSTANERA DEL MAR 124 LOTE 14 (A-2) COMUNA CARTAGENA";"CARTAGENA";"05- REGION DE VALPARAÍSO";"-33.54034495931782";"-71.60181932205384"
"550-580";"HUMEDAL CARTAGENA COSTANERA DEL MAR SIN NUMERO LOTE 3 COMUNA CARTAGENA";"CARTAGENA";"05- REGION DE VALPARAÍSO";"-33.53550798575098";"-71.60162128812554"
"2272-8";"CATEMU SIN NUMERO LOTE 160-A MANZANA J COMUNA VINA DEL MAR";"VINA DEL MAR";"05- REGION DE VALPARAÍSO";"-33.01035267016443";"-71.51053629820844"
"160-180";"SAN MARTIN 928 COMUNA VINA DEL MAR";"VINA DEL MAR";"05- REGION DE VALPARAÍSO";"-33.01265936620558";"-71.55292484636851"
"1112-149";"VON SCHROEDERS 493 COMUNA VINA DEL MAR";"VINA DEL MAR";"05- REGION DE VALPARAÍSO";"-33.027478563943696";"-71.56204521398645"
"1437-5";"ELQUI 7O POBLACION BUENOS AMIGOS COMUNA VINA DEL MAR";"VINA DEL MAR";"05- REGION DE VALPARAÍSO";"-33.03970381867505";"-71.54114433926613"
"1573-10";"DEL CERRO 2632 COMUNA VINA DEL MAR";"VINA DEL MAR";"05- REGION DE VALPARAÍSO";"-33.037689491504125";"-71.53188373159549"
"160-159";"SAN MARTIN BODEGA N 59 Y N 928 COMUNA VINA DEL MAR";"VINA DEL MAR";"05- REGION DE VALPARAÍSO";"-33.01265936620558";"-71.55292484636851"
"477-144";"PRINCIPAL SIN NUMERO LOTE 129 A COMUNA VINA DEL MAR";"VINA DEL MAR";"05- REGION DE VALPARAÍSO";"-33.030345891917165";"-71.51946056841246"
"1062-14";"COQUIMBO MANZANA G SITIO 190 COMUNA VINA DEL MAR";"VINA DEL MAR";"05- REGION DE VALPARAÍSO";"-33.0431052691082";"-71.56706963585772"
"2466-462";"TRES NORTE 4462 LOTE 211 COMUNA VINA DEL MAR";"VINA DEL MAR";"05- REGION DE VALPARAÍSO";"-32.995932728538584";"-71.5180279376801"
"1050-122";"HUMACAO SIN NUMERO VINA DEL MAR";"VINA DEL MAR";"05- REGION DE VALPARAÍSO";"-33.04693566811702";"-71.56583831770628"
"2360-9";"ALESSANDRI SIN NUMERO RESTO DEL PREDIO 8 LOTE 4 COMUNA VINA DEL MAR";"VINA DEL MAR";"05- REGION DE VALPARAÍSO";"-33.00118132385362";"-71.51532490016135"
"703-406";"LIMACHE SIN NUMERO LOTE 7 COMUNA VINA DEL MAR";"VINA DEL MAR";"05- REGION DE VALPARAÍSO";"-33.03604865837486";"-71.52672314854489"
"2292-25";"COLO COLO SIN NUMERO COMUNA VINA DEL MAR";"VINA DEL MAR";"05- REGION DE VALPARAÍSO";"-33.011011677203875";"-71.51312291028907"
"1239-1";"SIMON BOLIVAR 415 COMUNA VINA DEL MAR";"VINA DEL MAR";"05- REGION DE VALPARAÍSO";"-33.03062320723916";"-71.54369061846627"
"35-21";"QUILLOTA 198 COMUNA VINA DEL MAR";"VINA DEL MAR";"05- REGION DE VALPARAÍSO";"-33.02128987867467";"-71.54699155555808"
"886-7";"CONDELL 100 COMUNA VINA DEL MAR";"VINA DEL MAR";"05- REGION DE VALPARAÍSO";"-33.02709911788206";"-71.57473120150412"
"144-92";"SAN MARTIN 821 DEPARTAMENTO 1208 COMUNA VINA DEL MAR";"VINA DEL MAR";"05- REGION DE VALPARAÍSO";"-33.01370730867294";"-71.55509298124217"
"646-207";"ARLEGUI 160 DEPARTAMENTO 802 COMUNA VINA DEL MAR";"VINA DEL MAR";"05- REGION DE VALPARAÍSO";"-33.022876304541";"-71.560405501785"
"46-11";"TRES NORTE 247 DEPARTAMENTO 24-A COMUNA VINA DEL MAR";"VINA DEL MAR";"05- REGION DE VALPARAÍSO";"-33.01949504590143";"-71.55655172706156"
"2467-466";"CINCO SUR COMUNA VINA DEL MAR";"VINA DEL MAR";"05- REGION DE VALPARAÍSO";"-32.99289309863499";"-71.52139921045435"
"646-397";"ARLEGUI 160 ESTACIONAMIENTO 34 COMUNA VINA DEL MAR";"VINA DEL MAR";"05- REGION DE VALPARAÍSO";"-33.022876304541";"-71.560405501785"
"2282-29, 2282-30, 2282-31 Y 2282-32";"ANTONIO FERNANDEZ SIN NUMERO LOTE 1, LOTE 2, LOTE 3, Y LOTE 4 COMUNA VINA DEL MAR";"VINA DEL MAR";"05- REGION DE VALPARAÍSO";"-33.00735447675649";"-71.51129578891002"
"652-9";"QUILLOTA COMUNA VINA DEL MAR";"VINA DEL MAR";"05- REGION DE VALPARAÍSO";"-33.02491919319048";"-71.54944186330744"
"2469-902 / 2469-903 / 2469-904";"VEINTITRES PONIENTE LOTE 1 COMUNA VINA DEL MAR";"VINA DEL MAR";"05- REGION DE VALPARAÍSO";"-32.990494335748565";"-71.52650126968543"
"667-4";"VIANA 131 COMUNA VINA DEL MAR";"VINA DEL MAR";"05- REGION DE VALPARAÍSO";"-33.024730842804104";"-71.56111202220202"
"2223-21";"LOS RANUNCULOS SIN NUMERO COMUNA VINA DEL MAR";"VINA DEL MAR";"05- REGION DE VALPARAÍSO";"-33.01490337396711";"-71.4993081623983"
"59-10";"LOS CASTANOS 297 COMUNA VINA DEL MAR";"VINA DEL MAR";"05- REGION DE VALPARAÍSO";"-33.020561562096944";"-71.5414762083265"
"2462-440";"SIN NOMBRE LOTE 203 COMUNA VINA DEL MAR";"VINA DEL MAR";"05- REGION DE VALPARAÍSO";"-32.997569380353816";"-71.5150961257103"
"2469-954";"22 PONIENTE 5728 LOTE 3 COMUNA VINA DEL MAR";"VINA DEL MAR";"05- REGION DE VALPARAÍSO";"-32.98992765835068";"-71.52599563001155"
"280-3 280-155";"19 NORTE 2155 MANZANA 33 SITIO 1 Y 2 COMUNA VINA DEL MAR";"VINA DEL MAR";"05- REGION DE VALPARAÍSO";"-33.005635776751014";"-71.54252443093583"
"1223-18";"ALVAREZ 1182 AL 1210 COMUNA VINA DEL MAR";"VINA DEL MAR";"05- REGION DE VALPARAÍSO";"-33.02811594255509";"-71.54601121554805"
"646-396";"ARLEGUI 160 ESTACIONAMIENTO 33 COMUNA VINA DEL MAR";"VINA DEL MAR";"05- REGION DE VALPARAÍSO";"-33.022876304541";"-71.560405501785"
"4659-812";"ESMERALDA SIN NUMERO COMUNA VINA DEL MAR";"VINA DEL MAR";"05- REGION DE VALPARAÍSO";"-32.99377575751974";"-71.50331652651526"
"2466-461/2466-468/2466-469";"PACIFICO 4321 LOTE 1 2 Y 3 COMUNA VINA DEL MAR";"VINA DEL MAR";"05- REGION DE VALPARAÍSO";"-32.99461496420506";"-71.51693881386332"
"3705-2";"SAN PEDRO DE ATACAMA SIN NUMERO LOTE 2 COMUNA VINA DEL MAR";"VINA DEL MAR";"05- REGION DE VALPARAÍSO";"-33.00218511277367";"-71.48998318846667"
"2360-8/2360-17/2360-18";"ALESSANDRI SIN NUMERO RESTO DEL PREDIO 8 LOTE 3 COMUNA VINA DEL MAR";"VINA DEL MAR";"05- REGION DE VALPARAÍSO";"-33.002009729829496";"-71.51643367091079"
"1521-308";"ALVAREZ 1926 TORRE X DEPARTAMENTO 26 COMUNA VINA DEL MAR";"VINA DEL MAR";"05- REGION DE VALPARAÍSO";"-33.03134441266541";"-71.53647830880725"
"646-398";"ARLEGUI 160 ESTACIONAMIENTO 35 COMUNA VINA DEL MAR";"VINA DEL MAR";"05- REGION DE VALPARAÍSO";"-33.023265658980186";"-71.56048662354696"
"1221-25";"BLEST GANA 384 Y 398 LOTE 1 Y 2 COMUNA VINA DEL MAR";"VINA DEL MAR";"05- REGION DE VALPARAÍSO";"-33.02875238506604";"-71.54848576278296"
"2469-666";"19 PONIENTE 5843 LOTE 2 COMUNA VINA DEL MAR";"VINA DEL MAR";"05- REGION DE VALPARAÍSO";"-32.99053128029196";"-71.5252237748091"
"886-7";"CONDELL 154 COMUNA VINA DEL MAR";"VINA DEL MAR";"05- REGION DE VALPARAÍSO";"-33.027566691512156";"-71.57452308718659"
"8023-12";"SUBIDA EL SUACE O AVENIDA AMUNATEGUI SIN NUMERO COMUNA VINA DEL MAR";"VINA DEL MAR";"05- REGION DE VALPARAÍSO";"-33.028579690588394";"-71.5855269347874"
"708-1";"LIMACHE 4755 EL SALTO COMUNA VINA DEL MAR";"VINA DEL MAR";"05- REGION DE VALPARAÍSO";"-33.05308358097807";"-71.49941576792133"
"90-38";"LIBERTAD 428 COMUNA VINA DEL MAR";"VINA DEL MAR";"05- REGION DE VALPARAÍSO";"-33.01816035161493";"-71.55024289852476"
"609-20";"VON SCHROEDERS 150 COMUNA VINA DEL MAR";"VINA DEL MAR";"05- REGION DE VALPARAÍSO";"-33.023167537821514";"-71.56144731445352"
"80-36";"CASTANOS 377 PISO 1 Y 2 COMUNA VINA DEL MAR";"VINA DEL MAR";"05- REGION DE VALPARAÍSO";"-33.01870923441381";"-71.54081003151548"
"2023-66";"RANCAGUA PROYECTADA COMUNA VINA DEL MAR";"VINA DEL MAR";"05- REGION DE VALPARAÍSO";"-33.02918517003462";"-71.50776794890349"
"2476-452";"POBLACION ALEJANDRO NAVARRETE MANZANA F11 LOTE 4 COMUNA VINA DEL MAR";"VINA DEL MAR";"05- REGION DE VALPARAÍSO";"-32.985040976182255";"-71.53369890168747"
"2380-22";"CARLOS IBANEZ DEL CAMPO SIN NUMERO LOTES A, B, C Y D COMUNA VINA DEL MAR";"VINA DEL MAR";"05- REGION DE VALPARAÍSO";"-33.01345216990233";"-71.50002959666274"
"2130-1";"CURIMON SIN NUMERO LOTE 1 LOTE 2 LOTE 3 LOTE 4 LOTE 5 LOTE 6 LOTE 7 LOTE 8 COMUNA VINA DEL MA";"VINA DEL MAR";"05- REGION DE VALPARAÍSO";"-33.01720965510874";"-71.4939587013114"
"2170-17";"AUGUSTO DHALMAR SIN NUMERO COMUNA VINA DEL MAR";"VINA DEL MAR";"05- REGION DE VALPARAÍSO";"-33.0210997700363";"-71.49234046705007"
"704-41 704-42";"ENLACE LAS PALMAS RUTA 60 CH LOTE 9-1 Y 9-A-1 COMUNA VINA DEL MAR";"VINA DEL MAR";"05- REGION DE VALPARAÍSO";"-33.047824544090396";"-71.51050221537861"
"104-19";"LUIS BARROS BORGONO 16 LOTE 23 COMUNA VINA DEL MAR";"VINA DEL MAR";"05- REGION DE VALPARAÍSO";"-33.01650842722211";"-71.55469382291156"
"2442-69";"PADRE ALBERTO HURTADO DEPARTAMENTO 209 COMUNA VINA DEL MAR";"VINA DEL MAR";"05- REGION DE VALPARAÍSO";"-33.01811366040665";"-71.52317873607883"
"2360-14/2360-19";"ALESSANDRI SIN NUMERO RESTO DEL PREDIO 9 LOTE 9B COMUNA VINA DEL MAR";"VINA DEL MAR";"05- REGION DE VALPARAÍSO";"-33.00379879518116";"-71.5181055008479"
"2473-1";"ALESSANDRI 4169 LOTE 2 COMUNA VINA DEL MAR";"VINA DEL MAR";"05- REGION DE VALPARAÍSO";"-32.99930571030819";"-71.51080328651474"
"185-1";"12 NORTE 1059-A DP 10, 11, 20, 21, 30, 31, 40 Y 41; 12 NORTE 1059-B DP 10, 11, 20, 21, 30, 31";"VINA DEL MAR";"05- REGION DE VALPARAÍSO";"-33.011545188515605";"-71.55120548135244"
"366-15";"LAS LLOICAS SIN NUMERO COMUNA VINA DEL MAR";"VINA DEL MAR";"05- REGION DE VALPARAÍSO";"-33.0057260537284";"-71.52702741424831"
"2415-2";"EL ESPINO NUMERO 3660 LOTE 93 LOTE 1 Y 2 COMUNA VINA DEL MAR";"VINA DEL MAR";"05- REGION DE VALPARAÍSO";"-33.02332944341617";"-71.51445017155059"
"22-34";"DOS NORTE 17 COMUNA VINA DEL MAR";"VINA DEL MAR";"05- REGION DE VALPARAÍSO";"-33.02017352613889";"-71.55981603899824"
"2309-1";"ESTANISLAO LOAIZA LOTE 1 Y 2 COMUNA VINA DEL MAR";"VINA DEL MAR";"05- REGION DE VALPARAÍSO";"-33.0070999477074";"-71.51442234259402"
"1502-593";"LAGO ELLI SIN NUMERO LOTE 1 Y 2 COMUNA VINA DEL MAR";"VINA DEL MAR";"05- REGION DE VALPARAÍSO";"-33.05523519445636";"-71.53512559439037"
"2440-90";"CIRCUNVALACION NORTE SIN NUMERO LOTE 1 Y 2 COMUNA VINA DEL MAR";"VINA DEL MAR";"05- REGION DE VALPARAÍSO";"-33.01859837356508";"-71.51979711781517"
"SIN ROL";"INTERNACIONAL SIN NUMERO MANZANA H SITIO 2 COMUNA VINA DEL MAR";"VINA DEL MAR";"05- REGION DE VALPARAÍSO";"-33.005412888444816";"-71.52723268071318"
"2284-16";"CARLOS IBANEZ DEL CAMPO 1000 COMUNA VINA DEL MAR";"VINA DEL MAR";"05- REGION DE VALPARAÍSO";"-33.0073084896379";"-71.50781276417045"
"2472-311";"GOMEZ CARRENO ESQUINA INDICO LOTE 236-A COMUNA VINA DEL MAR";"VINA DEL MAR";"05- REGION DE VALPARAÍSO";"-32.996910341240586";"-71.51931416605014"
"615-1/612-3/612-4";"CALLAO 398 IBERIA 252 COMUNA VINA DEL MAR";"VINA DEL MAR";"05- REGION DE VALPARAÍSO";"-33.020477537838055";"-71.56398640576559"
"324-4";"19 NORTE SIN NUMERO LOTE A-1 COMUNA VINA DEL MAR";"VINA DEL MAR";"05- REGION DE VALPARAÍSO";"-33.002197315244246";"-71.54666586067832"
"366-42/366-43";"SANTA INES MANZANA I LOTE 1 COMUNA VINA DEL MAR";"VINA DEL MAR";"05- REGION DE VALPARAÍSO";"-33.006098178718396";"-71.52530281774901"
"SIN ROL";"INTERNACIONAL MANZANA H SITIO 1 COMUNA VINA DEL MAR";"VINA DEL MAR";"05- REGION DE VALPARAÍSO";"-33.00509441750461";"-71.52886115169417"
"123-104";"BELLAVISTA SIN NUMERO COMUNA ALGARROBO";"ALGARROBO";"05- REGION DE VALPARAÍSO";"-33.366879815047795";"-71.6794299997516"
"422-4";"LOS CARRERA 1709 LOTE 5 COMUNA QUILPUE";"QUILPUE";"05- REGION DE VALPARAÍSO";"-33.04838409597018";"-71.42820583522065"
"416-11";"LAUTARO 820 LOTE 2 COMUNA QUILPUE";"QUILPUE";"05- REGION DE VALPARAÍSO";"-33.04764163140727";"-71.43416704024253"
"3721-198";"PASAJE 610 NUMERO 986 COMUNA QUILPUE";"QUILPUE";"05- REGION DE VALPARAÍSO";"-33.05882654552752";"-71.41502606089453"
"34-41";"VENECIA 2114 COMUNA QUILPUE";"QUILPUE";"05- REGION DE VALPARAÍSO";"-33.03592889604567";"-71.43165083854335"
"3720-152";"LOS EUCALIPTUS COMUNA QUILPUE";"QUILPUE";"05- REGION DE VALPARAÍSO";"-33.06293215022492";"-71.40303487308884"
"521-16";"COVADONGA 868 COMUNA QUILPUE";"QUILPUE";"05- REGION DE VALPARAÍSO";"-33.0505768550298";"-71.44128209307969"
"311-8";"FREIRE 989 COMUNA QUILPUE";"QUILPUE";"05- REGION DE VALPARAÍSO";"-33.044949709865094";"-71.43886775386571"
"775-2";"CALLE COOPERACION 290 LOTES 1 Y 2 COMUNA QUILPUE";"QUILPUE";"05- REGION DE VALPARAÍSO";"-33.043705128104186";"-71.47100107619497"
"3305-16";"EL BELLOTO 17 LOTE A2 COMUNA QUILPUE";"QUILPUE";"05- REGION DE VALPARAÍSO";"-33.042102677517825";"-71.40782443014582"
"348-75";"EL COBRE SIN NUMERO COMUNA QUILPUE";"QUILPUE";"05- REGION DE VALPARAÍSO";"-33.04205196473428";"-71.42811860575796"
"3355-89";"LOS CLAVELES 185 LOTE 42 COMUNA QUILPUE";"QUILPUE";"05- REGION DE VALPARAÍSO";"-33.034513276595185";"-71.40097891048411"
"351-24";"ZENTENO 790 CASI ESQUINA BLANCO LOCAL NUMERO 1 COMUNA QUILPUE";"QUILPUE";"05- REGION DE VALPARAÍSO";"-33.046068811794285";"-71.43893767881308"
"721-15";"VERGARA 172 COMUNA QUILPUE";"QUILPUE";"05- REGION DE VALPARAÍSO";"-33.04405988997115";"-71.46636033005508"
"3603-16";"SAN FANCISCO DE ASIS Y PAICAVI COMUNA QUILPUE";"QUILPUE";"05- REGION DE VALPARAÍSO";"-33.05190497763875";"-71.46602870532438"
"1297-1";"MARGA MARGA SIN NUMERO LOTE A COMUNA QUILPUE";"QUILPUE";"05- REGION DE VALPARAÍSO";"-33.062774687754114";"-71.42364689549092"
"74-10";"BAQUEDANO 2260 LOTE 9 COMUNA QUILPUE";"QUILPUE";"05- REGION DE VALPARAÍSO";"-33.03408302007325";"-71.43174019573036"
"791-6";"BASSO NUMERO DOS 562 COMUNA QUILPUE";"QUILPUE";"05- REGION DE VALPARAÍSO";"-33.048968162334766";"-71.46193225025021"
"3624-35";"MARGA MARGA 2204 LOTE 40205 COMUNA QUILPUE";"QUILPUE";"05- REGION DE VALPARAÍSO";"-33.06300475677538";"-71.42413104698963"
"346-43";"LAS PALMAS COMUNA QUILPUE";"QUILPUE";"05- REGION DE VALPARAÍSO";"-33.04240240944161";"-71.43184164033276"
"3362-15";"VENEZUELA 1237 COMUNA QUILPUE";"QUILPUE";"05- REGION DE VALPARAÍSO";"-33.04358410658916";"-71.41455809127469"
"3353-29";"LOS NARANJOS 623 LOTE 23 COMUNA QUILPUE";"QUILPUE";"05- REGION DE VALPARAÍSO";"-33.03876891752123";"-71.3998761354001"
"422-1";"TRONCAL NUMERO 1710 LOTE 2 COMUNA QUILPUE";"QUILPUE";"05- REGION DE VALPARAÍSO";"-33.04826780304498";"-71.42819647659654"
"3501-10";"COLINA DE ORO SIN NUMERO LOTE Q1 COMUNA QUILPUE";"QUILPUE";"05- REGION DE VALPARAÍSO";"-33.06331435635638";"-71.43632698238382"
"783-2";"PHILLIPI 337 MANZANA 11 SITIO 18 AL 21 COMUNA QUILPUE";"QUILPUE";"05- REGION DE VALPARAÍSO";"-33.04921345020649";"-71.45983755198061"
"663-25";"GASTON OSSA S/N COMUNA QUILPUE";"QUILPUE";"05- REGION DE VALPARAÍSO";"-33.03951701419228";"-71.4851952297949"
"3353-22";"PLAYA ANCHA 698 COMUNA QUILPUE";"QUILPUE";"05- REGION DE VALPARAÍSO";"-33.03815196259235";"-71.400148778904"
"3624-33";"MARGA MARGA 2204 LOTE 28-1 COMUNA QUILPUE";"QUILPUE";"05- REGION DE VALPARAÍSO";"-33.062874875045246";"-71.42420490929659"
"1177-11";"DOCTOR SALAS Y SAN MARTIN LOTE 1 Y 2 COMUNA QUILPUE";"QUILPUE";"05- REGION DE VALPARAÍSO";"-33.054645838832606";"-71.43359307511584"
"348-45";"EL COBRE 285 COMUNA QUILPUE";"QUILPUE";"05- REGION DE VALPARAÍSO";"-33.04189397916784";"-71.4277693598353"
"862-221";"RIO MAULE 224 COMUNA VILLA ALEMANA";"VILLA ALEMANA";"05- REGION DE VALPARAÍSO";"-33.04590029577762";"-71.3442363491847"
"801-407";"SAN DIEGO 2310 COMUNA VILLA ALEMANA";"VILLA ALEMANA";"05- REGION DE VALPARAÍSO";"-33.03113978110083";"-71.39253131083953"
"SIN ROL";"SEXTA SIN NUMERO INTERIOR LOTE A-35 COMUNA VILLA ALEMANA";"VILLA ALEMANA";"05- REGION DE VALPARAÍSO";"-33.04208851252954";"-71.36269106079175"
"SIN ROL";"BAQUEDANO SIN NUMERO INTERIOR LOTE A-29 COMUNA VILLA ALEMANA";"VILLA ALEMANA";"05- REGION DE VALPARAÍSO";"-33.041914261783184";"-71.36034365248427"
"SIN ROL";"BAQUEDANO SIN NUMERO INTERIOR LOTE A-22 COMUNA VILLA ALEMANA";"VILLA ALEMANA";"05- REGION DE VALPARAÍSO";"-33.04168983268713";"-71.35758430658987"
"165-41";"LIMA 505 COMUNA VILLA ALEMANA";"VILLA ALEMANA";"05- REGION DE VALPARAÍSO";"-33.0369297929791";"-71.37127239875745"
"313-957";"RIQUELME SIN NUMERO LOTE A-13 COMUNA VILLA ALEMANA";"VILLA ALEMANA";"05- REGION DE VALPARAÍSO";"-33.041498927894395";"-71.35517630905166"
"907-11";"LOS EUCALIPTUS COMUNA VILLA ALEMANA";"VILLA ALEMANA";"05- REGION DE VALPARAÍSO";"-33.051461289814405";"-71.38513402841541"
"336-3";"ANIBAL PINTO SIN NUMERO MANZANA 9-A LOTE 1 COMUNA VILLA ALEMANA";"VILLA ALEMANA";"05- REGION DE VALPARAÍSO";"-33.05217543779065";"-71.35930993985508"
"93-2";"LONDRES 773 AL 785 COMUNA VILLA ALEMANA";"VILLA ALEMANA";"05- REGION DE VALPARAÍSO";"-33.041824773721245";"-71.37451890456454"
"SIN ROL";"BAQUEDANO SIN NUMERO INTERIOR LOTE A-31 COMUNA VILLA ALEMANA";"VILLA ALEMANA";"05- REGION DE VALPARAÍSO";"-33.04197354457567";"-71.36104100078185"
"800-204";"CRISOL NUMERO 120 COMUNA VILLA ALEMANA";"VILLA ALEMANA";"05- REGION DE VALPARAÍSO";"-33.04138706240873";"-71.39727802542156"
"SIN ROL";"BAQUEDANO SIN NUMERO INTERIOR LOTE A-32 COMUNA VILLA ALEMANA";"VILLA ALEMANA";"05- REGION DE VALPARAÍSO";"-33.0420159029774";"-71.36140477888598"
"543-11";"BAQUEDANO 304 COMUNA VILLA ALEMANA";"VILLA ALEMANA";"05- REGION DE VALPARAÍSO";"-33.03945734666909";"-71.35089144836417"
"550-25";"BAQUEDANO NUMERO 1090 COMUNA VILLA ALEMANA";"VILLA ALEMANA";"05- REGION DE VALPARAÍSO";"-33.043521873283346";"-71.36299084020908"
"SIN ROL";"BAQUEDANO SIN NUMERO INTERIOR LOTE A-28 COMUNA VILLA ALEMANA";"VILLA ALEMANA";"05- REGION DE VALPARAÍSO";"-33.04188278398942";"-71.35993534787718"
"SIN ROL";"BAQUEDANO SIN NUMERO INTERIOR LOTE A-18 COMUNA VILLA ALEMANA";"VILLA ALEMANA";"05- REGION DE VALPARAÍSO";"-33.04160989305461";"-71.3567857708397"
"70-2";"CONCEPCION 1040 COMUNA VILLA ALEMANA";"VILLA ALEMANA";"05- REGION DE VALPARAÍSO";"-33.04217001033893";"-71.37775594229618"
"SIN ROL";"BAQUEDANO 756 INTERIOR LOTE A-23 COMUNA VILLA ALEMANA";"VILLA ALEMANA";"05- REGION DE VALPARAÍSO";"-33.041743703767786";"-71.35835673875464"
"SIN ROL";"BAQUEDANO SIN NUMERO INTERIOR PARTE LOTE A-22 COMUNA VILLA ALEMANA";"VILLA ALEMANA";"05- REGION DE VALPARAÍSO";"-33.04169713290299";"-71.35782985218495"
"SIN ROL";"BAQUEDANO SIN NUMERO INTERIOR LOTE A-17 COMUNA VILLA ALEMANA";"VILLA ALEMANA";"05- REGION DE VALPARAÍSO";"-33.04158530204955";"-71.3564078167087"
"SIN ROL";"BAQUEDANO SIN NUMERO INTERIOR LOTE A-34 COMUNA VILLA ALEMANA";"VILLA ALEMANA";"05- REGION DE VALPARAÍSO";"-33.042095622939435";"-71.3622737560337"
"SIN ROL";"BAQUEDANO SIN NUMERO INTERIOR LOTE A-33 COMUNA VILLA ALEMANA";"VILLA ALEMANA";"05- REGION DE VALPARAÍSO";"-33.04205765585503";"-71.36182720953425"
"SIN ROL";"BAQUEDANO SIN NUMERO INTERIOR PARTE LOTE A-22 COMUNA VILLA ALEMANA";"VILLA ALEMANA";"05- REGION DE VALPARAÍSO";"-33.041694988597875";"-71.35747119070525"
"SIN ROL";"BAQUEDANO SIN NUMERO INTERIOR LOTE A-19 COMUNA VILLA ALEMANA";"VILLA ALEMANA";"05- REGION DE VALPARAÍSO";"-33.041666586085455";"-71.35729649187155"
"429-20";"EL PUENTE 2140 MANZANA 9 SITIO 6 COMUNA VILLA ALEMANA";"VILLA ALEMANA";"05- REGION DE VALPARAÍSO";"-33.06374345596158";"-71.36823281019261"
"229-8";"BAQUEDANO 1151 Y VICTORIA 50 LOTE 1-A 1-B 1-C COMUNA VILLA ALEMANA";"VILLA ALEMANA";"05- REGION DE VALPARAÍSO";"-33.04506255254528";"-71.36396437992985"
"SIN ROL";"QUINTA Y SEXTA SIN NUMERO LOTE A-37, A-38, A-39, A-40, A-41 Y A-42 COMUNA VILLA ALEMANA";"VILLA ALEMANA";"05- REGION DE VALPARAÍSO";"-33.04223918183968";"-71.36372350364466"
"SIN ROL";"BAQUEDANO SIN NUMERO INTERIOR PARTE LOTA-16 COMUNA VILLA ALEMANA";"VILLA ALEMANA";"05- REGION DE VALPARAÍSO";"-33.04173431337432";"-71.35621605078371"
"SIN ROL";"BAQUEDANO SIN NUMERO INTERIOR LOTE A-21 COMUNA VILLA ALEMANA";"VILLA ALEMANA";"05- REGION DE VALPARAÍSO";"-33.04180823912048";"-71.35743169908733"
"229-8";"BAQUEDANO 1151 LOTE 2 COMUNA VILLA ALEMANA";"VILLA ALEMANA";"05- REGION DE VALPARAÍSO";"-33.044160460195954";"-71.36359098758726"
"3063-1";"CARCEL 491 LOTE 3A COMUNA VALPARAISO";"VALPARAISO";"05- REGION DE VALPARAÍSO";"-33.04639736810542";"-71.6275248840052"
"3063-3";"CARCEL 491 LOTE 3B COMUNA VALPARAISO";"VALPARAISO";"05- REGION DE VALPARAÍSO";"-33.046835258478296";"-71.6282261752269"
"3063-2";"CARCEL 491 LOTE 2 COMUNA VALPARAISO";"VALPARAISO";"05- REGION DE VALPARAÍSO";"-33.04582467911832";"-71.62705983095097"
"SIN ROL";"STRAUSS SIN NUMERO COMUNA VILLA ALEMANA";"VILLA ALEMANA";"05- REGION DE VALPARAÍSO";"-33.03682878909382";"-71.39432973900782"
"3110-5";"ALEMANIA NUMERO 5801 LOTE A COMUNA VALPARAISO";"VALPARAISO";"05- REGION DE VALPARAÍSO";"-33.05061312631657";"-71.62845369268797"
"3110-29";"CORNELIO GUZMAN SIN NUMERO LOITE B COMUNA VALPARAISO";"VALPARAISO";"05- REGION DE VALPARAÍSO";"-33.05023696330236";"-71.62864685149223"
"541-10";"ALBERTO HURTADO 434 LOTE N-1 COMUNA CONCEPCION";"CONCEPCION";"08- REGION DEL BIOBIO";"-36.83107873095564";"-73.05976522037066"
"4133-4";"PATRIA NUEVA 404 COMUNA HUALPEN";"HUALPEN";"08- REGION DEL BIOBIO";"-36.79156867462366";"-73.09156376241823"
"5318-21";"COLON 9922 CERRO VERDE COMUNA HUALPEN";"HUALPEN";"08- REGION DEL BIOBIO";"-36.80715633945677";"-73.08087436492838"
"4868-18";"SUIZA 2310 COMUNA HUALPEN";"HUALPEN";"08- REGION DEL BIOBIO";"-36.77815351433573";"-73.10959545650158"
"5260-3";"HUNGRIA 2899 SITIOS 1 2 Y 3 COMUNA HUALPEN";"HUALPEN";"08- REGION DEL BIOBIO";"-36.78460558890786";"-73.11568251377123"
"5012-3";"GRAN BRETANA ESQUINA YOGOSLAVIA COMUNA HUALPEN";"HUALPEN";"08- REGION DEL BIOBIO";"-36.78176907723037";"-73.11195323618523"
"6056-45";"PATRIA NUEVA 1105 COMUNA HUALPEN";"HUALPEN";"08- REGION DEL BIOBIO";"-36.79212012905445";"-73.1003282768137"
"1425-2";"CAMINO PUBLICO DE CONCEPCION A CHIGUAYANTE COMUNA CHIGUAYANTE";"CHIGUAYANTE";"08- REGION DEL BIOBIO";"-36.869667663037646";"-73.04315358617868"
"2984-3";"BERGANTIN ARAUCO MANZANA SITIO 2 COMUNA CHIGUAYANTE";"CHIGUAYANTE";"08- REGION DEL BIOBIO";"-36.92934849944222";"-73.02742716628764"
"SIN ROL";"BILBAO 2222 LOTE A-4 POBLACION LOS BOLDOS COMUNA CHIGUAYANTE";"CHIGUAYANTE";"08- REGION DEL BIOBIO";"-36.911492657587836";"-73.03512013730231"
"1386-7";"FRANCISCO ENCINA 2662 LOTE 16 COMUNA CHIGUAYANTE";"CHIGUAYANTE";"08- REGION DEL BIOBIO";"-36.86462505204671";"-73.0423138181282"
"1425-2";"CAMINO PUBLICO DE CONCEPCION A CHIGUAYANTE KILOMETRO 66 AL 67 FFCC DE SAN ROSENDO A CONCEPCIO";"CHIGUAYANTE";"08- REGION DEL BIOBIO";"-36.8650287670777";"-73.04640963692162"
"2779-1";"LA MARINA 519 COMUNA CHIGUAYANTE";"CHIGUAYANTE";"08- REGION DEL BIOBIO";"-36.926168719146474";"-73.02965482386675"
"2984-3";"BERGANTIN ARAUCO MANZANA SITIO 1 COMUNA CHIGUAYANTE";"CHIGUAYANTE";"08- REGION DEL BIOBIO";"-36.929420786374024";"-73.0276972989741"
"1425-2";"CAMINO PUBLICO CONCEPCION A CHIGUAYANTE KILOMETRO 66 AL 67 FFCC DE SAN ROSENDO A CONCEPCION M";"CHIGUAYANTE";"08- REGION DEL BIOBIO";"-36.8644606372174";"-73.0453039005182"
"2779-3";"CHIGUAY 543 COMUNA CHIGUAYANTE";"CHIGUAYANTE";"08- REGION DEL BIOBIO";"-36.92621040151048";"-73.02904706938865"
"SIN ROL";"BILBAO 2216 LOTE A-3 POBLACION LOS BOLDOS COMUNA CHIGUAYANTE";"CHIGUAYANTE";"08- REGION DEL BIOBIO";"-36.911518580164525";"-73.03499042495365"
"12016-1";"PEDRO AGUIRRE CERDA 680 SAN PEDRO VIEJO COMUNA SAN PEDRO DE LA PAZ";"SAN PEDRO DE LA PAZ";"08- REGION DEL BIOBIO";"-36.839042084597814";"-73.08629354843859"
"13062-2";"CALLE EJERCITO 895 ESQUINA PASAJE CAPITAN TRIZANO COMUNA SAN PEDRO DE LA PAZ";"SAN PEDRO DE LA PAZ";"08- REGION DEL BIOBIO";"-36.82724995440356";"-73.12650067075515"
"13096-21";"LOS TULIPANES 978 MANZANA C LOTE 21 COMUNA SAN PEDRO DE LA PAZ";"SAN PEDRO DE LA PAZ";"08- REGION DEL BIOBIO";"-36.824323954666504";"-73.1329956313531"
"52-45";"PAICAVI 33 PISO 3 DEPARTAMENTO 313 COMUNA CONCEPCION";"CONCEPCION";"08- REGION DEL BIOBIO";"-36.82753647453199";"-73.03969867935592"
"3272-20";"LOS SAUCES ESQUINA PACES DE QUILIN VILLA SAN PEDRO COMUNA SAN PEDRO DE LA PAZ";"SAN PEDRO DE LA PAZ";"08- REGION DEL BIOBIO";"-36.843064290097246";"-73.10276482669681"
"12428-2";"LOS MAQUIS 60 LOTE 3 COMUNA SAN PEDRO DE LA PAZ";"SAN PEDRO DE LA PAZ";"08- REGION DEL BIOBIO";"-36.84239310335935";"-73.11420411480695"
"140-70";"DIAGONAL PEDRO AGUIRRE CERDA 1090 DEPARTAMENTO 302 COMUNA CONCEPCION";"CONCEPCION";"08- REGION DEL BIOBIO";"-36.825973921220715";"-73.04409755892345"
"12680-1";"LAS VIOLETAS ESQUINA ENRIQUE SORO COMUNA SAN PEDRO DE LA PAZ";"SAN PEDRO DE LA PAZ";"08- REGION DEL BIOBIO";"-36.832973333559394";"-73.10162291400545"
"12738-2";"PASAJE LAS TORCAZAS 2060 BARRIO CANDELARIA COMUNA SAN PEDRO DE LA PAZ";"SAN PEDRO DE LA PAZ";"08- REGION DEL BIOBIO";"-36.83606490244693";"-73.11993097084208"
"14948-17";"CALLE UNO 140 MANZANA C LOTE 1 FUNDO SAN FELIPE COMUNA SAN PEDRO DE LA PAZ";"SAN PEDRO DE LA PAZ";"08- REGION DEL BIOBIO";"-36.83396035292965";"-73.13571342852131"
"12681-1";"CALLE LOS PENSAMIENTOS MANZANA LOTE 1 Y 2 COMUNA SAN PEDRO DE LA PAZ";"SAN PEDRO DE LA PAZ";"08- REGION DEL BIOBIO";"-36.83270429140929";"-73.09860690349633"
"570-25";"TUCAPEL 1252 COMUNA CONCEPCION";"CONCEPCION";"08- REGION DEL BIOBIO";"-36.816996612863605";"-73.05054653650028"
"12016-1";"PASAJE SARGENTO ALDEA 918 ESQUINA PASAJE LAS TORRES COMUNA SAN PEDRO DE LA PAZ";"SAN PEDRO DE LA PAZ";"08- REGION DEL BIOBIO";"-36.82668993842485";"-73.126884299619"
"249-31";"MAIPU 1973 COMUNA CONCEPCION";"CONCEPCION";"08- REGION DEL BIOBIO";"-36.81786760147538";"-73.03496589065567"
"52-44";"PAICAVI 33 PISO 3 DEPARTAMENTO 312 COMUNA CONCEPCION";"CONCEPCION";"08- REGION DEL BIOBIO";"-36.82753647453199";"-73.03969867935592"
"177-280";"ANIBAL PINTO 450 LOTE 40 COMUNA CONCEPCION";"CONCEPCION";"08- REGION DEL BIOBIO";"-36.826622568547535";"-73.04895882739676"
"177-12";"ANIBAL PINTO 450 PISO ENTREPISO LOTE 14 PISO 1 LOTE 14 COMUNA CONCEPCION";"CONCEPCION";"08- REGION DEL BIOBIO";"-36.82698091025487";"-73.04928744668314"
"321-292";"SALTO DEL LAJA SIN NUMERO COMUNA CONCEPCION";"CONCEPCION";"08- REGION DEL BIOBIO";"-36.82974646299706";"-73.00640089202295"
"6481-21";"CALLE FRAY JUAN SALGUERO 209 (EX PASAJE ONCE 289) COMUNA CONCEPCION";"CONCEPCION";"08- REGION DEL BIOBIO";"-36.793776205654304";"-73.0377644721332"
"544-0001";"CAMILO HENRIQUEZ 2505 (EX-505) COMUNA CONCEPCION";"CONCEPCION";"08- REGION DEL BIOBIO";"-36.80926861573301";"-73.03467307117327"
"190-6";"JUAN BOSCO 2026 LOTE 1A2 COMUNA CONCEPCION";"CONCEPCION";"08- REGION DEL BIOBIO";"-36.81827247560608";"-73.03320121599661"
"177-229";"ANIBAL PINTO 450 LOTE 48 COMUNA CONCEPCION";"CONCEPCION";"08- REGION DEL BIOBIO";"-36.8266908699616";"-73.04907381980156"
"177-292";"ANIBAL PINTO 450 LOTE 66 COMUNA CONCEPCION";"CONCEPCION";"08- REGION DEL BIOBIO";"-36.82652787811927";"-73.04873202324292"
"140-68";"DIAGONAL PEDRO AGUIRRE CERDA 1068 DEPARTAMENTO 504 COMUNA CONCEPCION";"CONCEPCION";"08- REGION DEL BIOBIO";"-36.825973215884545";"-73.04409695380495"
"4031-81";"PROVIDENCIA 279 MANZANA PARCELA 22 SITIO 80 COMUNA CONCEPCION";"CONCEPCION";"08- REGION DEL BIOBIO";"-36.83840349528729";"-73.0073271103568"
"101-14";"SAN MARTIN 1062 COMUNA CONCEPCION";"CONCEPCION";"08- REGION DEL BIOBIO";"-36.82659426943065";"-73.04386940578867"
"1176-19";"GABRIELA MISTRAL LOTE A COMUNA CONCEPCION";"CONCEPCION";"08- REGION DEL BIOBIO";"-36.84522578521493";"-73.05522640152424"
"150-0010";"VALENTIN LETELIER 359 COMUNA CONCEPCION";"CONCEPCION";"08- REGION DEL BIOBIO";"-36.82226035308401";"-73.0357855540103"
"1305-195";"AVENIDA LAGUNA REDONDA 2310 COMUNA CONCEPCION";"CONCEPCION";"08- REGION DEL BIOBIO";"-36.81003267456768";"-73.06689937661207"
"321-291";"TOLTEN 47 VALLE NONGUEN COMUNA CONCEPCION";"CONCEPCION";"08- REGION DEL BIOBIO";"-36.82942692412141";"-73.00700950272841"
"SIN ROL";"DIAGONAL PEDRO AGUIRRE CERDA 1150 MANZANA 868 LOTE 22 COMUNA CONCEPCION";"CONCEPCION";"08- REGION DEL BIOBIO";"-36.82634142874591";"-73.04241579959783"
"95-1";"RENGO 240 LOTE 1 COMUNA CONCEPCION";"CONCEPCION";"08- REGION DEL BIOBIO";"-36.82985290059597";"-73.05005890420311"
"137-71 Y 137-72";"OHIGGINS 740 SUBTERRANEO 1 Y SUBTERRANEO 2 COMUNA CONCEPCION";"CONCEPCION";"08- REGION DEL BIOBIO";"-36.82737237834482";"-73.04847731069277"
"143-0002";"SAN MARTIN 1207 DEPARTAMENTO 2 COMUNA CONCEPCION";"CONCEPCION";"08- REGION DEL BIOBIO";"-36.825275164335665";"-73.04197785477197"
"140-68";"DIAGONAL PEDRO AGUIRRE CERDA 1090 DEPARTAMENTO 202 COMUNA CONCEPCION";"CONCEPCION";"08- REGION DEL BIOBIO";"-36.82597374585291";"-73.0440970184309"
"SIN ROL";"JUAN DE VASCONES ESQUINA FRAY JUAN CASTILLO POBLACION TENIENTE MERINO 2 COMUNA CONCEPCION";"CONCEPCION";"08- REGION DEL BIOBIO";"-36.79124408055608";"-73.03981108736825"
"177-258";"ANIBAL PINTO 450 LOTE 3 COMUNA CONCEPCION";"CONCEPCION";"08- REGION DEL BIOBIO";"-36.82679947283951";"-73.04938260143813"
"541-9";"ALBERTO HURTADO 422 LOTE N-2 COMUNA CONCEPCION";"CONCEPCION";"08- REGION DEL BIOBIO";"-36.83135005621558";"-73.05958853103483"
"177-269";"ANIBAL PINTO 450 LOTE 14 COMUNA CONCEPCION";"CONCEPCION";"08- REGION DEL BIOBIO";"-36.82671724813912";"-73.0491856374514"
"177-222";"ANIBAL PINTO 450 LOTE 26 COMUNA CONCEPCION";"CONCEPCION";"08- REGION DEL BIOBIO";"-36.82675566239386";"-73.04922901215915"
"177-272";"ANIBAL PINTO 450 LOTE 32 COMUNA CONCEPCION";"CONCEPCION";"08- REGION DEL BIOBIO";"-36.82668236058551";"-73.04910207656552"
"177-289";"ANIBAL PINTO 450 LOTE 63 COMUNA CONCEPCION";"CONCEPCION";"08- REGION DEL BIOBIO";"-36.8265503048615";"-73.04878572626689"
"177-254";"ANIBAL PINTO 450 LOTE 86 COMUNA CONCEPCION";"CONCEPCION";"08- REGION DEL BIOBIO";"-36.826491536945966";"-73.04859630418937"
"177-260";"ANIBAL PINTO 450 LOTE 5 COMUNA CONCEPCION";"CONCEPCION";"08- REGION DEL BIOBIO";"-36.82678450339031";"-73.04934681821831"
"238-44";"FREIRE 877 AL 899 LOTE 34 COMUNA CONCEPCION";"CONCEPCION";"08- REGION DEL BIOBIO";"-36.82293132998133";"-73.04595496163019"
"244-29";"JANEQUEO 696 COMUNA CONCEPCION";"CONCEPCION";"08- REGION DEL BIOBIO";"-36.82056208218145";"-73.04191346421605"
"177-240";"ANIBAL PINTO 450 LOTE 59 COMUNA CONCEPCION";"CONCEPCION";"08- REGION DEL BIOBIO";"-36.82660865364114";"-73.04887685920163"
"651-23";"VICUNA MACKENNA 1130 BARRIO NORTE COMUNA CONCEPCION";"CONCEPCION";"08- REGION DEL BIOBIO";"-36.81321319737219";"-73.05130064461439"
"177-246";"ANIBAL PINTO 450 LOTE 78 COMUNA CONCEPCION";"CONCEPCION";"08- REGION DEL BIOBIO";"-36.82655133625075";"-73.04873959313683"
"177-209";"ANIBAL PINTO 450 LOTE 87 COMUNA CONCEPCION";"CONCEPCION";"08- REGION DEL BIOBIO";"-36.82666264676947";"-73.04917169181377"
"177-252";"ANIBAL PINTO 450 LOTE 84 COMUNA CONCEPCION";"CONCEPCION";"08- REGION DEL BIOBIO";"-36.82650649835409";"-73.04863214356578"
"177-247";"ANIBAL PINTO 450 LOTE 79 COMUNA CONCEPCION";"CONCEPCION";"08- REGION DEL BIOBIO";"-36.82654386849428";"-73.04872168474769"
"177-187";"ANIBAL PINTO 450 LOTE 90 COMUNA CONCEPCION";"CONCEPCION";"08- REGION DEL BIOBIO";"-36.82660735789321";"-73.04905141808842"
"177-15";"ANIBAL PINTO 450 LOTE 91 COMUNA CONCEPCION";"CONCEPCION";"08- REGION DEL BIOBIO";"-36.82658222483863";"-73.04897418668652"
"177-243";"ANIBAL PINTO 450 LOTE 75 COMUNA CONCEPCION";"CONCEPCION";"08- REGION DEL BIOBIO";"-36.826573770637545";"-73.04879330349728"
"100-0021";"COCHRANE 953 DEPARTAMENTO 12 COMUNA CONCEPCION";"CONCEPCION";"08- REGION DEL BIOBIO";"-36.82791439093196";"-73.04495107534875"
"177-308";"ANIBAL PINTO 450 LOTE 25 COMUNA CONCEPCION";"CONCEPCION";"08- REGION DEL BIOBIO";"-36.826763142954654";"-73.04924693205024"
"177-22";"ANIBAL PINTO 450 LOTE 100 COMUNA CONCEPCION";"CONCEPCION";"08- REGION DEL BIOBIO";"-36.826392718459815";"-73.0485159730783"
"177-3";"OHIGGINS 749 PISO 1 LOTE 21 PISO 2 LOTE 21 COMUNA CONCEPCION";"CONCEPCION";"08- REGION DEL BIOBIO";"-36.82686849343104";"-73.04875779009076"
"436-20";"JUAN MIGUEL GARCIA 260 LOTE 27 Y 29 COMUNA CONCEPCION";"CONCEPCION";"08- REGION DEL BIOBIO";"-36.80850796181579";"-73.0307389604166"
"145-23";"JANEQUEO 354 AL 360 LOTES 1A-1B-1C COMUNA CONCEPCION";"CONCEPCION";"08- REGION DEL BIOBIO";"-36.82394412544672";"-73.03974810867088"
"177-271";"ANIBAL PINTO 450 LOTE 31 COMUNA CONCEPCION";"CONCEPCION";"08- REGION DEL BIOBIO";"-36.82668983844808";"-73.04911997237026"
"177-286";"ANIBAL PINTO 450 LOTE 89 COMUNA CONCEPCION";"CONCEPCION";"08- REGION DEL BIOBIO";"-36.82663061347601";"-73.04910712708157"
"177-262";"ANIBAL PINTO 450 LOCAL 7 COMUNA CONCEPCION";"CONCEPCION";"08- REGION DEL BIOBIO";"-36.82676957895287";"-73.0493109961555"
"177-276";"ANIBAL PINTO 450 LOTE 36 COMUNA CONCEPCION";"CONCEPCION";"08- REGION DEL BIOBIO";"-36.826652458039675";"-73.04903045567178"
"177-1";"ANIBAL PINTO 402 PISO LOTE 19 PISO 1 Y ENTREPISO COMUNA CONCEPCION";"CONCEPCION";"08- REGION DEL BIOBIO";"-36.827150884640574";"-73.04918852313075"
"177-295";"ANIBAL PINTO 450 LOTE 69 COMUNA CONCEPCION";"CONCEPCION";"08- REGION DEL BIOBIO";"-36.82596543036027";"-73.04793480005094"
"177-210";"ANIBAL PINTO 450 LOTE 88 COMUNA CONCEPCION";"CONCEPCION";"08- REGION DEL BIOBIO";"-36.826651430968724";"-73.04914483381697"
"572-0001";"MARTINEZ DE ROZAS 201 COMUNA CONCEPCION";"CONCEPCION";"08- REGION DEL BIOBIO";"-36.823257466635965";"-73.05908760166382"
"177-293";"ANIBAL PINTO 450 LOTE 67 COMUNA CONCEPCION";"CONCEPCION";"08- REGION DEL BIOBIO";"-36.826520409639144";"-73.04871411341556"
"1360-27";"PASAJE C 2022 POBLACION TENIENTE MERINO I COMUNA CONCEPCION";"CONCEPCION";"08- REGION DEL BIOBIO";"-36.80501563836419";"-73.03977932335302"
"177-312";"ANIBAL PINTO 450 LOTE 4 COMUNA CONCEPCION";"CONCEPCION";"08- REGION DEL BIOBIO";"-36.826632978475004";"-73.04925176958375"
"177-282";"ANIBAL PINTO 450 LOTE 42 COMUNA CONCEPCION";"CONCEPCION";"08- REGION DEL BIOBIO";"-36.82660761391354";"-73.0489230092452"
"177-300";"ANIBAL PINTO 450 LOTE 17 COMUNA CONCEPCION";"CONCEPCION";"08- REGION DEL BIOBIO";"-36.82682293781499";"-73.04939017116331"
"177-310";"ANIBAL PINTO 450 LOTE 4 COMUNA CONCEPCION";"CONCEPCION";"08- REGION DEL BIOBIO";"-36.826791985903924";"-73.04936468943062"
"177-275";"ANIBAL PINTO 450 LOTE 35 COMUNA CONCEPCION";"CONCEPCION";"08- REGION DEL BIOBIO";"-36.82665992427439";"-73.04904836422452"
"177-265";"ANIBAL PINTO 450 LOTE 10 COMUNA CONCEPCION";"CONCEPCION";"08- REGION DEL BIOBIO";"-36.82674715318379";"-73.04925726888582"
"177-23";"ANIBAL PINTO 450 LOTE 101 COMUNA CONCEPCION";"CONCEPCION";"08- REGION DEL BIOBIO";"-36.826376074529705";"-73.04846346508705"
"177-268";"ANIBAL PINTO 450 LOTE 13 COMUNA CONCEPCION";"CONCEPCION";"08- REGION DEL BIOBIO";"-36.82672472318068";"-73.0492035437645"
"177-306";"ANIBAL PINTO 450 LOTE 23 COMUNA CONCEPCION";"CONCEPCION";"08- REGION DEL BIOBIO";"-36.82677808667073";"-73.04928272402678"
"177-301";"ANIBAL PINTO 450 LOTE 18 COMUNA CONCEPCION";"CONCEPCION";"08- REGION DEL BIOBIO";"-36.82681546820925";"-73.04937227775838"
"177-270";"ANIBAL PINTO 450 LOTE 15 COMUNA CONCEPCION";"CONCEPCION";"08- REGION DEL BIOBIO";"-36.826709761895955";"-73.04916770447593"
"177-294";"ANIBAL PINTO 450 LOTE 68 COMUNA CONCEPCION";"CONCEPCION";"08- REGION DEL BIOBIO";"-36.82651293463749";"-73.04869620697022"
"177-263";"ANIBAL PINTO 450 LOTE 8 COMUNA CONCEPCION";"CONCEPCION";"08- REGION DEL BIOBIO";"-36.8267621040745";"-73.04929308979834"
"177-264";"ANIBAL PINTO 450 LOTE 9 COMUNA CONCEPCION";"CONCEPCION";"08- REGION DEL BIOBIO";"-36.82675462907284";"-73.04927518335299"
"177-242";"ANIBAL PINTO 450 LOTE 74 COMUNA CONCEPCION";"CONCEPCION";"08- REGION DEL BIOBIO";"-36.82658124890828";"-73.04881119958876"
"177-17";"ANIBAL PINTO 450 LOTE 93 COMUNA CONCEPCION";"CONCEPCION";"08- REGION DEL BIOBIO";"-36.82650375990949";"-73.04878841374709"
"21330-1";"CAMINO PUBLICO DE CONCEPCION A PENCO LOTE B2 COMUNA CONCEPCION";"CONCEPCION";"08- REGION DEL BIOBIO";"-36.807177941090444";"-73.02274746850213"
"401-6";"LAS HERAS 171-177 COMUNA CONCEPCION";"CONCEPCION";"08- REGION DEL BIOBIO";"-36.82473643499967";"-73.05940612885826"
"321-145";"SALTO DEL LAJA 860 LOTE E-3 COMUNA CONCEPCION";"CONCEPCION";"08- REGION DEL BIOBIO";"-36.83032841438279";"-73.00636861512795"
"143-0002";"SAN MARTIN 1207 DEPARTAMENTO 1 COMUNA CONCEPCION";"CONCEPCION";"08- REGION DEL BIOBIO";"-36.82527516441633";"-73.04197785473711"
"143-0001";"SAN MARTIN 1201 COMUNA CONCEPCION";"CONCEPCION";"08- REGION DEL BIOBIO";"-36.8253368818133";"-73.04212258078957"
"102-55";"DIAGONAL PEDRO AGUIRRE CERDA 1150 DEPARTAMENTO 402 COMUNA CONCEPCION";"CONCEPCION";"08- REGION DEL BIOBIO";"-36.82634142874591";"-73.04241579959783"
"177-274";"ANIBAL PINTO 450 LOTE 34 COMUNA CONCEPCION";"CONCEPCION";"08- REGION DEL BIOBIO";"-36.82666739690127";"-73.04906625984988"
"177-303";"ANIBAL PINTO 450 LOTE 20 COMUNA CONCEPCION";"CONCEPCION";"08- REGION DEL BIOBIO";"-36.82680049359786";"-73.04933646405655"
"177-266";"ANIBAL PINTO 450 LOTE 11 COMUNA CONCEPCION";"CONCEPCION";"08- REGION DEL BIOBIO";"-36.82673967334721";"-73.04923935706064"
"177-223";"ANIBAL PINTO 450 LOTE 27 COMUNA CONCEPCION";"CONCEPCION";"08- REGION DEL BIOBIO";"-36.826748187229015";"-73.04921110575788"
"177-279";"ANIBAL PINTO 450 LOTE 39 COMUNA CONCEPCION";"CONCEPCION";"08- REGION DEL BIOBIO";"-36.82663003040767";"-73.04897672556487"
"177-310";"ANIBAL PINTO 450 LOTE 16 COMUNA CONCEPCION";"CONCEPCION";"08- REGION DEL BIOBIO";"-36.82683040822871";"-73.04940807221385"
"177-9";"ANIBAL PINTO 450 PISO ENTREPISO LOTE 8 PISO 1 LOTE 8 ENTREPISO COMUNA CONCEPCION";"CONCEPCION";"08- REGION DEL BIOBIO";"-36.826792573963004";"-73.04912041839997"
"177-278";"ANIBAL PINTO 450 LOTE 38 COMUNA CONCEPCION";"CONCEPCION";"08- REGION DEL BIOBIO";"-36.82663750779621";"-73.04899461361882"
"177-2, 177-4, 177-7, 177-8";"ANIBAL PINTO 450 PISO ENTREPISO LOTE 4 5 6 15 17 103 Y 104 PISO 1 LOTE 4 5 6 7 15 Y 18 COMUNA";"CONCEPCION";"08- REGION DEL BIOBIO";"-36.82693461072552";"-73.04927826478496"
"590-13";"CALLE SERRANO 1312 ESQUINA PRIETO";"CONCEPCION";"08- REGION DEL BIOBIO";"-36.82099626426911";"-73.06252919600517"
"143-0002";"SAN MARTIN 1207 DEPARTAMENTO 3 COMUNA CONCEPCION";"CONCEPCION";"08- REGION DEL BIOBIO";"-36.82527516441633";"-73.04197785473711"
"102-56";"DIAGONAL PEDRO AGUIRRE CERDA 1150 DEPARTAMENTO 501 COMUNA CONCEPCION";"CONCEPCION";"08- REGION DEL BIOBIO";"-36.82634142874591";"-73.04241579959783"
"102-57";"DIAGONAL PEDRO AGUIRRE CERDA 1150 DEPARTAMENTO 502 COMUNA CONCEPCION";"CONCEPCION";"08- REGION DEL BIOBIO";"-36.82634142874591";"-73.04241579959783"
"102-49";"DIAGONAL PEDRO AGUIRRE CERDA 1150 DEPARTAMENTO 102 COMUNA CONCEPCION";"CONCEPCION";"08- REGION DEL BIOBIO";"-36.82634142874591";"-73.04241579959783"
"102-26";"DIAGONAL PEDRO AGUIRRE CERDA 1150 DEPARTAMENTO 101 COMUNA CONCEPCION";"CONCEPCION";"08- REGION DEL BIOBIO";"-36.82634142874591";"-73.04241579959783"
"SIN ROL";"ESMERALDA SUR SIN NUMERO COMUNA CONCEPCION";"CONCEPCION";"08- REGION DEL BIOBIO";"-36.84048700966692";"-73.05910534955854"
"SIN ROL";"GENERAL OSCAR BONILLA LOTE 2 COMUNA CONCEPCION";"CONCEPCION";"08- REGION DEL BIOBIO";"-36.81119156729592";"-73.02549535526117"
"SIN ROL";"CAMINO PUBLICO DE CONCEPCION A PENCO LOTE D COMUNA CONCEPCION";"CONCEPCION";"08- REGION DEL BIOBIO";"-36.80484791780133";"-73.02500300836897"
"68-0048";"COCHRANE 740 DEPARTAMENTO 402 COMUNA CONCEPCION";"CONCEPCION";"08- REGION DEL BIOBIO";"-36.829335129812335";"-73.04728134590735"
"212-26";"PAICAVI 575 COMUNA CONCEPCION";"CONCEPCION";"08- REGION DEL BIOBIO";"-36.82260666234947";"-73.04297336993132"
"177-3";"OHIGGINS 749 LOTE 20 PISO 1 PISO 2 Y PISO 3 COMUNA CONCEPCION";"CONCEPCION";"08- REGION DEL BIOBIO";"-36.82707418512568";"-73.0490037669293"
"603-1";"PAICAVI 1320 LOTE 1 COMUNA CONCEPCION";"CONCEPCION";"08- REGION DEL BIOBIO";"-36.81465885154622";"-73.04687450981041"
"216-9";"BARROS ARANA 1685 COMUNA CONCEPCION";"CONCEPCION";"08- REGION DEL BIOBIO";"-36.82092069427724";"-73.0376927468614"
"206-134";"BARROS ARANA 645 DEPARTAMENTO 501 COMUNA CONCEPCION";"CONCEPCION";"08- REGION DEL BIOBIO";"-36.82622778329459";"-73.05052221515743"
"177-256";"ANIBAL PINTO 450 LOTE 1 COMUNA CONCEPCION";"CONCEPCION";"08- REGION DEL BIOBIO";"-36.82681442275643";"-73.04941841440234"
"558-1";"ARTURO PRAT 1245 LOTE 1 COMUNA CONCEPCION";"CONCEPCION";"08- REGION DEL BIOBIO";"-36.822471081939035";"-73.06420567049388"
"403-4";"LINCOYAN MANZANA LAS HERAS 337 ANGOL FONDO 940 COMUNA CONCEPCION";"CONCEPCION";"08- REGION DEL BIOBIO";"-36.82367193581724";"-73.05692123623977"
"177-20";"ANIBAL PINTO 450 LOTE 97 COMUNA CONCEPCION";"CONCEPCION";"08- REGION DEL BIOBIO";"-36.82644304183859";"-73.04863824005375"
"177-311";"ANIBAL PINTO 450 LOTE 96 COMUNA CONCEPCION";"CONCEPCION";"08- REGION DEL BIOBIO";"-36.82645542271205";"-73.04866811719054"
"177-255";"COLO COLO 451-B LOTE 103 COMUNA CONCEPCION";"CONCEPCION";"08- REGION DEL BIOBIO";"-36.82644850388815";"-73.04836563316192"
"177-257";"ANIBAL PINTO 450 LOTE 2 COMUNA CONCEPCION";"CONCEPCION";"08- REGION DEL BIOBIO";"-36.826806938882704";"-73.04940050529474"
"177-225";"ANIBAL PINTO 450 LOTE 29 COMUNA CONCEPCION";"CONCEPCION";"08- REGION DEL BIOBIO";"-36.82673323827741";"-73.0491753006907"
"177-281";"ANIBAL PINTO 450 LOTE 41 COMUNA CONCEPCION";"CONCEPCION";"08- REGION DEL BIOBIO";"-36.82661508967757";"-73.04894092347182"
"177-241";"ANIBAL PINTO 450 LOTE 60 COMUNA CONCEPCION";"CONCEPCION";"08- REGION DEL BIOBIO";"-36.826601172356185";"-73.0488589316943"
"177-228";"ANIBAL PINTO 450 LOTE 47 COMUNA CONCEPCION";"CONCEPCION";"08- REGION DEL BIOBIO";"-36.82669835146057";"-73.04909170546092"
"177-291";"ANIBAL PINTO 450 LOTE 65 COMUNA CONCEPCION";"CONCEPCION";"08- REGION DEL BIOBIO";"-36.82653533410806";"-73.04874989902522"
"309-740";"AVENIDA IGNACIO COLLAO 1602 COMUNA CONCEPCION";"CONCEPCION";"08- REGION DEL BIOBIO";"-36.822007439190784";"-73.00954550807175"
"177-3";"ANIBAL PINTO 450 ACCESO Y DEPARTAMENTO DE MAYORDOMO INTENDENCIA LOTE 1-A PISO 1 Y ENTREPISO P";"CONCEPCION";"08- REGION DEL BIOBIO";"-36.82665335941979";"-73.04950166467398"
"177-249";"ANIBAL PINTO 450 LOTE 81 COMUNA CONCEPCION";"CONCEPCION";"08- REGION DEL BIOBIO";"-36.826528917643735";"-73.04868584133074"
"177-251";"ANIBAL PINTO 450 LOTE 83 COMUNA CONCEPCION";"CONCEPCION";"08- REGION DEL BIOBIO";"-36.82651397734725";"-73.04865004728667"
"774-5";"ANIBAL PINTO 1860 COMUNA CONCEPCION";"CONCEPCION";"08- REGION DEL BIOBIO";"-36.81018338185592";"-73.05907070666014"
"143-10";"SAN MARTIN 1295 COMUNA CONCEPCION";"CONCEPCION";"08- REGION DEL BIOBIO";"-36.824959132524";"-73.04123878826027"
"21330-1";"CAMINO PUBLICO DE CONCEPCION A PENCO LOTE B1 COMUNA CONCEPCION";"CONCEPCION";"08- REGION DEL BIOBIO";"-36.804076377895136";"-73.02044301019461"
"177-236";"ANIBAL PINTO 450 LOTE 55 COMUNA CONCEPCION";"CONCEPCION";"08- REGION DEL BIOBIO";"-36.826638558726934";"-73.04894849034959"
"177-237";"ANIBAL PINTO 450 LOTE 56 COMUNA CONCEPCION";"CONCEPCION";"08- REGION DEL BIOBIO";"-36.82663108288192";"-73.048930576092"
"177-287";"ANIBAL PINTO 450 LOTE 61 COMUNA CONCEPCION";"CONCEPCION";"08- REGION DEL BIOBIO";"-36.826565260628236";"-73.04882155227278"
"177-24";"ANIBAL PINTO 442 LOTE 104 COMUNA CONCEPCION";"CONCEPCION";"08- REGION DEL BIOBIO";"-36.82675071322552";"-73.04946392953886"
"177-3";"ANIBAL PINTO 442 LOTE 17- PISO 1 Y PARTE LOTE 1 ENTREPISO COMUNA CONCEPCION";"CONCEPCION";"08- REGION DEL BIOBIO";"-36.826547843686264";"-73.04903397698497"
"177-5";"ANIBAL PINTO 442 ENTREPISO LOTE 103 Y LOTE 1 COMUNA CONCEPCION";"CONCEPCION";"08- REGION DEL BIOBIO";"-36.82672557738723";"-73.0494878106614"
"177-267";"ANIBAL PINTO 450 LOTE 12 COMUNA CONCEPCION";"CONCEPCION";"08- REGION DEL BIOBIO";"-36.826732193510615";"-73.04922144523546"
"177-305";"ANIBAL PINTO 450 LOTE 22 COMUNA CONCEPCION";"CONCEPCION";"08- REGION DEL BIOBIO";"-36.826785556347204";"-73.04930064618834"
"177-13";"ANIBAL PINTO 442 PISO 1 LOTE 15 Y ENTREPISO LOTE 15 COMUNA CONCEPCION";"CONCEPCION";"08- REGION DEL BIOBIO";"-36.82663063814974";"-73.04873333539032"
"177-230";"ANIBAL PINTO 450 LOTE 49 COMUNA CONCEPCION";"CONCEPCION";"08- REGION DEL BIOBIO";"-36.826683396650736";"-73.04905591624312"
"177-227";"ANIBAL PINTO 450 LOTE 46 COMUNA CONCEPCION";"CONCEPCION";"08- REGION DEL BIOBIO";"-36.82670582331505";"-73.04910962221126"
"177-238";"ANIBAL PINTO 450 LOTE 57 COMUNA CONCEPCION";"CONCEPCION";"08- REGION DEL BIOBIO";"-36.826623604011935";"-73.0489126721674"
"177-239";"ANIBAL PINTO 450 LOTE 58 COMUNA CONCEPCION";"CONCEPCION";"08- REGION DEL BIOBIO";"-36.82661613271525";"-73.04889476324549"
"177-298";"ANIBAL PINTO 450 LOTE 72 COMUNA CONCEPCION";"CONCEPCION";"08- REGION DEL BIOBIO";"-36.82648302956368";"-73.0486245704984"
"177-224";"ANIBAL PINTO 450 LOTE 28 COMUNA CONCEPCION";"CONCEPCION";"08- REGION DEL BIOBIO";"-36.82674071714737";"-73.04919320461565"
"177-307";"ANIBAL PINTO 450 LOTE 24 COMUNA CONCEPCION";"CONCEPCION";"08- REGION DEL BIOBIO";"-36.82677060928263";"-73.04926483597283"
"177-283";"ANIBAL PINTO 450 LOTE 43 COMUNA CONCEPCION";"CONCEPCION";"08- REGION DEL BIOBIO";"-36.82660012927597";"-73.0489050921955"
"177-226";"ANIBAL PINTO 450 LOTE 30 COMUNA CONCEPCION";"CONCEPCION";"08- REGION DEL BIOBIO";"-36.826725756788214";"-73.04915737306428"
"177-233";"ANIBAL PINTO 450 LOTE 52 COMUNA CONCEPCION";"CONCEPCION";"08- REGION DEL BIOBIO";"-36.82666097277562";"-73.04900218335405"
"177-288";"ANIBAL PINTO 450 LOTE 62 COMUNA CONCEPCION";"CONCEPCION";"08- REGION DEL BIOBIO";"-36.82655778546339";"-73.04880364587152"
"177-290";"ANIBAL PINTO 450 LOTE 64 COMUNA CONCEPCION";"CONCEPCION";"08- REGION DEL BIOBIO";"-36.82654281865943";"-73.04876779345462"
"177-299";"ANIBAL PINTO 450 LOTE 73 COMUNA CONCEPCION";"CONCEPCION";"08- REGION DEL BIOBIO";"-36.826475542665335";"-73.04860663665846"
"177-18";"ANIBAL PINTO 450 LOTE 94 COMUNA CONCEPCION";"CONCEPCION";"08- REGION DEL BIOBIO";"-36.82648332342437";"-73.04873544547252"
"177-248";"ANIBAL PINTO 450 LOTE 80 COMUNA CONCEPCION";"CONCEPCION";"08- REGION DEL BIOBIO";"-36.82653639796022";"-73.0487037608946"
"177-19";"ANIBAL PINTO 450 LOTE 95 COMUNA CONCEPCION";"CONCEPCION";"08- REGION DEL BIOBIO";"-36.826466570585254";"-73.04869501846683"
"177-21";"ANIBAL PINTO 450 LOTE 99 COMUNA CONCEPCION";"CONCEPCION";"08- REGION DEL BIOBIO";"-36.82641466479104";"-73.0485692632606"
"177-16";"ANIBAL PINTO 450 LOTE 92 COMUNA CONCEPCION";"CONCEPCION";"08- REGION DEL BIOBIO";"-36.82652795785017";"-73.04884875214073"
"177-25";"ANIBAL PINTO 460-A PISO 1 LOTE 2 COMUNA CONCEPCION";"CONCEPCION";"08- REGION DEL BIOBIO";"-36.82668749764081";"-73.04951151390026"
"177-250";"ANIBAL PINTO 450 LOTE 82 COMUNA CONCEPCION";"CONCEPCION";"08- REGION DEL BIOBIO";"-36.82652275659257";"-73.04866747325238"
"180-110";"TUCAPEL 482 LOTE 94 COMUNA CONCEPCION";"CONCEPCION";"08- REGION DEL BIOBIO";"-36.824813961727905";"-73.04592285419675"
"00049-00036";"CASTELLON 46 COMUNA CONCEPCION";"CONCEPCION";"08- REGION DEL BIOBIO";"-36.82971957305925";"-73.04386915342181"
"1352-23";"PASAJE 21 2030 TENIENTE MERINO 1 COMUNA CONCEPCION";"CONCEPCION";"08- REGION DEL BIOBIO";"-36.806129733506";"-73.04126507939183"
"102-53";"DIAGONAL PEDRO AGUIRRE CERDA 1150 DEPARTAMENTO 302 COMUNA CONCEPCION";"CONCEPCION";"08- REGION DEL BIOBIO";"-36.82634142874591";"-73.04241579959783"
"64-24";"LINCOYAN 156 PISOS 1 Y 2 COMUNA CONCEPCION";"CONCEPCION";"08- REGION DEL BIOBIO";"-36.83126477104949";"-73.05128230690569"
"SIN ROL";"PAICAVI MANZANA LOTE 3 COMUNA CONCEPCION";"CONCEPCION";"08- REGION DEL BIOBIO";"-36.812538286661066";"-73.04762486907836"
"102-51";"DIAGONAL PEDRO AGUIRRE CERDA 1150 DEPARTAMENTO 202 COMUNA CONCEPCION";"CONCEPCION";"08- REGION DEL BIOBIO";"-36.82634142874591";"-73.04241579959783"
"177-3";"ANIBAL PINTO 444 PISO 2 LOTE 17 PISO 3 LOTE 22 Y 23 PISO 4 LOTE PLANTA A ANIBAL PINTO 442 COM";"CONCEPCION";"08- REGION DEL BIOBIO";"-36.82685736482957";"-73.04938158883351"
"21330-1";"CAMINO PUBLICO DE CONCEPCION A PENCO LOTE B3 COMUNA CONCEPCION";"CONCEPCION";"08- REGION DEL BIOBIO";"-36.80812385080932";"-73.0225891578885"
"SIN ROL";"COSTANERA SITIO 1 COMUNA PENCO";"PENCO";"08- REGION DEL BIOBIO";"-36.738272054845176";"-73.00478266975085"
"56-91";"YERBAS BUENAS 30 REMODELACION LORD COCHRANE COMUNA PENCO";"PENCO";"08- REGION DEL BIOBIO";"-36.73463168987772";"-72.99201118830163"
"1300-10";"LUIS CRUZ 125 COMUNA PENCO";"PENCO";"08- REGION DEL BIOBIO";"-36.726407071228046";"-72.98476267866444"
"316-25";"PASAJE PEATONAL 1 35 LIRQUEN COMUNA DE PENCO";"PENCO";"08- REGION DEL BIOBIO";"-36.70982526624454";"-72.97583459651116"
"104-12";"COLON 1194 AL 1198 ESQUINA RIQUELME COMUNA TALCAHUANO";"TALCAHUANO";"08- REGION DEL BIOBIO";"-36.72102266115089";"-73.11038336546369"
"104-1";"SERRANO 83 COMUNA TALCAHUANO";"TALCAHUANO";"08- REGION DEL BIOBIO";"-36.72037463557448";"-73.11094010649467"
"1590-3";"LAS DALIAS LOTE 2 (EX LOTE C) COMUNA TALCAHUANO";"TALCAHUANO";"08- REGION DEL BIOBIO";"-36.74788359139172";"-73.09097706026304"
"1022-1";"ALMIRANTE LATORRE 1226 SAN VICENTE COMUNA TALCAHUANO";"TALCAHUANO";"08- REGION DEL BIOBIO";"-36.72252293981813";"-73.12949577643502"
"SIN ROL";"LAS DALIAS LOTE 6 (EX LOTE F) COMUNA TALCAHUANO";"TALCAHUANO";"08- REGION DEL BIOBIO";"-36.748540449542276";"-73.09101986375613"
"2008-2";"CALLE RIO GRANDE 25 VILLA INDEPENDENCIA COMUNA TALCAHUANO";"TALCAHUANO";"08- REGION DEL BIOBIO";"-36.761891669933284";"-73.08960500496815"
"197-20";"BILBAO 246 COMUNA TALCAHUANO";"TALCAHUANO";"08- REGION DEL BIOBIO";"-36.72368246023017";"-73.11311174260423"
"1590-3";"LAS DALIAS LOTE 3 (EX LOTE D) COMUNA TALCAHUANO";"TALCAHUANO";"08- REGION DEL BIOBIO";"-36.74825241184605";"-73.09116089867517"
"SIN ROL";"AVENIDA LA MARINA ESQUINA CALLE MALAQUIAS CONCHA COMUNA TALCAHUANO";"TALCAHUANO";"08- REGION DEL BIOBIO";"-36.72792854094924";"-73.12560522491088"
"7019-30";"LATORRE FUERTE BENAVENTE LOTE 2 COMUNA TALCAHUANO";"TALCAHUANO";"08- REGION DEL BIOBIO";"-36.72569390185643";"-73.14155526311731"
"1530-3";"LOTE 1-5 CRISTOBAL COLON 2511 SECTOR EL MORRO COMUNA TALCAHUANO";"TALCAHUANO";"08- REGION DEL BIOBIO";"-36.73519885381699";"-73.09943570566632"
"67-4";"BLANCO ENCALADA 620 COMUNA TALCAHUANO";"TALCAHUANO";"08- REGION DEL BIOBIO";"-36.714830294332586";"-73.11028074291193"
"106-27";"THOMPSON 30-32 LOTE B-C COMUNA TALCAHUANO";"TALCAHUANO";"08- REGION DEL BIOBIO";"-36.723006330352995";"-73.11031223544794"
"3704-1";"6 PONIENTE 7020 LOTE 2 COMUNA TALCAHUANO";"TALCAHUANO";"08- REGION DEL BIOBIO";"-36.77844174331515";"-73.09169469551959"
"1530-2";"LOTE 1-3 SECTOR EL MORRO COMUNA TALCAHUANO";"TALCAHUANO";"08- REGION DEL BIOBIO";"-36.733591171458265";"-73.09605593355909"
"SIN ROL";"AVENIDA COLON MANZANA INTERIOR COMUNA TALCAHUANO";"TALCAHUANO";"08- REGION DEL BIOBIO";"-36.72871519790086";"-73.1068335736297"
"SIN ROL";"LATORRE MANZANA LOTE B2 COMUNA TALCAHUANO";"TALCAHUANO";"08- REGION DEL BIOBIO";"-36.72363002199306";"-73.13176671400724"
"1590-3";"LAS DALIAS LOTE 4 (EX LOTE E1) COMUNA TALCAHUANO";"TALCAHUANO";"08- REGION DEL BIOBIO";"-36.74827064078416";"-73.09094907567807"
"2759-1";"LOS GUAYACANES 1380 COMUNA CORONEL";"CORONEL";"08- REGION DEL BIOBIO";"-36.984639820747496";"-73.15958804799905"
"165-8";"RUTA 160 TRAMO TRES PINOS -ACCESO NORTE A LOTA LOTE 97-1 ENTRE KM 22552,5 AL 22696,1 COMUNA C";"CORONEL";"08- REGION DEL BIOBIO";"-37.02874918841825";"-73.13545606199871"
"45000";"CARRERA 270 SITIO 2A COMUNA CORONEL";"CORONEL";"08- REGION DEL BIOBIO";"-37.02599075680984";"-73.14926227019724"
"5004-224";"BY PASS CORONEL LOTE SIN NUMERO LOTE A FUNDO ESCUADRON COMUNA CORONEL";"CORONEL";"08- REGION DEL BIOBIO";"-36.99383460691614";"-73.14146403222314"
"528-1";"MILLABU ESQUINA PASAJE 1 MANZANA COMUNA CORONEL";"CORONEL";"08- REGION DEL BIOBIO";"-37.009476798866736";"-73.16665659224677"
"60-1";"MANUEL MONTT ESQUINA BILBAO LOTE 2 COMUNA CORONEL";"CORONEL";"08- REGION DEL BIOBIO";"-37.03135764114822";"-73.1447876222122"
"2752-1";"LOS ALAMOS 2428 LAGUNILLAS 1 COMUNA CORONEL";"CORONEL";"08- REGION DEL BIOBIO";"-36.989621081872286";"-73.1600093391359"
"60-1";"MANUEL MONTT ESQUINA BILBAO 462 COMUNA CORONEL";"CORONEL";"08- REGION DEL BIOBIO";"-37.031615072870274";"-73.14427686483916"
"79-6";"REMIGIO CASTRO 221 COMUNA CORONEL";"CORONEL";"08- REGION DEL BIOBIO";"-37.02611917063508";"-73.14679048646938"
"5004-692";"CAMINO PUBLICO CONCEPCION A LOTA HIJUELA B LOTE 31 COMUNA CORONEL";"CORONEL";"08- REGION DEL BIOBIO";"-36.99514054840015";"-73.13949913212527"
"917-11";"PASAJE VOLCAN TINGUIRIRICA NUMERO 1410 LOTE B COMUNA CORONEL";"CORONEL";"08- REGION DEL BIOBIO";"-36.98593116013303";"-73.16880395538121"
"45262";"AVENIDA GENERAL CARLOS PRATS 70 (EX COSTANERA) LO ROJAS COMUNA CORONEL";"CORONEL";"08- REGION DEL BIOBIO";"-37.024394131404925";"-73.15217399676872"
"44972";"CARRERA 250 SITIO 1 COMUNA CORONEL";"CORONEL";"08- REGION DEL BIOBIO";"-37.02591564559194";"-73.14931425226291"
"917-9";"PASAJE VOLCAN TINGUIRIRICA NUMERO 1420 LOTE A COMUNA CORONEL";"CORONEL";"08- REGION DEL BIOBIO";"-36.9859094630228";"-73.16894359690146"
"1629-1";"21 DE MAYO MANZANA COMUNA CORONEL";"CORONEL";"08- REGION DEL BIOBIO";"-37.02608833201307";"-73.17779162961082"
"SIN ROL";"CALLE BORDE MAR 5 SITIO 28-A PLAYA NEGRA COMUNA PENCO";"PENCO";"08- REGION DEL BIOBIO";"-36.73775159589954";"-73.00180518990084"
"33-28";"CALLE PLAYA NEGRA 5-A SITIO 28-B PLAYA NEGRA COMUNA DE PENCO";"PENCO";"08- REGION DEL BIOBIO";"-36.73787479404427";"-73.00181457621512"
"33-28";"CALLE PLAYA NEGRA 5 SITIO 28-C PLAYA NEGRA COMUNA DE PENCO";"PENCO";"08- REGION DEL BIOBIO";"-36.73795447844258";"-73.00179088318605"
"927-13";"AINAVILLO 2358 MANZANA SITIO 13 F COMUNA CONCEPCION";"CONCEPCION";"08- REGION DEL BIOBIO";"-36.801917500781414";"-73.04887507662943"
"927-13";"AINAVILLO 2358 MANZANA LOTE 13 G COMUNA CONCEPCION";"CONCEPCION";"08- REGION DEL BIOBIO";"-36.80213254838836";"-73.04900949847551"
"7486-11";"GABRIELA 1174 DEPARTAMENTO 33 COMUNA LA PINTANA";"LA PINTANA";"13- REGION METROPOLITANA";"-33.58545563035044";"-70.64090098693195"
"256-1";"GENERAL MACKENNA 1370 COMUNA SANTIAGO";"SANTIAGO";"13- REGION METROPOLITANA";"-33.43338096254314";"-70.65713539030017"
"148-45";"MERCED 343 COMUNA SANTIAGO";"SANTIAGO";"13- REGION METROPOLITANA";"-33.43721279280741";"-70.64207333463209"
"2225-31";"PEDRO DE VALDIVIA 1147 COMUNA PROVIDENCIA";"PROVIDENCIA";"13- REGION METROPOLITANA";"-33.43368234634958";"-70.60918264497296"
"2894-4";"LA CORUNA 1667 COMUNA CONCHALI";"CONCHALI";"13- REGION METROPOLITANA";"-33.37674884580521";"-70.68085802686686"
"6403-1";"VIA OCHO 1065 COMUNA NUNOA";"NUNOA";"13- REGION METROPOLITANA";"-33.467460942777635";"-70.61979037476861"
"163-31";"LAS TINAJAS 7492 COMUNA CERRILLOS";"CERRILLOS";"13- REGION METROPOLITANA";"-33.503590203110065";"-70.71909186307705"
"SIN ROL";"PASO SUPERIOR EL VOLCAN DESVIO LA CANTERA COMUNA PUENTE ALTO";"PUENTE ALTO";"13- REGION METROPOLITANA";"-33.59709944783182";"-70.4954003262843"
"648-90";"CARLOTA MILCHER 912 COMUNA INDEPENDENCIA";"INDEPENDENCIA";"13- REGION METROPOLITANA";"-33.42444141192955";"-70.65158737271385"
"NO TIENE";"NATANIEL 475 COMUNA SANTIAGO";"SANTIAGO";"13- REGION METROPOLITANA";"-33.452102980229064";"-70.65306362620396"
"114-2";"HUERFANOS 1676 COMUNA SANTIAGO";"SANTIAGO";"13- REGION METROPOLITANA";"-33.44076787126492";"-70.66048421192406"
"82-139";"MONEDA 1155 COMUNA SANTIAGO";"SANTIAGO";"13- REGION METROPOLITANA";"-33.4419779334501";"-70.65283200275938"
"929-3";"SAN VICENTE 717 COMUNA SANTIAGO";"SANTIAGO";"13- REGION METROPOLITANA";"-33.45883842384535";"-70.6771364632087"
"210-58";"ROSAS 1190 DEPARTAMENTO 505 COMUNA SANTIAGO";"SANTIAGO";"13- REGION METROPOLITANA";"-33.43563846901329";"-70.65390308371838"
"3416-20";"LIRA 1652 COMUNA SANTIAGO";"SANTIAGO";"13- REGION METROPOLITANA";"-33.46628057338172";"-70.63360413840027"
"963-5";"MAQUINISTA ESCOBAR 3173 COMUNA SANTIAGO";"SANTIAGO";"13- REGION METROPOLITANA";"-33.46093998015231";"-70.67795872063469"
"SIN ROL";"CANAL SAN CARLOS Y PASO SUPERIOR EL VOLCAN COMUNA PUENTE ALTO";"PUENTE ALTO";"13- REGION METROPOLITANA";"-33.60137665152177";"-70.50716851491374"
"929-22";"BLANCO ENCALADA 3134 COMUNA SANTIAGO";"SANTIAGO";"13- REGION METROPOLITANA";"-33.458419464845676";"-70.67737889780844"
"109-736";"HUERFANOS 1376 ANTES HUERFANOS 1350 AL 1372 PISO 5 COMUNA SANTIAGO";"SANTIAGO";"13- REGION METROPOLITANA";"-33.44022601533545";"-70.65609383971228"
"82-75";"MORANDE 107 COMUNA SANTIAGO";"SANTIAGO";"13- REGION METROPOLITANA";"-33.44198752524236";"-70.65315026776568"
"97-510";"HUERFANOS 620 - 628 ESTACIONAMIENTO 246 COMUNA SANTIAGO";"SANTIAGO";"13- REGION METROPOLITANA";"-33.43924108532776";"-70.64584302166648"
"NO TIENE";"LOTE C-3 Y C-4 COMUNA LO BARNECHEA";"LO BARNECHEA";"13- REGION METROPOLITANA";"-33.36274699207504";"-70.4997789247769"
"13-76";"JOSE VICTORINO LASTARRIA 46 COMUNA SANTIAGO";"SANTIAGO";"13- REGION METROPOLITANA";"-33.43987158846804";"-70.64129913101736"
"44-920, 44-921, 44-922, 44-923, 44-924, 44-925, 44-926, 44-927, 44-928, 44-929, 44-930, 44-931, 44-932, 44-933, 44-946, 44-947, 58-126, 58-446, 58-106, 58-107, 58-135, 58-127, 58-128, 58-129, 58-130, 58-131, 58-132, 58-133, 58-134";"BERNARDO OHIGGINS 1449 EDIFICIO STGO DOWNTOWN SIETE O TORRE SIETE COMUNA SANTIAGO";"SANTIAGO";"13- REGION METROPOLITANA";"-33.44377735891296";"-70.6566906285931"
"35-58";"TEATINOS 28 TEATINOS 40 COMUNA SANTIAGO";"SANTIAGO";"13- REGION METROPOLITANA";"-33.44359845105922";"-70.65470089045517"
"278-6";"MATUCANA 501 - 573 COMUNA SANTIAGO";"SANTIAGO";"13- REGION METROPOLITANA";"-33.439710490449066";"-70.6793642087474"
"9108-29";"LAS PARCELAS 9190 MANZANA A SITIO 29 COMUNA PENALOLEN";"PENALOLEN";"13- REGION METROPOLITANA";"-33.47240620372751";"-70.53694752148395"
"2886-33";"COQUIMBO 1410 COMUNA SANTIAGO";"SANTIAGO";"13- REGION METROPOLITANA";"-33.45784814204175";"-70.65396055790809"
"2522-89";"MANUEL FISCHMAN 0809 SITIO 312 COMUNA LA CISTERNA";"LA CISTERNA";"13- REGION METROPOLITANA";"-33.52608692638998";"-70.67002634921934"
"109-726";"HUERFANOS 1376 ANTES HUERFANOS 1350 AL 1372 ENTREPISO COMUNA SANTIAGO";"SANTIAGO";"13- REGION METROPOLITANA";"-33.44026342138599";"-70.65608879322117"
"NO TIENE";"LOTE 69 KM 2378,50 AL KM 2428.50 COMUNA QUINTA NORMAL";"QUINTA NORMAL";"13- REGION METROPOLITANA";"-33.432084731780876";"-70.6925883590535"
"97-256";"HUERFANOS 620 - 628 OFICINA 72 PISO 7 Y MEDIO COMUNA SANTIAGO";"SANTIAGO";"13- REGION METROPOLITANA";"-33.43924104720918";"-70.6458448206253"
"621-20";"CARMEN 508 COMUNA SANTIAGO";"SANTIAGO";"13- REGION METROPOLITANA";"-33.449907132997474";"-70.64132255371436"
"4590-1";"HIJUELA LA OBRA DE CHENA LOTE A Y LOTE B COMUNA SAN BERNARDO";"SAN BERNARDO";"13- REGION METROPOLITANA";"-33.58799483964384";"-70.72267095243572"
"2396-17";"MAPOCHO 7432 COMUNA CERRO NAVIA";"CERRO NAVIA";"13- REGION METROPOLITANA";"-33.42396027532501";"-70.74168921692377"
"3614-16";"SALVADOR GUTIERREZ 4231 COMUNA QUINTA NORMAL";"QUINTA NORMAL";"13- REGION METROPOLITANA";"-33.42667061960265";"-70.69161498926425"
"593-22";"SANTA ROSA 460 COMUNA SANTIAGO";"SANTIAGO";"13- REGION METROPOLITANA";"-33.450109717103956";"-70.64408981059711"
"5217-1";"PINTOR MURILLO 5359 - 5369 COMUNA SAN JOAQUIN";"SAN JOAQUIN";"13- REGION METROPOLITANA";"-33.50563997245354";"-70.63001657647268"
"97-506";"HUERFANOS 620 - 628 ESTACIONAMIENTO 242 COMUNA SANTIAGO";"SANTIAGO";"13- REGION METROPOLITANA";"-33.43924108532776";"-70.64584302166648"
"7286-5";"PASAJE TANCREDO PINOCHET 0850 COMUNA LA PINTANA";"LA PINTANA";"13- REGION METROPOLITANA";"-33.582141785811494";"-70.6535476166731"
"227-146";"ISMAEL VALDES VERGARA 820 DEPARTAMENTO 32 COMUNA SANTIAGO";"SANTIAGO";"13- REGION METROPOLITANA";"-33.43394288083684";"-70.64922688753848"
"1357-1";"MANUEL DE AMATT 2940 COMUNA SANTIAGO";"SANTIAGO";"13- REGION METROPOLITANA";"-33.468912253431576";"-70.67360982963673"
"154-97";"SAN ANTONIO 427 PISO 8 COMUNA SANTIAGO";"SANTIAGO";"13- REGION METROPOLITANA";"-33.4378157777084";"-70.64820061656303"
"NO TIENE";"NATANIEL 439 - 441 - 449 - 453 - 457 COMUNA SANTIAGO";"SANTIAGO";"13- REGION METROPOLITANA";"-33.45162043793542";"-70.65315969204656"
"478-33";"ROMERO 3226 COMUNA SANTIAGO";"SANTIAGO";"13- REGION METROPOLITANA";"-33.448549885558656";"-70.67836655689096"
"2833-2";"SANTA ELENA 905 COMUNA SANTIAGO";"SANTIAGO";"13- REGION METROPOLITANA";"-33.453734309210404";"-70.63207523097076"
"9714-25";"LOS VERDULEROS 5754 MANZANA 8 C SITIO 142 COMUNA PENALOLEN";"PENALOLEN";"13- REGION METROPOLITANA";"-33.5066458012514";"-70.56516751760141"
"2835-9";"SAN CAMILO 959 COMUNA SANTIAGO";"SANTIAGO";"13- REGION METROPOLITANA";"-33.45456033052327";"-70.63284025522175"
"97-508";"HUERFANOS 620 - 628 ESTACIONAMIENTO 244 COMUNA SANTIAGO";"SANTIAGO";"13- REGION METROPOLITANA";"-33.43924108532776";"-70.64584302166648"
"3085-25";"ROBERTO ESPINOZA 1270 AL 1272 - 1256 AL 1260 COMUNA SANTIAGO";"SANTIAGO";"13- REGION METROPOLITANA";"-33.462212865959415";"-70.65189150525755"
"198-2";"JOSE MIGUEL DE LA BARRA 650 COMUNA SANTIAGO";"SANTIAGO";"13- REGION METROPOLITANA";"-33.43529419470791";"-70.64359410315697"
"161-150";"MORANDE 450 Y 482 Y CATEDRAL 1236 AL 1252 COMUNA SANTIAGO";"SANTIAGO";"13- REGION METROPOLITANA";"-33.43796995939844";"-70.65433636445934"
"97-258";"HUERFANOS 620 - 628 OFICINA 82 PISO 8 Y MEDIO COMUNA SANTIAGO";"SANTIAGO";"13- REGION METROPOLITANA";"-33.43924108532776";"-70.64584302166648"
"556-8";"REPUBLICA 97 COMUNA SANTIAGO";"SANTIAGO";"13- REGION METROPOLITANA";"-33.44992343420006";"-70.66843081664365"
"855-21";"ESPANA 520 AL 524 COMUNA SANTIAGO";"SANTIAGO";"13- REGION METROPOLITANA";"-33.455237396119315";"-70.66857093104204"
"1086-32 a 1086-37 1086-75 a 1086-90";"BERNARDO OHIGGINS 232 BERNARDO OHIGGINS 280 CHAPA A COMUNA SANTIAGO";"SANTIAGO";"13- REGION METROPOLITANA";"-33.43931050532549";"-70.63868509863832"
"303-63";"RENACA 11 COMUNA SANTIAGO";"SANTIAGO";"13- REGION METROPOLITANA";"-33.4378231901113";"-70.6354446778932"
"503-18";"JOSE SANTIAGO MONTT 258 COMUNA SANTIAGO";"SANTIAGO";"13- REGION METROPOLITANA";"-33.450495932148435";"-70.66269804887678"
"785-5";"UNION AMERICANA 255 - 257 COMUNA SANTIAGO";"SANTIAGO";"13- REGION METROPOLITANA";"-33.45305252052328";"-70.67365959856677"
"97-97";"MAC IVER 283 COMUNA SANTIAGO";"SANTIAGO";"13- REGION METROPOLITANA";"-33.439365067984";"-70.64662152549131"
"36-8";"TEATINOS 78 COMUNA SANTIAGO";"SANTIAGO";"13- REGION METROPOLITANA";"-33.44313011308954";"-70.65465810725952"
"36-10";"MONEDA 1326 LOTE A COMUNA SANTIAGO";"SANTIAGO";"13- REGION METROPOLITANA";"-33.44272011871007";"-70.65494499634364"
"29-162";"AHUMADA 48 COMUNA SANTIAGO";"SANTIAGO";"13- REGION METROPOLITANA";"-33.44297821204056";"-70.65054679726276"
"322-34";"BERNARDO OHIGGINS 448 COMUNA SANTIAGO";"SANTIAGO";"13- REGION METROPOLITANA";"-33.44189464156311";"-70.64246140391849"
"3456-8";"SANTA ROSA 1710 COMUNA SANTIAGO";"SANTIAGO";"13- REGION METROPOLITANA";"-33.46802514494698";"-70.64190174167412"
"522-24";"SANTA ROSA 342 - 346 COMUNA SANTIAGO";"SANTIAGO";"13- REGION METROPOLITANA";"-33.448725074422896";"-70.64426755758173"
"178-5";"CATEDRAL 1183 COMUNA SANTIAGO";"SANTIAGO";"13- REGION METROPOLITANA";"-33.437296261069726";"-70.6538357502366"
"2866-4";"NUEVA DE VALDES 925 - 927 - 935 COMUNA SANTIAGO";"SANTIAGO";"13- REGION METROPOLITANA";"-33.45652530855356";"-70.64501087842156"
"90-36";"MONEDA 1741 DEPARTAMENTO 22 COMUNA SANTIAGO";"SANTIAGO";"13- REGION METROPOLITANA";"-33.44279542076602";"-70.66111281320721"
"49-10";"MONEDA 1610 COMUNA SANTIAGO";"SANTIAGO";"13- REGION METROPOLITANA";"-33.44296857932403";"-70.65918494453115"
"109-745";"HUERFANOS 1376 ANTES HUERFANOS 1350 AL 1372 PISO 11 COMUNA SANTIAGO";"SANTIAGO";"13- REGION METROPOLITANA";"-33.44026342138599";"-70.65608879322117"
"136-13";"COMPANIA 1288 COMUNA SANTIAGO";"SANTIAGO";"13- REGION METROPOLITANA";"-33.43908059154522";"-70.65510172861751"
"51-1";"PLAZA DE LA CIUDADANIA COMUNA SANTIAGO";"SANTIAGO";"13- REGION METROPOLITANA";"-33.44377846614523";"-70.6537348600586"
"2793-14";"COQUIMBO 609 COMUNA SANTIAGO";"SANTIAGO";"13- REGION METROPOLITANA";"-33.45527802881018";"-70.64192871792423"
"3757-6";"PEDRO MONTT 1374 COMUNA SANTIAGO";"SANTIAGO";"13- REGION METROPOLITANA";"-33.47294203134794";"-70.65168281646994"
"3013-15";"MANUEL ANTONIO MATTA 494 COMUNA SANTIAGO";"SANTIAGO";"13- REGION METROPOLITANA";"-33.45820603189153";"-70.63847064971974"
"3018-43";"SAN FRANCISCO 1140 - 1152 COMUNA SANTIAGO";"SANTIAGO";"13- REGION METROPOLITANA";"-33.460103574495676";"-70.64451509085521"
"291-44";"MATURANA 428 DEPARTAMENTO B COMUNA SANTIAGO";"SANTIAGO";"13- REGION METROPOLITANA";"-33.43982286689346";"-70.66702010531583"
"3080-19";"MARINA DE GAETE 972 ESQUINA CHILOE 1201 COMUNA SANTIAGO";"SANTIAGO";"13- REGION METROPOLITANA";"-33.461113727861246";"-70.6463971375216"
"190-2";"CATEDRAL 1437 COMUNA SANTIAGO";"SANTIAGO";"13- REGION METROPOLITANA";"-33.437681516592896";"-70.65746611976114"
"187-4";"CATEDRAL 1155 AL 1165 COMUNA SANTIAGO";"SANTIAGO";"13- REGION METROPOLITANA";"-33.437255847142005";"-70.65358573851921"
"331-110";"JUAN ANTONIO RIOS 6 COMUNA SANTIAGO";"SANTIAGO";"13- REGION METROPOLITANA";"-33.44317868938428";"-70.64647399153972"
"280-20";"SANTO DOMINGO 3320 - 3324 COMUNA SANTIAGO";"SANTIAGO";"13- REGION METROPOLITANA";"-33.43871970174824";"-70.68096088427839"
"140-1";"HUERFANOS 1515 COMUNA SANTIAGO";"SANTIAGO";"13- REGION METROPOLITANA";"-33.44003417314218";"-70.65826564826484"
"482-1";"ZENTENO 242 COMUNA SANTIAGO";"SANTIAGO";"13- REGION METROPOLITANA";"-33.44877952248622";"-70.65191465313836"
"32-65";"MONEDA 1040 COMUNA SANTIAGO";"SANTIAGO";"13- REGION METROPOLITANA";"-33.44218369731496";"-70.65113885919656"
"212-16";"ROSAS 1274 COMUNA SANTIAGO";"SANTIAGO";"13- REGION METROPOLITANA";"-33.435878762441156";"-70.65538724451717"
"634-54";"EYZAGUIRRE 1085 DEPARTAMENTO 202 COMUNA SANTIAGO";"SANTIAGO";"13- REGION METROPOLITANA";"-33.452527756409786";"-70.64992366894224"
"49-12";"MONEDA 1624 COMUNA SANTIAGO";"SANTIAGO";"13- REGION METROPOLITANA";"-33.4429732192603";"-70.65938651433295"
"3294-14";"RIO OBI 2164 COMUNA CERRO NAVIA";"CERRO NAVIA";"13- REGION METROPOLITANA";"-33.41791311089214";"-70.72840625427078"
"86-2";"BOMBERO SALAS 1351 COMUNA SANTIAGO";"SANTIAGO";"13- REGION METROPOLITANA";"-33.441693440259314";"-70.65560730038575"
"3018-6";"SANTA ROSA 1189 COMUNA SANTIAGO";"SANTIAGO";"13- REGION METROPOLITANA";"-33.46043426788487";"-70.64357514662638"
"3776-38";"VIEL 1978 COMUNA SANTIAGO";"SANTIAGO";"13- REGION METROPOLITANA";"-33.47256419255906";"-70.654911650265"
"378-21";"AGUSTINAS 2450 COMUNA SANTIAGO";"SANTIAGO";"13- REGION METROPOLITANA";"-33.44358418558788";"-70.67045915033033"
"405-35; 405-36";"JOSE MIGUEL CARRERA 88, 90, 92, 94, 96, 98 Y 100 COMUNA SANTIAGO";"SANTIAGO";"13- REGION METROPOLITANA";"-33.44881007236504";"-70.66312297280386"
"3011-2";"ARTEMIO GUTIERREZ 1136 COMUNA SANTIAGO";"SANTIAGO";"13- REGION METROPOLITANA";"-33.457853452991564";"-70.6373832896103"
"NO TIENE";"COMPANIA 1607 - 1611 COMUNA SANTIAGO";"SANTIAGO";"13- REGION METROPOLITANA";"-33.43908741216865";"-70.66040714731734"
"85-4";"AMUNATEGUI 123 - 131 - 145 COMUNA SANTIAGO";"SANTIAGO";"13- REGION METROPOLITANA";"-33.44221708606146";"-70.65593546221159"
"154-69";"SAN ANTONIO 427 PISO 6 COMUNA SANTIAGO";"SANTIAGO";"13- REGION METROPOLITANA";"-33.43781631188165";"-70.64820145751295"
"111-30";"AMUNATEGUI 214 - 224 COMUNA SANTIAGO";"SANTIAGO";"13- REGION METROPOLITANA";"-33.440714298617";"-70.65699041992359"
"3502-1";"BEAUCHEFF 1621 - 1637 COMUNA SANTIAGO";"SANTIAGO";"13- REGION METROPOLITANA";"-33.46884028803949";"-70.66415711294195"
"1016-1";"CARLOS VALDOVINOS 497 COMUNA SAN JOAQUIN";"SAN JOAQUIN";"13- REGION METROPOLITANA";"-33.48198926044715";"-70.63250604251213"
"676-2";"PORTUGAL 623 - 627 COMUNA SANTIAGO";"SANTIAGO";"13- REGION METROPOLITANA";"-33.45002456605438";"-70.63507393785609"
"335-60";"LONDRES 40 COMUNA SANTIAGO";"SANTIAGO";"13- REGION METROPOLITANA";"-33.44434666771438";"-70.64803884557936"
"126-373";"SAN ANTONIO 378 DEPARTAMENTO 403 COMUNA SANTIAGO";"SANTIAGO";"13- REGION METROPOLITANA";"-33.43849853631594";"-70.64839686942733"
"107-124";"TEATINOS 251 DEPARTAMENTO 602 COMUNA SANTIAGO";"SANTIAGO";"13- REGION METROPOLITANA";"-33.44066163699108";"-70.65485852670415"
"493-13";"DIECIOCHO 164 COMUNA SANTIAGO";"SANTIAGO";"13- REGION METROPOLITANA";"-33.44855670523563";"-70.65749308097527"
"796-1 Y 796-2";"REPUBLICA 301 REPUBLICA 331 COMUNA SANTIAGO";"SANTIAGO";"13- REGION METROPOLITANA";"-33.452547288337755";"-70.66782501351584"
"44944";"BERNARDO OHIGGINS 651 COMUNA SANTIAGO";"SANTIAGO";"13- REGION METROPOLITANA";"-33.44207286129225";"-70.64566094893384"
"223-1";"ESMERALDA 611 COMUNA SANTIAGO";"SANTIAGO";"13- REGION METROPOLITANA";"-33.43459140139949";"-70.64668706412112"
"57-11";"ALMIRANTE BARROSO 23 COMUNA SANTIAGO";"SANTIAGO";"13- REGION METROPOLITANA";"-33.44540273914738";"-70.66138135079069"
"308-2";"CHACABUCO 430 COMUNA SANTIAGO";"SANTIAGO";"13- REGION METROPOLITANA";"-33.44102125503936";"-70.67891900413218"
"3812-2 Y 3812-15";"PEDRO MONTT 1638 COMUNA SANTIAGO";"SANTIAGO";"13- REGION METROPOLITANA";"-33.47436609899243";"-70.65915299452286"
"235-3";"HERRERA 625 COMUNA SANTIAGO";"SANTIAGO";"13- REGION METROPOLITANA";"-33.43804776162706";"-70.67778065182927"
"134-4";"HUERFANOS 1117 - 1147 COMUNA SANTIAGO";"SANTIAGO";"13- REGION METROPOLITANA";"-33.43957002948322";"-70.65265765863495"
"3504-15";"ALLENDE PADIN 2146 COMUNA SANTIAGO";"SANTIAGO";"13- REGION METROPOLITANA";"-33.469397166323915";"-70.66410569821504"
"3502-16";"BEAUCHEFF 1521-1525 COMUNA SANTIAGO";"SANTIAGO";"13- REGION METROPOLITANA";"-33.467667708274156";"-70.66402725796334"
"37-71";"BERNARDO OHIGGINS 1371 - 1377 - 1381 - 1385 COMUNA SANTIAGO";"SANTIAGO";"13- REGION METROPOLITANA";"-33.44421308070517";"-70.65539856404735"
"393-7";"BERNARDO OHIGGINS 1642 LOTE A Y ALONSO OVALLE 1637 LOTE B COMUNA SANTIAGO";"SANTIAGO";"13- REGION METROPOLITANA";"-33.446859927229966";"-70.65923592034717"
"493-13";"SAN IGNACIO 163 COMUNA SANTIAGO";"SANTIAGO";"13- REGION METROPOLITANA";"-33.44845194460952";"-70.65705840529101"
"33-4";"BANDERA 46 - 52 COMUNA SANTIAGO";"SANTIAGO";"13- REGION METROPOLITANA";"-33.44312185299645";"-70.6522563569865"
"223-81";"ESMERALDA E ISMAEL VALDES VERGARA 675 - 654 DEPARTAMENTO 62 COMUNA SANTIAGO";"SANTIAGO";"13- REGION METROPOLITANA";"-33.43449345521945";"-70.647040761359"
"33-155";"MORANDE 83 COMUNA SANTIAGO";"SANTIAGO";"13- REGION METROPOLITANA";"-33.44254204661596";"-70.65309520495732"
"33-3";"MONEDA 1190 COMUNA SANTIAGO";"SANTIAGO";"13- REGION METROPOLITANA";"-33.44236776883526";"-70.65316188299778"
"33-2";"MORANDE 45 - 59 - 71 COMUNA SANTIAGO";"SANTIAGO";"13- REGION METROPOLITANA";"-33.44304463410196";"-70.65295997629916"
"87-82";"AGUSTINAS 1442 DEPARTAMENTO 603 COMUNA SANTIAGO";"SANTIAGO";"13- REGION METROPOLITANA";"-33.441533056787534";"-70.65717342773792"
"87-83";"AGUSTINAS 1442 DEPARTAMENTO 604 COMUNA SANTIAGO";"SANTIAGO";"13- REGION METROPOLITANA";"-33.44152646092238";"-70.65707823103025"
"87-87";"AGUSTINAS 1442 DEPARTAMENTO 608 COMUNA SANTIAGO";"SANTIAGO";"13- REGION METROPOLITANA";"-33.441518651535915";"-70.65698246923009"
"87-95";"AGUSTINAS 1442 DEPARTAMENTO 708 COMUNA SANTIAGO";"SANTIAGO";"13- REGION METROPOLITANA";"-33.441583122850346";"-70.65697619164835"
"87-94";"AGUSTINAS 1442 DEPARTAMENTO 707 COMUNA SANTIAGO";"SANTIAGO";"13- REGION METROPOLITANA";"-33.44151297688663";"-70.6568882835116"
"97-257";"HUERFANOS 620 - 628 OFICINA 81 PISO 8 COMUNA SANTIAGO";"SANTIAGO";"13- REGION METROPOLITANA";"-33.43926267797312";"-70.645831452662"
"229-25";"ROSAS 2560 COMUNA SANTIAGO";"SANTIAGO";"13- REGION METROPOLITANA";"-33.43698316050561";"-70.67244610968723"
"97-507";"HUERFANOS 620 - 628 ESTACIONAMIENTO 243 COMUNA SANTIAGO";"SANTIAGO";"13- REGION METROPOLITANA";"-33.43924108532776";"-70.64584302166648"
"448-4";"DIECIOCHO 133 - 135 COMUNA SANTIAGO";"SANTIAGO";"13- REGION METROPOLITANA";"-33.44804907778243";"-70.65846277976009"
"276-1";"BALMACEDA 1301 COMUNA SANTIAGO";"SANTIAGO";"13- REGION METROPOLITANA";"-33.432156619430415";"-70.65589909968999"
"201-7";"SANTO DOMINGO 685 - 687 - 689 COMUNA SANTIAGO";"SANTIAGO";"13- REGION METROPOLITANA";"-33.435610800817784";"-70.647204198642"
"338-1";"PORTALES 2807 - 2805 - 2803 COMUNA SANTIAGO";"SANTIAGO";"13- REGION METROPOLITANA";"-33.44286396534934";"-70.67414337765618"
"438-88";"ERASMO ESCALA 2436 AL 2444 COMUNA SANTIAGO";"SANTIAGO";"13- REGION METROPOLITANA";"-33.44608444950584";"-70.67010998745221"
"109-744";"HUERFANOS 1376 ANTES HUERFANOS 1350 AL 1372 PISO 10 COMUNA SANTIAGO";"SANTIAGO";"13- REGION METROPOLITANA";"-33.44026342138599";"-70.65608879322117"
"34-1";"MONEDA 1202- 1298 ENTRE TEATINOS Y MORANDE COMUNA SANTIAGO";"SANTIAGO";"13- REGION METROPOLITANA";"-33.44282877161727";"-70.65386769852891"
"NO TIENE";"NATANIEL 469 COMUNA SANTIAGO";"SANTIAGO";"13- REGION METROPOLITANA";"-33.45197631049817";"-70.65308392719118"
"97-255";"HUERFANOS 620 - 628 OFICINA 71 PISO 7 COMUNA SANTIAGO";"SANTIAGO";"13- REGION METROPOLITANA";"-33.43924108532776";"-70.64584302166648"
"265-2";"CATEDRAL 2213 - 2219 COMUNA SANTIAGO";"SANTIAGO";"13- REGION METROPOLITANA";"-33.438775683832304";"-70.66721828517923"
"97-511";"HUERFANOS 620 - 628 ESTACIONAMIENTO 247 COMUNA SANTIAGO";"SANTIAGO";"13- REGION METROPOLITANA";"-33.43924108532776";"-70.64584302166648"
"97-259";"HUERFANOS 620 - 628 OFICINA 91 PISO 9 COMUNA SANTIAGO";"SANTIAGO";"13- REGION METROPOLITANA";"-33.43924108532776";"-70.64584302166648"
"NO TIENE";"MANUEL RODRIGUEZ 679 COMUNA SANTIAGO";"SANTIAGO";"13- REGION METROPOLITANA";"-33.43619975019512";"-70.659553780605"
"35-4";"LIBERTAD 1560 COMUNA SANTIAGO";"SANTIAGO";"13- REGION METROPOLITANA";"-33.4277857992695";"-70.67587163452473"
"3040-81";"PADRE ORELLANA 1340 COMUNA SANTIAGO";"SANTIAGO";"13- REGION METROPOLITANA";"-33.46018831775498";"-70.63141770289066"
"375-44";"AGUSTINAS 2384 COMUNA SANTIAGO";"SANTIAGO";"13- REGION METROPOLITANA";"-33.44318522465469";"-70.6694844795152"
"46-41";"SAN MARTIN 88 COMUNA SANTIAGO";"SANTIAGO";"13- REGION METROPOLITANA";"-33.443041334363286";"-70.65798290512947"
"22-536";"MONEDA 712 Y 722 DEPARTAMENTO 308 COMUNA SANTIAGO";"SANTIAGO";"13- REGION METROPOLITANA";"-33.441674042090824";"-70.64671048942563"
"401-92";"VERGARA 24 DEPARTAMENTO 707 COMUNA SANTIAGO";"SANTIAGO";"13- REGION METROPOLITANA";"-33.44726779024829";"-70.66227803361531"
"9001-36";"BUENAVENTURA 3393 B COMUNA MACUL";"MACUL";"13- REGION METROPOLITANA";"-33.50871435761875";"-70.6003261905067"
"85-12";"ALMIRANTE LORENZO GOTUZZO 124 COMUNA SANTIAGO";"SANTIAGO";"13- REGION METROPOLITANA";"-33.442107346126136";"-70.65569920691361"
"2121-10";"URMENETA 467 COMUNA SAN BERNARDO";"SAN BERNARDO";"13- REGION METROPOLITANA";"-33.59190173861253";"-70.70608587899505"
"147-49";"CHACABUCO 931 COMUNA SANTIAGO";"SANTIAGO";"13- REGION METROPOLITANA";"-33.43421539628787";"-70.67874492133446"
"42-50";"AMUNATEGUI 66 COMUNA SANTIAGO";"SANTIAGO";"13- REGION METROPOLITANA";"-33.44329399260519";"-70.65608314271377"
"1005-4";"BASCUNAN GUERRERO 910 COMUNA SANTIAGO";"SANTIAGO";"13- REGION METROPOLITANA";"-33.460631212863944";"-70.67245250501762"
"451-88";"SAN CAMILO 228 AL 240 Y 246 AL 262 COMUNA SANTIAGO";"SANTIAGO";"13- REGION METROPOLITANA";"-33.44522140524622";"-70.63481223578252"
"637-5";"MAXIMO HUMBSER 667 COMUNA LA CISTERNA";"LA CISTERNA";"13- REGION METROPOLITANA";"-33.5382388807348";"-70.65738093812831"
"1010-3";"CARLOS VALDOVINOS 279 COMUNA SAN JOAQUIN";"SAN JOAQUIN";"13- REGION METROPOLITANA";"-33.4832019131843";"-70.62965867470942"
"3763-1";"SAN IGNACIO 1709 ESQUINA SARGENTO ALDEA 1510 COMUNA SANTIAGO";"SANTIAGO";"13- REGION METROPOLITANA";"-33.4693955329485";"-70.6548384565443"
"14055-7";"PASAJE JORGE TORO 3525 COMUNA PEDRO AGUIRRE CERDA";"PEDRO AGUIRRE CERDA";"13- REGION METROPOLITANA";"-33.504208521548115";"-70.68609658935564"
"109-726";"HUERFANOS 1376 ANTES HUERFANOS 1350 AL 1372 COMUNA SANTIAGO";"SANTIAGO";"13- REGION METROPOLITANA";"-33.44026342138599";"-70.65608879322117"
"3069-36";"SIERRA BELLA 1352 COMUNA SANTIAGO";"SANTIAGO";"13- REGION METROPOLITANA";"-33.46101785337598";"-70.63575267431175"
"855-22";"ESPANA 554 - 590 - 576 COMUNA SANTIAGO";"SANTIAGO";"13- REGION METROPOLITANA";"-33.45554585357415";"-70.66813095093852"
"232-8";"CAPUCHINOS 738 COMUNA SANTIAGO";"SANTIAGO";"13- REGION METROPOLITANA";"-33.43481052645028";"-70.65387659376279"
"136-5";"HUERFANOS 1273 - 1295 COMUNA SANTIAGO";"SANTIAGO";"13- REGION METROPOLITANA";"-33.43970478012666";"-70.65498103076537"
"NO TIENE";"NATANIEL 457 AL 461 COMUNA SANTIAGO";"SANTIAGO";"13- REGION METROPOLITANA";"-33.451799643081294";"-70.65311526285423"
"1005-68";"PORTUGAL 38 DEPARTAMENTO 125 COMUNA SANTIAGO";"SANTIAGO";"13- REGION METROPOLITANA";"-33.44102759128663";"-70.63862401317776"
"388-1";"AGUSTINAS 3250 Y MATUCANA 151 COMUNA SANTIAGO";"SANTIAGO";"13- REGION METROPOLITANA";"-33.44443319701496";"-70.678841384951"
"37-28";"VALENTIN LETELIER 22 COMUNA SANTIAGO";"SANTIAGO";"13- REGION METROPOLITANA";"-33.443902619544666";"-70.65522582260758"
"408-17";"BULNES 74 COMUNA SANTIAGO";"SANTIAGO";"13- REGION METROPOLITANA";"-33.445082441514046";"-70.66982525035446"
"111-1";"AGUSTINAS 1401 - 1419 COMUNA SANTIAGO";"SANTIAGO";"13- REGION METROPOLITANA";"-33.440714298617";"-70.65699041992359"
"135-62";"MORANDE 322 MORANDE 324 MORANDE 330 COMUNA SANTIAGO";"SANTIAGO";"13- REGION METROPOLITANA";"-33.43976151957743";"-70.65398696827052"
"590-6";"TOCORNAL 413 CASA 1 COMUNA SANTIAGO";"SANTIAGO";"13- REGION METROPOLITANA";"-33.44870198671094";"-70.64081531008246"
"266-37";"SANTO DOMINGO 2398 COMUNA SANTIAGO";"SANTIAGO";"13- REGION METROPOLITANA";"-33.43794100989302";"-70.6703585935586"
"53-9";"MANUEL RODRIGUEZ 33 COMUNA SANTIAGO";"SANTIAGO";"13- REGION METROPOLITANA";"-33.4447810229971";"-70.65999406775826"
"151-111";"ALMIRANTE MONTT 454 COMUNA SANTIAGO";"SANTIAGO";"13- REGION METROPOLITANA";"-33.43719827949495";"-70.64512976583208"
"5962-4";"RAMON CRUZ MONTT 1099 ENTRE RAUL SILVA CASTRO Y PASAJE LAS OLAS COMUNA NUNOA";"NUNOA";"13- REGION METROPOLITANA";"-33.46558544425395";"-70.58196272168098"
"3047-15";"TOKYO 5826 COMUNA CONCHALI";"CONCHALI";"13- REGION METROPOLITANA";"-33.371762021316776";"-70.67883254991945"
"277-18";"SANTO DOMINGO 3128 COMUNA SANTIAGO";"SANTIAGO";"13- REGION METROPOLITANA";"-33.43867103611787";"-70.67833043958363"
"492-13";"SAN IGNACIO 196 COMUNA SANTIAGO";"SANTIAGO";"13- REGION METROPOLITANA";"-33.44898694780003";"-70.6565228100917"
"83-1";"AGUSTINAS 1220 COMUNA SANTIAGO";"SANTIAGO";"13- REGION METROPOLITANA";"-33.44180031291388";"-70.65410597126339"
"308-1";"MATUCANA 401 COMUNA SANTIAGO";"SANTIAGO";"13- REGION METROPOLITANA";"-33.44111625909576";"-70.67959596173391"
"85-8";"CUETO 1207 DEPARTAMENTO 202 COMUNA SANTIAGO";"SANTIAGO";"13- REGION METROPOLITANA";"-33.431539195907355";"-70.67302446380323"
"3168-1";"TOCORNAL 1455 COMUNA SANTIAGO";"SANTIAGO";"13- REGION METROPOLITANA";"-33.46360690858215";"-70.63685358364869"
"463-87";"ERASMO ESCALA 2210 Y RICARDO CUMMING 37 - 41 COMUNA SANTIAGO";"SANTIAGO";"13- REGION METROPOLITANA";"-33.44517051689929";"-70.66646230015205"
"182-34";"PLAZA DE ARMAS 951 COMUNA SANTIAGO";"SANTIAGO";"13- REGION METROPOLITANA";"-33.437026591919185";"-70.6506681965073"
"35-3";"BERNARDO OHIGGINS 1315 DEPARTAMENTO 34 COMUNA SANTIAGO";"SANTIAGO";"13- REGION METROPOLITANA";"-33.44429208101095";"-70.65464093308019"
"35-32";"TEATINOS 20 Y BERNARDO OHIGGINS 1315 PISO 2 COMUNA SANTIAGO";"SANTIAGO";"13- REGION METROPOLITANA";"-33.44415948688523";"-70.65463698338634"
"1079-2";"SAN PEDRO 1203 LOTE 2 COMUNA PUENTE ALTO";"PUENTE ALTO";"13- REGION METROPOLITANA";"-33.623358890287726";"-70.58832149693967"
"930-28";"EXPOSICION 718 COMUNA SANTIAGO";"SANTIAGO";"13- REGION METROPOLITANA";"-33.45847054530462";"-70.67805930575467"
"44378";"JOSE RAMON GUTIERREZ 269 COMUNA SANTIAGO";"SANTIAGO";"13- REGION METROPOLITANA";"-33.43902809976728";"-70.64052607033707"
"109-737";"HUERFANOS 1376 ANTES HUERFANOS 1350 AL 1372 PISO 6 COMUNA SANTIAGO";"SANTIAGO";"13- REGION METROPOLITANA";"-33.44022601533545";"-70.65609383971228"
"930-2";"PUERTA DE VERA 713 COMUNA SANTIAGO";"SANTIAGO";"13- REGION METROPOLITANA";"-33.458531761189604";"-70.6778072863419"
"930-3";"PUERTA DE VERA 717 COMUNA SANTIAGO";"SANTIAGO";"13- REGION METROPOLITANA";"-33.45861931718578";"-70.6778249542619"
"NO TIENE";"HUERFANOS 1609 AL 1625 COMUNA SANTIAGO";"SANTIAGO";"13- REGION METROPOLITANA";"-33.440532651594154";"-70.65946413596643"
"929-25";"PUERTA DE VERA 720 COMUNA SANTIAGO";"SANTIAGO";"13- REGION METROPOLITANA";"-33.45868448506245";"-70.67739770971924"
"929-26";"PUERTA DE VERA 724 COMUNA SANTIAGO";"SANTIAGO";"13- REGION METROPOLITANA";"-33.458776673702346";"-70.67737554866946"
"3080-1";"ARTURO PRAT 1205 ESQUINA MARINA DE GAETE 976 COMUNA SANTIAGO";"SANTIAGO";"13- REGION METROPOLITANA";"-33.46115806683674";"-70.64684110229604"
"35-4";"LIBERTAD 1550 COMUNA SANTIAGO";"SANTIAGO";"13- REGION METROPOLITANA";"-33.42765685712283";"-70.67562866870664"
"1844-7";"LOS CLAVELES 2775 COMUNA PROVIDENCIA";"PROVIDENCIA";"13- REGION METROPOLITANA";"-33.427831724908515";"-70.59688844713376"
"3812-1";"PEDRO MONTT 1606 COMUNA SANTIAGO - ISABEL RIQUELME 1651 COMUNA PEDRO AGUIRRE CERDA";"SANTIAGO";"13- REGION METROPOLITANA";"-33.47525332164512";"-70.65746934669124"
"3792-2";"PEDRO MONTT 1853 COMUNA SANTIAGO";"SANTIAGO";"13- REGION METROPOLITANA";"-33.47271977267675";"-70.65876200210917"
"159-1";"CATEDRAL 1150 COMUNA SANTIAGO";"SANTIAGO";"13- REGION METROPOLITANA";"-33.43798349463037";"-70.65328441563233"
"84-1";"TEATINOS 120 COMUNA SANTIAGO";"SANTIAGO";"13- REGION METROPOLITANA";"-33.4419137963737";"-70.65530982817803"
"NO TIENE";"MATUCANA 504 AL 508 - 510 AL 514 COMUNA SANTIAGO";"SANTIAGO";"13- REGION METROPOLITANA";"-33.44026713308688";"-70.6801046228356"
"284-28";"MAPOCHO 1524 AL 1550 COMUNA SANTIAGO";"SANTIAGO";"13- REGION METROPOLITANA";"-33.43128205481624";"-70.66018575542712"
"35-58";"TEATINOS 40 COMUNA SANTIAGO";"SANTIAGO";"13- REGION METROPOLITANA";"-33.443484074612854";"-70.65483406730124"
"36-7";"TEATINOS 56 COMUNA SANTIAGO";"SANTIAGO";"13- REGION METROPOLITANA";"-33.443033058442516";"-70.65511777700544"
"862-137";"VICUNA MACKENNA 94 - 96 COMUNA PROVIDENCIA";"PROVIDENCIA";"13- REGION METROPOLITANA";"-33.44115928857854";"-70.6336526152982"
"862-133";"VICUNA MACKENNA 84 ESQUINA VINA DEL MAR 7 COMUNA PROVIDENCIA";"PROVIDENCIA";"13- REGION METROPOLITANA";"-33.44070718107507";"-70.63389635276506"
"514-1";"MIGUEL CLARO 32 COMUNA PROVIDENCIA";"PROVIDENCIA";"13- REGION METROPOLITANA";"-33.43024021298728";"-70.62107664284096"
"1844-5";"LOS CLAVELES 2755 COMUNA PROVIDENCIA";"PROVIDENCIA";"13- REGION METROPOLITANA";"-33.427831724908515";"-70.59688844713376"
"3228-39";"ENRIQUE DEL PIANO 2058 ANTES 1880 COMUNA PROVIDENCIA";"PROVIDENCIA";"13- REGION METROPOLITANA";"-33.438836647820466";"-70.60595327692631"
"5962-5";"RAUL SILVA CASTRO 4747 COMUNA NUNOA";"NUNOA";"13- REGION METROPOLITANA";"-33.46516018583385";"-70.58233660277604"
"915-14";"EMILIO VAISSE 340-A COMUNA PROVIDENCIA";"PROVIDENCIA";"13- REGION METROPOLITANA";"-33.445281755825604";"-70.62760208199664"
"220-125";"PEREZ VALENZUELA 1543 COMUNA PROVIDENCIA";"PROVIDENCIA";"13- REGION METROPOLITANA";"-33.425590015085966";"-70.61976290794978"
"854-25";"VINA DEL MAR 16 COMUNA PROVIDENCIA";"PROVIDENCIA";"13- REGION METROPOLITANA";"-33.44044619831961";"-70.63373341431061"
"541-84";"LUIS THAYER OJEDA 43 DEPARTAMENTO 506 COMUNA PROVIDENCIA";"PROVIDENCIA";"13- REGION METROPOLITANA";"-33.41893863436483";"-70.60294704689557"
"2709-17";"ROMAN DIAZ 1061 DEPARTAMENTO 22 COMUNA PROVIDENCIA";"PROVIDENCIA";"13- REGION METROPOLITANA";"-33.43975413582553";"-70.6199488535381"
"506-43";"SALVADOR 364 COMUNA PROVIDENCIA";"PROVIDENCIA";"13- REGION METROPOLITANA";"-33.43714494255197";"-70.62391319767247"
"3220-227";"ANTONIO VARAS 1414 DEPARTAMENTO 182 COMUNA PROVIDENCIA";"PROVIDENCIA";"13- REGION METROPOLITANA";"-33.43945450666723";"-70.61323330446122"
"3212-4";"FRANCISCO BILBAO 1049 Y 1043 COMUNA PROVIDENCIA";"PROVIDENCIA";"13- REGION METROPOLITANA";"-33.440190865274886";"-70.6189024796172"
"190-10";"BELLAVISTA 0330 COMUNA PROVIDENCIA";"PROVIDENCIA";"13- REGION METROPOLITANA";"-33.43298469003918";"-70.63067129773475"
"2703-6";"DOCTOR TORRES BOONEN 511 - 517 COMUNA PROVIDENCIA";"PROVIDENCIA";"13- REGION METROPOLITANA";"-33.4405474133074";"-70.62596902927649"
"220-6; 220-7";"SANTA BEATRIZ 311 Y SANTA BEATRIZ 319 COMUNA PROVIDENCIA";"PROVIDENCIA";"13- REGION METROPOLITANA";"-33.42538681953743";"-70.61953347350726"
"NO TIENE";"PRIMERA TRANSVERSAL 991 (EX 990) COMUNA PADRE HURTADO";"PADRE HURTADO";"13- REGION METROPOLITANA";"-33.56630542792746";"-70.80074049772126"
"361-21";"LOS MAQUIS 1418 COMUNA PADRE HURTADO";"PADRE HURTADO";"13- REGION METROPOLITANA";"-33.56741005021955";"-70.80474362536133"
"317-22";"SAN FRANCISCO DE BORJA 101 ANTES 055 COMUNA PADRE HURTADO";"PADRE HURTADO";"13- REGION METROPOLITANA";"-33.572382275489346";"-70.82128665917213"
"4600-14";"JORGE ALESSANDRI RODRIGUEZ 8887 LOTE B COMUNA LO ESPEJO";"LO ESPEJO";"13- REGION METROPOLITANA";"-33.531602195003906";"-70.68445753805523"
"4228-1";"FERNANDEZ ALBANO 4537 HOY SALVADOR ALLENDE COMUNA LO ESPEJO";"LO ESPEJO";"13- REGION METROPOLITANA";"-33.51461432763868";"-70.69009462249127"
"4119-41";"26 SUR 03657 COMUNA LO ESPEJO";"LO ESPEJO";"13- REGION METROPOLITANA";"-33.51802437292642";"-70.69673079194246"
"838-905";"AVENIDA ISABEL RIQUELME ESQUINA CALLE PACIFICO COMUNA SAN JOAQUIN";"SAN JOAQUIN";"13- REGION METROPOLITANA";"-33.479526625586644";"-70.63715022444595"
"751-43";"SANTA JULIA 1111 COMUNA LA FLORIDA";"LA FLORIDA";"13- REGION METROPOLITANA";"-33.529648383792114";"-70.60832344490993"
"27957-25";"PUERTO EDEN COMUNA LA FLORIDA";"LA FLORIDA";"13- REGION METROPOLITANA";"-33.552532593929";"-70.61206325873526"
"1292-3";"EL ULMO 1185 COMUNA LA FLORIDA";"LA FLORIDA";"13- REGION METROPOLITANA";"-33.517228711477195";"-70.59339154563547"
"3610-17";"LOS NARDOS 10920-C SITIO 33 COMUNA LA FLORIDA";"LA FLORIDA";"13- REGION METROPOLITANA";"-33.558021239355625";"-70.58147237693"
"1079-4";"SAN PEDRO 1231 LOTE 4 COMUNA PUENTE ALTO";"PUENTE ALTO";"13- REGION METROPOLITANA";"-33.62350711551559";"-70.58926633386416"
"1248-1";"FROILAN LAGOS SEPULVEDA EX EL PARQUE COMUNA LA FLORIDA";"LA FLORIDA";"13- REGION METROPOLITANA";"-33.51407211535573";"-70.59858688643965"
"3019-25";"QUINCHAO 1468 COMUNA LA FLORIDA";"LA FLORIDA";"13- REGION METROPOLITANA";"-33.55125083236797";"-70.60637322820713"
"251-23";"RUPANCO 202 COMUNA LA FLORIDA";"LA FLORIDA";"13- REGION METROPOLITANA";"-33.521622099725185";"-70.60674880164615"
"3415-1";"JULIO CESAR 10905 COMUNA LA FLORIDA";"LA FLORIDA";"13- REGION METROPOLITANA";"-33.56014366848656";"-70.60597585946107"
"3597-799";"CAMINO NIDO DE AGUILAS 14557 LOTE 2A COMUNA LO BARNECHEA";"LO BARNECHEA";"13- REGION METROPOLITANA";"-33.34761754550514";"-70.50335016145041"
"699-288";"PASAJE TOLEDO (FRENTE) COMUNA LA FLORIDA";"LA FLORIDA";"13- REGION METROPOLITANA";"-33.52936623458954";"-70.59638170883377"
"3708-9";"JOSE MANUEL INFANTE 1333 CASA 7 COMUNA PROVIDENCIA";"PROVIDENCIA";"13- REGION METROPOLITANA";"-33.44331448871493";"-70.62047861659704"
"1553-124";"SANTA AMALIA 0161 DEPARTAMENTO 105 COMUNA LA FLORIDA";"LA FLORIDA";"13- REGION METROPOLITANA";"-33.54314662588835";"-70.59208296233528"
"3140-1";"OHIGGINS 948 DEPARTAMENTO 101 COMUNA SAN BERNARDO";"SAN BERNARDO";"13- REGION METROPOLITANA";"-33.59030074992701";"-70.70964679269731"
"1101-2";"LIRCAY 9000 COMUNA LA FLORIDA";"LA FLORIDA";"13- REGION METROPOLITANA";"-33.537234946848926";"-70.60065376465236"
"3335-15";"JOHN ADAMS COMUNA LO PRADO";"LO PRADO";"13- REGION METROPOLITANA";"-33.45220987273515";"-70.73018333454776"
"833-60";"ANCUD 8638 COMUNA LA FLORIDA";"LA FLORIDA";"13- REGION METROPOLITANA";"-33.53448582046073";"-70.59614475265492"
"819-12";"LONGAVI 628 COMUNA LA FLORIDA";"LA FLORIDA";"13- REGION METROPOLITANA";"-33.533530158258685";"-70.60029504754684"
"NO TIENE";"SANTA JULIA PONIENTE COMUNA LA FLORIDA";"LA FLORIDA";"13- REGION METROPOLITANA";"-33.53244781681326";"-70.5976609514917"
"NO TIENE";"BACTEREOLOGICO ESQUINA SAN PEDRO COMUNA LA FLORIDA";"LA FLORIDA";"13- REGION METROPOLITANA";"-33.55528798770801";"-70.58133040928938"
"536-15";"CHACON ZAMORA 6997 VILLA LOS COPIHUES COMUNA LA FLORIDA";"LA FLORIDA";"13- REGION METROPOLITANA";"-33.517415276414035";"-70.57985441507522"
"796-56";"LAS HIGUERAS COMUNA LA FLORIDA";"LA FLORIDA";"13- REGION METROPOLITANA";"-33.514925841290015";"-70.56153637011792"
"3600-31";"GUILLERMO BLEST GANA 10841 COMUNA LA FLORIDA";"LA FLORIDA";"13- REGION METROPOLITANA";"-33.55724521823541";"-70.58014261136951"
"12292-76";"TRONCAL SAN FRANCISCO COMUNA LA FLORIDA";"LA FLORIDA";"13- REGION METROPOLITANA";"-33.56665221455174";"-70.5986494500795"
"2516-39";"SANTA AMALIA 1022 COMUNA LA FLORIDA";"LA FLORIDA";"13- REGION METROPOLITANA";"-33.541631272771546";"-70.57926875308985"
"3095-91";"MARIA ELENA COMUNA LA FLORIDA";"LA FLORIDA";"13- REGION METROPOLITANA";"-33.561881568578045";"-70.60064918137962"
"3140-2";"OHIGGINS 948 DEPARTAMENTO 102 COMUNA SAN BERNARDO";"SAN BERNARDO";"13- REGION METROPOLITANA";"-33.59018446775291";"-70.70957950230604"
"2851-57";"PORVENIR 630 DEPARTAMENTO 202 COMUNA SANTIAGO";"SANTIAGO";"13- REGION METROPOLITANA";"-33.4572125468054";"-70.64202421373643"
"793-11";"ACONCAGUA 8289 COMUNA LA FLORIDA";"LA FLORIDA";"13- REGION METROPOLITANA";"-33.53066986522886";"-70.60791237536694"
"6972-11";"LAS ENCINAS 8317 COMUNA LA FLORIDA";"LA FLORIDA";"13- REGION METROPOLITANA";"-33.52766867664283";"-70.56416716053552"
"1382-2";"YOKOHAMA 6865 COMUNA LA FLORIDA";"LA FLORIDA";"13- REGION METROPOLITANA";"-33.517406911333445";"-70.5923593527787"
"759-7";"GENERAL LAS HERAS COMUNA LA FLORIDA";"LA FLORIDA";"13- REGION METROPOLITANA";"-33.53303629612177";"-70.60483916118655"
"5461-3";"MARTIN DE SOLIS 14260 COMUNA SAN BERNARDO";"SAN BERNARDO";"13- REGION METROPOLITANA";"-33.590200702285614";"-70.68319455020136"
"3140-3";"OHIGGINS 948 DEPARTAMENTO 201 COMUNA SAN BERNARDO";"SAN BERNARDO";"13- REGION METROPOLITANA";"-33.590051220374335";"-70.70944451038777"
"NO TIENE";"EL APERO COMUNA LA FLORIDA";"LA FLORIDA";"13- REGION METROPOLITANA";"-33.56113742029964";"-70.61024956801101"
"1189-1";"SOTERO DEL RIO 953 COMUNA LA FLORIDA";"LA FLORIDA";"13- REGION METROPOLITANA";"-33.53931317172419";"-70.60468406624312"
"904-34";"MARIN 0193 DEPARTAMENTO 122 COMUNA PROVIDENCIA";"PROVIDENCIA";"13- REGION METROPOLITANA";"-33.444774181044245";"-70.62924821189316"
"710-33";"VOLCAN CALBUCO 5850 COMUNA LA FLORIDA";"LA FLORIDA";"13- REGION METROPOLITANA";"-33.51364214495723";"-70.56677480995168"
"4129-5";"CHACAYAL 1193 COMUNA LA FLORIDA";"LA FLORIDA";"13- REGION METROPOLITANA";"-33.560627741695356";"-70.59846801162969"
"2444-11";"PERU 9053 COMUNA LA FLORIDA";"LA FLORIDA";"13- REGION METROPOLITANA";"-33.53722464627021";"-70.58719247179967"
"2456-16";"ESTADOS UNIDOS 1104 COMUNA CERRO NAVIA";"CERRO NAVIA";"13- REGION METROPOLITANA";"-33.43595393437477";"-70.7381010287828"
"3005-1";"JUAN CHACON CORONA 7208 COMUNA CERRO NAVIA";"CERRO NAVIA";"13- REGION METROPOLITANA";"-33.423975715524705";"-70.73845906269288"
"3287-6";"PASAJE MALAQUITAS 2169 COMUNA CERRO NAVIA";"CERRO NAVIA";"13- REGION METROPOLITANA";"-33.41773962633132";"-70.72527745191411"
"2363-17";"SANTA TERESA DE LOS ANDES 1431 SITIO 30 COMUNA CERRO NAVIA";"CERRO NAVIA";"13- REGION METROPOLITANA";"-33.428348167003655";"-70.73936807689086"
"2635-25";"LOYOLA 6277 COMUNA CERRO NAVIA";"CERRO NAVIA";"13- REGION METROPOLITANA";"-33.43634655250884";"-70.72364012565245"
"4231-4";"SADO 7965 LOTE 1 COMUNA CERRO NAVIA";"CERRO NAVIA";"13- REGION METROPOLITANA";"-33.41947277322372";"-70.75085615081049"
"2776-16";"NAPOLES 1433 A-B COMUNA CERRO NAVIA";"CERRO NAVIA";"13- REGION METROPOLITANA";"-33.42849803350486";"-70.73355646530923"
"3503-1";"5 DE FEBRERO 413 COMUNA CERRO NAVIA";"CERRO NAVIA";"13- REGION METROPOLITANA";"-33.417270690715256";"-70.72871707774581"
"2646-21";"LEONOR DE LA CORTE 6647 COMUNA CERRO NAVIA";"CERRO NAVIA";"13- REGION METROPOLITANA";"-33.433715757075";"-70.72828459557059"
"2484-9";"GABRIELA MISTRAL 1254 COMUNA CERRO NAVIA";"CERRO NAVIA";"13- REGION METROPOLITANA";"-33.432370087581106";"-70.73643405439387"
"567-88";"JUAREZ LARGA 760 LOTE 3 COMUNA RECOLETA";"RECOLETA";"13- REGION METROPOLITANA";"-33.42609650496553";"-70.64859058643322"
"1768-2";"VERA 473 COMUNA RECOLETA";"RECOLETA";"13- REGION METROPOLITANA";"-33.419313429665955";"-70.64213572905203"
"3735-34";"RECOLETA 2646-2774 LOTE UNO A COMUNA RECOLETA";"RECOLETA";"13- REGION METROPOLITANA";"-33.4016234560541";"-70.64458652591199"
"6048-26";"COBRE 3672 COMUNA RECOLETA";"RECOLETA";"13- REGION METROPOLITANA";"-33.391409234449135";"-70.63886323407164"
"4082-2";"REINA DE CHILE 349 COMUNA RECOLETA";"RECOLETA";"13- REGION METROPOLITANA";"-33.402920132458725";"-70.62796051812937"
"3908-19";"MUNOZ GAMERO 972 COMUNA RECOLETA";"RECOLETA";"13- REGION METROPOLITANA";"-33.40072897384748";"-70.65127881621994"
"4246-26";"BERLIN 878 MANZANA F COMUNA SAN MIGUEL";"SAN MIGUEL";"13- REGION METROPOLITANA";"-33.49456830927869";"-70.64875069621587"
"78-2";"BELLAVISTA 180 COMUNA RECOLETA";"RECOLETA";"13- REGION METROPOLITANA";"-33.43407881563991";"-70.64150651449178"
"98-8";"ENRIQUE HERRERA BRICENO LOCAL 826 COMUNA TALAGANTE";"TALAGANTE";"13- REGION METROPOLITANA";"-33.660860266548966";"-70.91996969036794"
"4036-4";"MUNOZ GAMERO 574 COMUNA RECOLETA";"RECOLETA";"13- REGION METROPOLITANA";"-33.40120887396909";"-70.64204762583728"
"74-81";"BELLAVISTA 256 PISO 1 DEPARTAMENTO 3 COMUNA RECOLETA";"RECOLETA";"13- REGION METROPOLITANA";"-33.433429963593845";"-70.64344259959107"
"2975-9";"CAMPINO 2077 SITIO 4 COMUNA RECOLETA";"RECOLETA";"13- REGION METROPOLITANA";"-33.408388332495946";"-70.63679054040689"
"3071-21";"ALBANO 2151 COMUNA RECOLETA";"RECOLETA";"13- REGION METROPOLITANA";"-33.40763869430668";"-70.63882428145916"
"478-70";"BOMBERO NUNEZ 360 COMUNA RECOLETA";"RECOLETA";"13- REGION METROPOLITANA";"-33.429639166802076";"-70.63889749762171"
"2376-7";"DESIDERIO LEMUS 0143 COMUNA RECOLETA";"RECOLETA";"13- REGION METROPOLITANA";"-33.41562830588185";"-70.6376688394494"
"3422-69";"GABRIEL PALMA 818 COMUNA RECOLETA";"RECOLETA";"13- REGION METROPOLITANA";"-33.402507856250224";"-70.64821849121697"
"467-20";"NUEVA RENGIFO 387 COMUNA RECOLETA";"RECOLETA";"13- REGION METROPOLITANA";"-33.42857306056883";"-70.6480617088255"
"3193-11";"ANTONIA PRADO 0603 COMUNA RECOLETA";"RECOLETA";"13- REGION METROPOLITANA";"-33.40709401060003";"-70.62480988531995"
"3376-12";"EL ROBLE 0171 COMUNA RECOLETA";"RECOLETA";"13- REGION METROPOLITANA";"-33.40488780119292";"-70.63169848248285"
"2278-14";"ELCIRA LEMUS 0335 SITIO 75 COMUNA RECOLETA";"RECOLETA";"13- REGION METROPOLITANA";"-33.41551001308241";"-70.63478928685251"
"1268-1";"SANTOS DUMONT 505 COMUNA RECOLETA";"RECOLETA";"13- REGION METROPOLITANA";"-33.421688386310514";"-70.6435302430691"
"3140-6";"OHIGGINS 948 DEPARTAMENTO 302 COMUNA SAN BERNARDO";"SAN BERNARDO";"13- REGION METROPOLITANA";"-33.589929148174825";"-70.70937421366908"
"3542-14";"MONTECARMELO 734 COMUNA SAN MIGUEL";"SAN MIGUEL";"13- REGION METROPOLITANA";"-33.49318357574133";"-70.64289292499396"
"2114-43";"AURORA DE CHILE 2768 COMUNA INDEPENDENCIA";"INDEPENDENCIA";"13- REGION METROPOLITANA";"-33.41343703142321";"-70.67283004105062"
"11018";"PARQUE DE LA FAMILIA COMUNA QUINTA NORMAL";"QUINTA NORMAL";"13- REGION METROPOLITANA";"-33.424330702880496";"-70.67992231009009"
"1024-47";"GAMERO 2042 DEPARTAMENTO 2042 A COMUNA INDEPENDENCIA";"INDEPENDENCIA";"13- REGION METROPOLITANA";"-33.42241511086122";"-70.6668253585503"
"3049-45";"SANTA LAURA 1290 COMUNA INDEPENDENCIA";"INDEPENDENCIA";"13- REGION METROPOLITANA";"-33.40576051952997";"-70.65829724060501"
"2857-6";"GENERAL SAAVEDRA 1159 COMUNA INDEPENDENCIA";"INDEPENDENCIA";"13- REGION METROPOLITANA";"-33.40894796232702";"-70.65584698844161"
"1317-24";"SALOMON SACK 400 PISO 1 DEPARTAMENTO 14 COMUNA INDEPENDENCIA";"INDEPENDENCIA";"13- REGION METROPOLITANA";"-33.4198534804279";"-70.67073204311004"
"331-2";"GANDARILLAS 115 COMUNA PUENTE ALTO";"PUENTE ALTO";"13- REGION METROPOLITANA";"-33.607147882049375";"-70.57926824804565"
"3356-3";"EINSTEIN 1237 ANTES CENTENARIO 947 LOTE A Y B COMUNA INDEPENDENCIA";"INDEPENDENCIA";"13- REGION METROPOLITANA";"-33.402779425312794";"-70.65834013184256"
"2437-5";"INGLATERRA 1575 ANTES 1405 COMUNA INDEPENDENCIA";"INDEPENDENCIA";"13- REGION METROPOLITANA";"-33.41202281624616";"-70.66218363882429"
"3356-2";"EINSTEIN 1227 COMUNA INDEPENDENCIA";"INDEPENDENCIA";"13- REGION METROPOLITANA";"-33.4027360738983";"-70.65818748042443"
"2148-23";"LUIS ENRIQUE MONTT 1121 LOTE 16 COMUNA INDEPENDENCIA";"INDEPENDENCIA";"13- REGION METROPOLITANA";"-33.41407789985613";"-70.6562125308381"
"819-17";"CONSTANTINO 589 COMUNA QUINTA NORMAL";"QUINTA NORMAL";"13- REGION METROPOLITANA";"-33.44548353081687";"-70.6959248886715"
"4624-29";"ROSARIO VARELA 4698 MANZANA E LOTE 80119 COMUNA QUINTA NORMAL";"QUINTA NORMAL";"13- REGION METROPOLITANA";"-33.41422219060667";"-70.69918323156303"
"4755-45";"SANTA EDELMIRA 6450 COMUNA QUINTA NORMAL";"QUINTA NORMAL";"13- REGION METROPOLITANA";"-33.41145122368064";"-70.71469212970267"
"4935-4";"PLATON 5055 COMUNA QUINTA NORMAL";"QUINTA NORMAL";"13- REGION METROPOLITANA";"-33.41081506178839";"-70.70449735079033"
"4034-33";"LOTE 1A COMUNA QUINTA NORMAL";"QUINTA NORMAL";"13- REGION METROPOLITANA";"-33.411813364971245";"-70.72119592657675"
"1323-25";"CARLOS PEZOA VELIZ 851 COMUNA QUINTA NORMAL";"QUINTA NORMAL";"13- REGION METROPOLITANA";"-33.44209457655864";"-70.69864492462749"
"4622-18";"DOCTOR JORGE WALLS 4580 MANZANA W LOTE CB COMUNA QUINTA NORMAL";"QUINTA NORMAL";"13- REGION METROPOLITANA";"-33.414826271883484";"-70.69721862977597"
"4044-34";"LOTE 1B COMUNA QUINTA NORMAL";"QUINTA NORMAL";"13- REGION METROPOLITANA";"-33.41145786695183";"-70.72062280601071"
"1613-8";"CORONEL ROBLES 1131 ESQUINA SAN PABLO COMUNA QUINTA NORMAL";"QUINTA NORMAL";"13- REGION METROPOLITANA";"-33.43787770562158";"-70.69197670071605"
"4055-35";"LOTE 1C COMUNA QUINTA NORMAL";"QUINTA NORMAL";"13- REGION METROPOLITANA";"-33.410811641635554";"-70.7186906588252"
"4044-37";"COSTANERA SUR LOTE 3 COMUNA QUINTA NORMAL";"QUINTA NORMAL";"13- REGION METROPOLITANA";"-33.40835576506976";"-70.70872185191115"
"4044-38";"COSTANERA SUR LOTE 4 COMUNA QUINTA NORMAL";"QUINTA NORMAL";"13- REGION METROPOLITANA";"-33.41287105731846";"-70.69766199820647"
"1523-1";"SAN PABLO 4660 LOTE D COMUNA QUINTA NORMAL";"QUINTA NORMAL";"13- REGION METROPOLITANA";"-33.43963784814299";"-70.69871711782679"
"93-2";"MAPOCHO 3885 LOTE B COMUNA QUINTA NORMAL";"QUINTA NORMAL";"13- REGION METROPOLITANA";"-33.43186167738503";"-70.68752540535479"
"2150-1";"SAN JOSE 1053 Y BELISARIO PRATS 1587 COMUNA INDEPENDENCIA";"INDEPENDENCIA";"13- REGION METROPOLITANA";"-33.41334069203331";"-70.653417104445"
"3414-19";"GENERAL NOVOA 4220 COMUNA QUINTA NORMAL";"QUINTA NORMAL";"13- REGION METROPOLITANA";"-33.4281163157755";"-70.6922433115667"
"3924-10";"CARRASCAL 4696 ANTES 4760 COMUNA QUINTA NORMAL";"QUINTA NORMAL";"13- REGION METROPOLITANA";"-33.42188766767894";"-70.69828731719609"
"4044-36";"COSTANERA SUR LOTE 2 COMUNA QUINTA NORMAL";"QUINTA NORMAL";"13- REGION METROPOLITANA";"-33.40920275681471";"-70.71357240939962"
"1414-23";"APOSTOL SANTIAGO 878 COMUNA QUINTA NORMAL";"QUINTA NORMAL";"13- REGION METROPOLITANA";"-33.439615786448954";"-70.6920805025852"
"3514-46";"JOAQUIN WALKER MARTINEZ ESQUINA PASAJE CINTOLESI 4244 COMUNA QUINTA NORMAL";"QUINTA NORMAL";"13- REGION METROPOLITANA";"-33.42742592095984";"-70.69215938800782"
"152-2";"VICENTE REYES 198 LOTE 2 COMUNA MAIPU";"MAIPU";"13- REGION METROPOLITANA";"-33.52384600858638";"-70.75411926908896"
"155-34";"RAMON FREIRE 875 COMUNA MAIPU";"MAIPU";"13- REGION METROPOLITANA";"-33.51907570861362";"-70.75691269743291"
"787-22";"LAS PERDICES 1378 SITIO 86 COMUNA MAIPU";"MAIPU";"13- REGION METROPOLITANA";"-33.521200568604414";"-70.77673147710188"
"6015-119";"PARQUE CENTRAL ORIENTE COMUNA MAIPU";"MAIPU";"13- REGION METROPOLITANA";"-33.55425802921545";"-70.79398662158586"
"1165-3";"RINCONADA SIN NUMERO MANZANA 21 LOTE A PRIMA COMUNA MAIPU";"MAIPU";"13- REGION METROPOLITANA";"-33.50816375599847";"-70.77421541887634"
"650-8";"RAFAEL RIESCO BERNALES 257 COMUNA MAIPU";"MAIPU";"13- REGION METROPOLITANA";"-33.496413677394216";"-70.75434363258142"
"54-14";"5 DE ABRIL ALTURA 447 LOTE Z-1 COMUNA MAIPU";"MAIPU";"13- REGION METROPOLITANA";"-33.51004144707905";"-70.76291253334631"
"173-40";"CUATRO ALAMOS 215 PARCELA 24 A COMUNA MAIPU";"MAIPU";"13- REGION METROPOLITANA";"-33.51647250547333";"-70.75414022693424"
"54-70";"5 DE ABRIL 449 LOTE Y-1 COMUNA MAIPU";"MAIPU";"13- REGION METROPOLITANA";"-33.51001287309557";"-70.76300908340245"
"7493-11";"ANTOFAGASTA 2240 DEPARTAMENTO 203 COMUNA MAIPU";"MAIPU";"13- REGION METROPOLITANA";"-33.51090452977378";"-70.79656702814066"
"976-1";"CAMINO A MELIPILLA 9229 COMUNA MAIPU";"MAIPU";"13- REGION METROPOLITANA";"-33.51208293514414";"-70.72929190378348"
"213-3";"ALFA DE LA CRUZ 8564 COMUNA PUDAHUEL";"PUDAHUEL";"13- REGION METROPOLITANA";"-33.46107863771891";"-70.75410021395368"
"212-4";"CIGNUS 8575 COMUNA PUDAHUEL";"PUDAHUEL";"13- REGION METROPOLITANA";"-33.46139316747018";"-70.75480120617406"
"212-3";"CASTOR 259 COMUNA PUDAHUEL";"PUDAHUEL";"13- REGION METROPOLITANA";"-33.461353955980634";"-70.7550308453427"
"1806-1";"TEHUANTEPEC 1040 COMUNA PUDAHUEL";"PUDAHUEL";"13- REGION METROPOLITANA";"-33.4388537198907";"-70.74458573491128"
"3752-7";"EL SOL 754 COMUNA PUDAHUEL";"PUDAHUEL";"13- REGION METROPOLITANA";"-33.44544537412289";"-70.75203358034743"
"2596-58";"DIAGONAL PONIENTE 9129 COMUNA PUDAHUEL";"PUDAHUEL";"13- REGION METROPOLITANA";"-33.42875120851676";"-70.76293995166064"
"2559-13";"SERRANO 1266 COMUNA PUDAHUEL";"PUDAHUEL";"13- REGION METROPOLITANA";"-33.435128983674275";"-70.76734362509508"
"2571-13";"MARIA ANGELICA 9458 MANZANA H LOTE 8 COMUNA PUDAHUEL";"PUDAHUEL";"13- REGION METROPOLITANA";"-33.43528205373889";"-70.76824100772495"
"3829-12";"EL COBRE 8686 DEPARTAMENTO 34 COMUNA PUDAHUEL";"PUDAHUEL";"13- REGION METROPOLITANA";"-33.44619009477072";"-70.75367411699048"
"3747-1";"EL COBRE 8605 LOTE A Y EL SALITRE 748 LOTE B COMUNA PUDAHUEL";"PUDAHUEL";"13- REGION METROPOLITANA";"-33.44552794093131";"-70.75099867448158"
"607-68";"LOS MARES 8525 COMUNA PUDAHUEL";"PUDAHUEL";"13- REGION METROPOLITANA";"-33.46520339376297";"-70.75390212087898"
"383-6";"LA ESTRELLA ENTRE PASAJE MAR NEGRO Y OCEANO ATLANTICO LOTE B COMUNA PUDAHUEL";"PUDAHUEL";"13- REGION METROPOLITANA";"-33.46285197117181";"-70.75258588503921"
"2065-33";"DIAGONAL SUR 8880 COMUNA PUDAHUEL";"PUDAHUEL";"13- REGION METROPOLITANA";"-33.434540889399265";"-70.75497475253714"
"1866-1";"RIO ATRATOS 8448 COMUNA PUDAHUEL";"PUDAHUEL";"13- REGION METROPOLITANA";"-33.43472374834859";"-70.74320026716396"
"2001-1";"HERALDICA 8897 COMUNA PUDAHUEL";"PUDAHUEL";"13- REGION METROPOLITANA";"-33.43785016892459";"-70.75666479940229"
"383-7";"LA ESTRELLA ENTRE PASAJE MAR NEGRO Y OCEANO ATLANTICO LOTE A COMUNA PUDAHUEL";"PUDAHUEL";"13- REGION METROPOLITANA";"-33.46249457446019";"-70.75247427945594"
"383-2";"MAR DEL JAPON 210 COMUNA PUDAHUEL";"PUDAHUEL";"13- REGION METROPOLITANA";"-33.462956933343314";"-70.75215905376027"
"5702-13";"FEDERICO ERRAZURIZ 788 LOTE 5-B COMUNA PUDAHUEL";"PUDAHUEL";"13- REGION METROPOLITANA";"-33.443181575242406";"-70.76430693108574"
"213-1";"ARA 259 COMUNA PUDAHUEL";"PUDAHUEL";"13- REGION METROPOLITANA";"-33.461344158960294";"-70.75430465705793"
"35-12";"JOSE FRANCISCO VERGARA 300 EX 328 COMUNA QUILICURA";"QUILICURA";"13- REGION METROPOLITANA";"-33.367494702393465";"-70.73293436296666"
"35-9";"JOSE FRANCISCO VERGARA 256 266 COMUNA QUILICURA";"QUILICURA";"13- REGION METROPOLITANA";"-33.36549944147826";"-70.73660665057218"
"661-21";"DOMINGO SANTA MARIA 3278 LOTE 407 DOMINGO SANTA MARIA 3286 LOTE 406 COMUNA RENCA";"RENCA";"13- REGION METROPOLITANA";"-33.410236659873036";"-70.69035730555466"
"2679-5";"IRMA 1427 MANZANA F-5 LOTE 5 COMUNA CONCHALI";"CONCHALI";"13- REGION METROPOLITANA";"-33.382983088033136";"-70.66660194742038"
"2434-36";"CARDENAL CARO COMUNA CONCHALI";"CONCHALI";"13- REGION METROPOLITANA";"-33.38939923887688";"-70.66117227272545"
"6652-5";"LOS EUCALIPTUS 5753 COMUNA CONCHALI";"CONCHALI";"13- REGION METROPOLITANA";"-33.37599380714741";"-70.69046623600815"
"2324-32";"TENIENTE PONCE 1916 MANZANA 3 SITIO 27 COMUNA CONCHALI";"CONCHALI";"13- REGION METROPOLITANA";"-33.39387109605845";"-70.67428062960605"
"6675-3";"EL CORTIJO PANAMERICANA NORTE 5411 COMUNA CONCHALI";"CONCHALI";"13- REGION METROPOLITANA";"-33.37818629429524";"-70.69347845591827"
"3431-13";"LOTEO COOPERATIVA HEIREMANSS COMUNA CONCHALI";"CONCHALI";"13- REGION METROPOLITANA";"-33.36927125176967";"-70.6772331279644"
"1204-1";"SANTA ZENOBIA SIN NUMERO ACERA NORTE COMUNA LO PRADO";"LO PRADO";"13- REGION METROPOLITANA";"-33.444545582555996";"-70.71024438121388"
"3622-25";"INGENIERO GIROZ COMUNA LO PRADO";"LO PRADO";"13- REGION METROPOLITANA";"-33.44958136959107";"-70.71831600352988"
"5521-1";"MINISTRO GANA 40 COMUNA LO PRADO";"LO PRADO";"13- REGION METROPOLITANA";"-33.45548115522767";"-70.7189823123395"
"1104-1";"SANTA ZENOBIA SIN NUMERO ACERA SUR COMUNA LO PRADO";"LO PRADO";"13- REGION METROPOLITANA";"-33.44502539663755";"-70.71029227648438"
"1002-1";"LAS REJAS NORTE 120 LOTE B COMUNA LO PRADO";"LO PRADO";"13- REGION METROPOLITANA";"-33.45483835245868";"-70.70629474285647"
"1551-5";"SAN PABLO 7127 COMUNA LO PRADO";"LO PRADO";"13- REGION METROPOLITANA";"-33.44434192109015";"-70.73516778081635"
"3364-3";"ERNEST HEMINGWAY 317 MANZANA 66 LOTE 3 COMUNA LO PRADO";"LO PRADO";"13- REGION METROPOLITANA";"-33.45059701499864";"-70.73261302670551"
"11755-1";"LOS TAMARINDOS 5901 COMUNA LO PRADO";"LO PRADO";"13- REGION METROPOLITANA";"-33.43955605886868";"-70.71991181430485"
"2043-3";"LOS ALAMOS 6927 COMUNA LO PRADO";"LO PRADO";"13- REGION METROPOLITANA";"-33.44048707449994";"-70.73160833673757"
"1047-16";"PERU COMUNA LO PRADO";"LO PRADO";"13- REGION METROPOLITANA";"-33.45258871392153";"-70.70854960457918"
"1035-4";"GENERAL VELASQUEZ 975 COMUNA ESTACION CENTRAL";"ESTACION CENTRAL";"13- REGION METROPOLITANA";"-33.461969333762255";"-70.688625348321"
"6407-203";"CATORCE 1368 COMUNA NUNOA";"NUNOA";"13- REGION METROPOLITANA";"-33.470104701150134";"-70.61721294313134"
"3513-3";"GENERAL NOVOA 4183 LOTE 1-A Y LOTE 1-B COMUNA QUINTA NORMAL";"QUINTA NORMAL";"13- REGION METROPOLITANA";"-33.42768503935996";"-70.6913584066041"
"450-16";"MATUCANA 100 AL 214 COMUNA ESTACION CENTRAL";"ESTACION CENTRAL";"13- REGION METROPOLITANA";"-33.444562996436005";"-70.67990760484342"
"328-2";"PORTALES 3586 LOTE 1 COMUNA ESTACION CENTRAL";"ESTACION CENTRAL";"13- REGION METROPOLITANA";"-33.444768306846086";"-70.68515967734933"
"398-1";"LAS ENCINAS 97 COMUNA ESTACION CENTRAL";"ESTACION CENTRAL";"13- REGION METROPOLITANA";"-33.44720468491307";"-70.68776977187349"
"6527-9";"MARIA MAGDALENA 689 COMUNA ESTACION CENTRAL";"ESTACION CENTRAL";"13- REGION METROPOLITANA";"-33.46945582235765";"-70.69783709637767"
"5194-2";"AULEN 1392 LOTE 1 COMUNA ESTACION CENTRAL";"ESTACION CENTRAL";"13- REGION METROPOLITANA";"-33.47251532827635";"-70.70434867738312"
"7544-20";"LAS REJAS 355 COMUNA ESTACION CENTRAL";"ESTACION CENTRAL";"13- REGION METROPOLITANA";"-33.44939195082803";"-70.70659320671587"
"7332-7";"FRANCISCO ZELADA 147 MANZANA 17 LOTE 5 COMUNA ESTACION CENTRAL";"ESTACION CENTRAL";"13- REGION METROPOLITANA";"-33.450852373886";"-70.70335274567586"
"5082-9";"HUILLINCO 6062 COMUNA ESTACION CENTRAL";"ESTACION CENTRAL";"13- REGION METROPOLITANA";"-33.474363443665524";"-70.70538966106358"
"594-43";"OBISPO JAVIER VASQUEZ 3987 COMUNA ESTACION CENTRAL";"ESTACION CENTRAL";"13- REGION METROPOLITANA";"-33.45499096749146";"-70.68999006195702"
"594-42";"OBISPO JAVIER VASQUEZ 3985 COMUNA ESTACION CENTRAL";"ESTACION CENTRAL";"13- REGION METROPOLITANA";"-33.45497519316404";"-70.68990480475235"
"5246-5";"TAITAO 5812 MANZANA 71 LOTE 4 COMUNA ESTACION CENTRAL";"ESTACION CENTRAL";"13- REGION METROPOLITANA";"-33.469391827210245";"-70.71065373013522"
"201-46";"MIRAFLORES 666 DEPARTAMENTO 205 COMUNA SANTIAGO";"SANTIAGO";"13- REGION METROPOLITANA";"-33.43532667724341";"-70.64615161090093"
"1230-13";"ARZOBISPO SUBERCASEAUX 4265 SITIO 10 COMUNA ESTACION CENTRAL";"ESTACION CENTRAL";"13- REGION METROPOLITANA";"-33.466536890947644";"-70.69252610052442"
"942-118";"NICASIO RETAMALES 836 COMUNA ESTACION CENTRAL";"ESTACION CENTRAL";"13- REGION METROPOLITANA";"-33.46087381690147";"-70.68780189672935"
"5444-7";"LAS ESTEPAS 845 COMUNA ESTACION CENTRAL";"ESTACION CENTRAL";"13- REGION METROPOLITANA";"-33.472284837638334";"-70.71482312472594"
"5259-12";"5 DE ABRIL 4936 LOTE A COMUNA ESTACION CENTRAL";"ESTACION CENTRAL";"13- REGION METROPOLITANA";"-33.46413456980426";"-70.70207724701123"
"104-37";"VULCANO 1871 MANZANA 16 LOTE 6 COMUNA CERRILLOS";"CERRILLOS";"13- REGION METROPOLITANA";"-33.49836183766329";"-70.73371637157516"
"4198-6";"MANUEL BAQUEDANO 759 COMUNA HUECHURABA";"HUECHURABA";"13- REGION METROPOLITANA";"-33.37174528996147";"-70.63805364584478"
"7018-13";"LAS BANDURRIAS 6878 COMUNA HUECHURABA";"HUECHURABA";"13- REGION METROPOLITANA";"-33.35576294896684";"-70.68809023681501"
"1609-6";"REPUBLICA DE GUYANA 439 COMUNA HUECHURABA";"HUECHURABA";"13- REGION METROPOLITANA";"-33.37454048832688";"-70.63069264672217"
"1531-11";"GRANEROS 856 COMUNA HUECHURABA";"HUECHURABA";"13- REGION METROPOLITANA";"-33.37487639101901";"-70.64162115800264"
"593-52, 593-53, 593-54";"CARLOS VALDOVINOS 3957 SAN JOAQUIN 3549 AL 3555 COMUNA CERRILLOS";"CERRILLOS";"13- REGION METROPOLITANA";"-33.47795655645637";"-70.68968765945397"
"45064";"CAMINO A MELIPILLA 7784 COMUNA CERRILLOS";"CERRILLOS";"13- REGION METROPOLITANA";"-33.50720946477118";"-70.7144086589986"
"14-16";"LAS ARAUCARIAS 8091 COMUNA CERRILLOS";"CERRILLOS";"13- REGION METROPOLITANA";"-33.511341234286185";"-70.71856219435934"
"405-7";"HAITI 7073 SITIO 98 COMUNA CERRILLOS";"CERRILLOS";"13- REGION METROPOLITANA";"-33.48727657730152";"-70.72539710421388"
"901-112";"PEDRO AGUIRRE CERDA SIN NUMERO COMUNA CERRILLOS";"CERRILLOS";"13- REGION METROPOLITANA";"-33.498170918633186";"-70.70592820811349"
"216-3";"DIVINO MAESTRO 7433 COMUNA CERRILLOS";"CERRILLOS";"13- REGION METROPOLITANA";"-33.49901372232505";"-70.72874009579337"
"40-33";"HOLANDA 3806 COMUNA NUNOA";"NUNOA";"13- REGION METROPOLITANA";"-33.45420073224348";"-70.59594973126988"
"5639-3";"EDUARDO CASTILLO VELASCO 3241 COMUNA NUNOA";"NUNOA";"13- REGION METROPOLITANA";"-33.45934120257475";"-70.59712462874813"
"1571-3";"ROSITA RENARD 1179 LOTE A COMUNA NUNOA";"NUNOA";"13- REGION METROPOLITANA";"-33.443429736963296";"-70.57425287931409"
"1210-7";"RENGO 761 - LUIS BELTRAN 1725 SITIO 3 COMUNA NUNOA";"NUNOA";"13- REGION METROPOLITANA";"-33.448978014700806";"-70.62005110648819"
"6406-19";"VIA TRECE 1084 COMUNA NUNOA";"NUNOA";"13- REGION METROPOLITANA";"-33.46992391583807";"-70.61950031484864"
"6133-217 - 6133-67";"PEDRO DE VALDIVIA 4650 COMUNA NUNOA";"NUNOA";"13- REGION METROPOLITANA";"-33.467069826328974";"-70.60562380683444"
"5629-26";"PEDRO DE VALDIVIA 4070 COMUNA NUNOA";"NUNOA";"13- REGION METROPOLITANA";"-33.46006743100408";"-70.60545923301933"
"5669-13";"PEDRO LOBOS 666 COMUNA NUNOA";"NUNOA";"13- REGION METROPOLITANA";"-33.46213745333229";"-70.57786126789385"
"5153-23";"LOS JARDINES 300 SITIO 51 COMUNA NUNOA";"NUNOA";"13- REGION METROPOLITANA";"-33.45851372710675";"-70.58854300455913"
"51-6";"BROWN NORTE 369 COMUNA NUNOA";"NUNOA";"13- REGION METROPOLITANA";"-33.45192390135494";"-70.5909943943174"
"1229-17 Y 1229-18";"HERNAN CORTES 2552 - 2572 COMUNA NUNOA";"NUNOA";"13- REGION METROPOLITANA";"-33.44647863923183";"-70.60481819624306"
"6115-1";"GRECIA 2001 COMUNA NUNOA";"NUNOA";"13- REGION METROPOLITANA";"-33.46606576618012";"-70.61061671321625"
"3903-32";"LO ENCALADA 207 COMUNA NUNOA";"NUNOA";"13- REGION METROPOLITANA";"-33.454052909737875";"-70.62544754214603"
"5409-7";"JOSE DOMINGO CANAS 1121 COMUNA NUNOA";"NUNOA";"13- REGION METROPOLITANA";"-33.45600744636614";"-70.61945244639836"
"51-1";"BROWN NORTE 105 COMUNA NUNOA";"NUNOA";"13- REGION METROPOLITANA";"-33.454271306387476";"-70.59114763058459"
"6432-1";"LAS ENCINAS 2725 LOTE A COMUNA NUNOA";"NUNOA";"13- REGION METROPOLITANA";"-33.46921084875108";"-70.60391946314842"
"53-24";"JULIO ZEGERS 4223 MANZANA O LOTE 5 COMUNA NUNOA";"NUNOA";"13- REGION METROPOLITANA";"-33.45152768683385";"-70.58695278166616"
"6308-5";"ARISTOTELES 911 CASA 5 COMUNA NUNOA";"NUNOA";"13- REGION METROPOLITANA";"-33.46471357428084";"-70.62193688088814"
"3963-7 Y 3963-8";"SAN JORGE 57 MANZANA TERCERA SITIO 2; IRARRAZAVAL 4957 MANZANA 3 SITIO 1 PARTE; COMUNA NUNOA";"NUNOA";"13- REGION METROPOLITANA";"-33.45481856861422";"-70.57807992578203"
"5432-36";"EDUARDO CASTILLO VELASCO 2864 COMUNA NUNOA";"NUNOA";"13- REGION METROPOLITANA";"-33.4582429392214";"-70.60184012678027"
"6150-105";"BOLSON AZAPA COMUNA NUNOA";"NUNOA";"13- REGION METROPOLITANA";"-33.46617719048171";"-70.59225193190929"
"6025-21";"GRECIA 2298 COMUNA NUNOA";"NUNOA";"13- REGION METROPOLITANA";"-33.46192631482334";"-70.6072027258254"
"261-38";"COVENTRY 244 COMUNA NUNOA";"NUNOA";"13- REGION METROPOLITANA";"-33.452261767626645";"-70.58088160079545"
"6623-14";"LOS AVELLANOS 2206 COMUNA NUNOA";"NUNOA";"13- REGION METROPOLITANA";"-33.47328024534816";"-70.6094853107034"
"5141-14";"DOCTOR JOHOW 357 COMUNA NUNOA";"NUNOA";"13- REGION METROPOLITANA";"-33.45826058525752";"-70.59471495543568"
"905-297";"CERRO LA PARVA 980 LOCAL 2 COMUNA LAS CONDES";"LAS CONDES";"13- REGION METROPOLITANA";"-33.405287082200765";"-70.58435548516756"
"2042-15";"LAS CONDES 9147- 9151- 9157 COMUNA LAS CONDES";"LAS CONDES";"13- REGION METROPOLITANA";"-33.39253110266106";"-70.54283189355934"
"795-124";"CERRO ALTAR 6597 DEPARTAMENTO 412 COMUNA LAS CONDES";"LAS CONDES";"13- REGION METROPOLITANA";"-33.401535537410275";"-70.56722851188808"
"905-44";"CERRO LA PARVA 998 DEPARTAMENTO 93 COMUNA LAS CONDES";"LAS CONDES";"13- REGION METROPOLITANA";"-33.405080364927514";"-70.58468527242617"
"777-181";"LOS MILITARES 5550 LOTE 15 A 4 COMUNA LAS CONDES";"LAS CONDES";"13- REGION METROPOLITANA";"-33.40632924777319";"-70.57414435164415"
"4705-11";"LOS PRUNOS 7211 SITIO 181 COMUNA LA REINA";"LA REINA";"13- REGION METROPOLITANA";"-33.454854581025764";"-70.55279363189484"
"710-31";"LORELEY 812 D COMUNA LA REINA";"LA REINA";"13- REGION METROPOLITANA";"-33.445467734472395";"-70.56532558409555"
"3613-107";"FRANCISCO DE VILLAGRA 6295-A COMUNA LA REINA";"LA REINA";"13- REGION METROPOLITANA";"-33.45963636462773";"-70.56448450609446"
"6030-5";"LARRAIN 9900 LOTE A COMUNA LA REINA";"LA REINA";"13- REGION METROPOLITANA";"-33.45201553906206";"-70.52996547681579"
"3800-8";"RUBEN DARIO SUR 21 MANZANA E SITIO 1 COMUNA LA REINA";"LA REINA";"13- REGION METROPOLITANA";"-33.45288082802673";"-70.56236819458148"
"5513-187";"DETECTIVE SEGUNDO VICENTE BOURQUET 7622 COMUNA LA REINA";"LA REINA";"13- REGION METROPOLITANA";"-33.4519030174072";"-70.55017273713409"
"3013-24";"JOSE ARRIETA 5964 SITIO 4 COMUNA LA REINA";"LA REINA";"13- REGION METROPOLITANA";"-33.45983719407765";"-70.56928801462402"
"6706-50";"MAMINA 9621 COMUNA LA REINA";"LA REINA";"13- REGION METROPOLITANA";"-33.456862794166575";"-70.53279781884608"
"6406-54";"CALAMA 686 COMUNA LA REINA";"LA REINA";"13- REGION METROPOLITANA";"-33.45877775880033";"-70.53438027586506"
"1808-143";"SIMON BOLIVAR 7459 LOTE 1-2 COMUNA LA REINA";"LA REINA";"13- REGION METROPOLITANA";"-33.445181138446024";"-70.55344476454088"
"4310-12";"LEONARDO DA VINCI 7088 MANZANA P SITIO 10 LOTE B COMUNA LA REINA";"LA REINA";"13- REGION METROPOLITANA";"-33.460484980847156";"-70.55560844802142"
"5701-60";"POMAIRE 99 LOTE 896 COMUNA LA REINA";"LA REINA";"13- REGION METROPOLITANA";"-33.45296117993723";"-70.53733775207978"
"6200-3";"QUILLAGUA 81 Y SALAR DEL CARMEN 81 COMUNA LA REINA";"LA REINA";"13- REGION METROPOLITANA";"-33.453191727975266";"-70.53379879555983"
"8163-1";"SAN MARCOS 4551 COMUNA MACUL";"MACUL";"13- REGION METROPOLITANA";"-33.49126413042578";"-70.58774694893927"
"9072-60";"BAQUEDANO 4193 K COMUNA MACUL";"MACUL";"13- REGION METROPOLITANA";"-33.49217002296486";"-70.61230701787376"
"9087-39";"FROILAN ROA 5188 COMUNA MACUL";"MACUL";"13- REGION METROPOLITANA";"-33.50222812278353";"-70.59969735398722"
"7263-80";"PASAJE LOS PEATONES 20 2757 SITIO 472 COMUNA MACUL";"MACUL";"13- REGION METROPOLITANA";"-33.481165753746495";"-70.58185564667072"
"6687-465";"ROQUE ESTEBAN SCARPA 2314 COMUNA MACUL";"MACUL";"13- REGION METROPOLITANA";"-33.47761553407562";"-70.57900057700695"
"6289-1";"CALLE DOCE 1296 COMUNA PENALOLEN";"PENALOLEN";"13- REGION METROPOLITANA";"-33.46919216217349";"-70.55712833362115"
"5580-4";"CALLE 138 A 6485 COMUNA PENALOLEN";"PENALOLEN";"13- REGION METROPOLITANA";"-33.464339432567705";"-70.56425893978718"
"9524-1";"KENNEDY 4867 COMUNA PENALOLEN";"PENALOLEN";"13- REGION METROPOLITANA";"-33.503282638529335";"-70.5866521731588"
"9397-1";"LAGO OHIGGINS 8185 ESQUINA PASAJE DOS COMUNA PENALOLEN";"PENALOLEN";"13- REGION METROPOLITANA";"-33.468077371318834";"-70.54513068540655"
"5581-6";"PASAJE 142 6573 COMUNA PENALOLEN";"PENALOLEN";"13- REGION METROPOLITANA";"-33.46449385410804";"-70.56302932259513"
"9005-4";"JOSE ARRIETA 8200 COMUNA PENALOLEN";"PENALOLEN";"13- REGION METROPOLITANA";"-33.46367833070952";"-70.54252487461738"
"9109-10";"MAR ADRIATICO 5314 COMUNA PENALOLEN";"PENALOLEN";"13- REGION METROPOLITANA";"-33.49643994988004";"-70.58388755661875"
"5971-30";"AMERICO VESPUCIO SUR 1342 DEPARTAMENTO 207 COMUNA PENALOLEN";"PENALOLEN";"13- REGION METROPOLITANA";"-33.46554557513976";"-70.57453337820644"
"SIN ROL";"PASAJE DOS 1660 COMUNA PENALOLEN";"PENALOLEN";"13- REGION METROPOLITANA";"-33.473848372213396";"-70.53948173973578"
"7040-12";"LITORAL 5960 COMUNA PENALOLEN";"PENALOLEN";"13- REGION METROPOLITANA";"-33.47387255690611";"-70.57427732843298"
"9334-17";"CONSISTORIAL 1667 COMUNA PENALOLEN";"PENALOLEN";"13- REGION METROPOLITANA";"-33.47339870454553";"-70.5423574376771"
"9556-10";"LOS CEREZOS COMUNA PENALOLEN";"PENALOLEN";"13- REGION METROPOLITANA";"-33.504589472934754";"-70.57480125244977"
"7810-29";"CARACAS EX CEREZOS 2250 COMUNA PENALOLEN";"PENALOLEN";"13- REGION METROPOLITANA";"-33.47893855060977";"-70.56578425858665"
"9005-336";"JOSE ARRIETA 8453 LOTE 43 COMUNA PENALOLEN";"PENALOLEN";"13- REGION METROPOLITANA";"-33.463088578357784";"-70.54202631858766"
"608-22";"MARINER 212 DEPARTAMENTO 301-A COMUNA ESTACION CENTRAL";"ESTACION CENTRAL";"13- REGION METROPOLITANA";"-33.45737276978361";"-70.69817446766255"
"5273-2";"I LITORAL COMUNA PENALOLEN";"PENALOLEN";"13- REGION METROPOLITANA";"-33.47487373713431";"-70.57219518499187"
"9369-6";"PASAJE A CON PASAJE M COMUNA PENALOLEN";"PENALOLEN";"13- REGION METROPOLITANA";"-33.47406090878114";"-70.53547240870269"
"9094-233";"AMERICO VESPUCIO SUR 5602 DEPARTAMENTO 23 BLOCK 34 COMUNA PENALOLEN";"PENALOLEN";"13- REGION METROPOLITANA";"-33.496863388144654";"-70.5845382922388"
"5971-20";"AMERICO VESPUCIO SUR 1342 DEPARTAMENTO 103 COMUNA PENALOLEN";"PENALOLEN";"13- REGION METROPOLITANA";"-33.46543629617603";"-70.57449330552792"
"9643-25";"CABO 2DO JULIO PAVEZ ORTIZ COMUNA PENALOLEN";"PENALOLEN";"13- REGION METROPOLITANA";"-33.498902904135896";"-70.57940990186287"
"7089-22";"CHOLOS 6948 MANZANA 021 SITIO 0024 COMUNA PENALOLEN";"PENALOLEN";"13- REGION METROPOLITANA";"-33.47263300514249";"-70.56156624197838"
"7188-2";"GRECIA 6871 COMUNA PENALOLEN";"PENALOLEN";"13- REGION METROPOLITANA";"-33.472327406217616";"-70.56229679150364"
"7188-1, 7188-3 Y 7188-4";"GRECIA 6891 COMUNA PENALOLEN";"PENALOLEN";"13- REGION METROPOLITANA";"-33.47281565905288";"-70.56225651749577"
"1911-33";"LAS HUALTATAS 7380 COMUNA VITACURA";"VITACURA";"13- REGION METROPOLITANA";"-33.39048249913038";"-70.56039319916935"
"NO TIENE";"PARQUE LAS AMERICAS COMUNA VITACURA";"VITACURA";"13- REGION METROPOLITANA";"-33.40020728075819";"-70.60182098402457"
"111-5";"DAG HAMMARSKJOLD 3209 LOTE 2B2 COMUNA VITACURA";"VITACURA";"13- REGION METROPOLITANA";"-33.40570781655268";"-70.60046875813354"
"1233-188";"JACQUES CAZOTTE FRENTE AL 5600 COMUNA VITACURA";"VITACURA";"13- REGION METROPOLITANA";"-33.39124401010497";"-70.58144737807294"
"589-1";"COSTANERA SUR 4270 LOTE 1 COMUNA VITACURA";"VITACURA";"13- REGION METROPOLITANA";"-33.392155086601555";"-70.59853948151728"
"111-139";"DAG HAMMARSKJOLD LOTE 1-B-B-1 COMUNA VITACURA";"VITACURA";"13- REGION METROPOLITANA";"-33.40496182628054";"-70.60036641073711"
"3215-35";"TORO Y ZAMBRANO 3840 COMUNA SAN JOAQUIN";"SAN JOAQUIN";"13- REGION METROPOLITANA";"-33.49183537202272";"-70.63319336861582"
"1720-114";"SANTA ROSA 3050-3070-3090 LOTE B COMUNA SAN JOAQUIN";"SAN JOAQUIN";"13- REGION METROPOLITANA";"-33.48348478310293";"-70.63994671433497"
"5110-33";"CANADA 5339 LOTE B 1 COMUNA SAN JOAQUIN";"SAN JOAQUIN";"13- REGION METROPOLITANA";"-33.50460824173932";"-70.62021368653785"
"105-4";"SANTA ELENA 2213 COMUNA SAN JOAQUIN";"SAN JOAQUIN";"13- REGION METROPOLITANA";"-33.472255783472576";"-70.62668897423121"
"NO TIENE";"RIVAS 566 COMUNA SAN JOAQUIN";"SAN JOAQUIN";"13- REGION METROPOLITANA";"-33.48027430228776";"-70.63849488556386"
"4721-9";"CARMELA CARVAJAL 180 COMUNA SAN JOAQUIN";"SAN JOAQUIN";"13- REGION METROPOLITANA";"-33.50081035481434";"-70.62575907569118"
"3325-3";"COMERCIO 251 COMUNA SAN JOAQUIN";"SAN JOAQUIN";"13- REGION METROPOLITANA";"-33.49313441359243";"-70.62806128069391"
"5221-26";"DEPARTAMENTAL 285 ANTES 291 COMUNA SAN JOAQUIN";"SAN JOAQUIN";"13- REGION METROPOLITANA";"-33.506066722006075";"-70.63248672561997"
"3410-12";"PINTOR GOYA 3675 COMUNA SAN JOAQUIN";"SAN JOAQUIN";"13- REGION METROPOLITANA";"-33.49258847282484";"-70.62198896818848"
"5496-1";"CONIMO 286 COMUNA SAN JOAQUIN";"SAN JOAQUIN";"13- REGION METROPOLITANA";"-33.510696806629426";"-70.62404113171836"
"5576-5";"LAGO PUYEHUE 5970 COMUNA SAN JOAQUIN";"SAN JOAQUIN";"13- REGION METROPOLITANA";"-33.51187621552479";"-70.61734911371893"
"2838-4";"CABILDO 3519 MANZANA A SITIO 23 COMUNA SAN JOAQUIN";"SAN JOAQUIN";"13- REGION METROPOLITANA";"-33.489013863446885";"-70.63929797767216"
"5110-1";"VICUNA MACKENNA 5065 COMUNA SAN JOAQUIN";"SAN JOAQUIN";"13- REGION METROPOLITANA";"-33.50180711234453";"-70.6174059918031"
"5443-13";"CARMEN MENA 230 EX 270 COMUNA SAN JOAQUIN";"SAN JOAQUIN";"13- REGION METROPOLITANA";"-33.50962136077142";"-70.62356263759249"
"5110-33";"CANADA 5351 LOTE B-2 COMUNA SAN JOAQUIN";"SAN JOAQUIN";"13- REGION METROPOLITANA";"-33.504590238663965";"-70.62082380068412"
"5026-30";"GASPAR DE ESPINOZA 5148 COMUNA SAN JOAQUIN";"SAN JOAQUIN";"13- REGION METROPOLITANA";"-33.5040912229832";"-70.63462182407552"
"4618-34";"MARTIN HENRIQUEZ 4678 COMUNA SAN JOAQUIN";"SAN JOAQUIN";"13- REGION METROPOLITANA";"-33.5002145894174";"-70.63229945914938"
"5110-32 Y 5110-35";"CANADA 5359 COMUNA SAN JOAQUIN";"SAN JOAQUIN";"13- REGION METROPOLITANA";"-33.505719196628434";"-70.62029631874016"
"4989-12";"TIMAR COMUNA SAN JOAQUIN";"SAN JOAQUIN";"13- REGION METROPOLITANA";"-33.50614206059386";"-70.62454857469844"
"4618-15";"URETA COX 349 COMUNA SAN JOAQUIN";"SAN JOAQUIN";"13- REGION METROPOLITANA";"-33.500393203207146";"-70.63228340094173"
"905-6";"VICUNA MACKENNA 3481 COMUNA SAN JOAQUIN";"SAN JOAQUIN";"13- REGION METROPOLITANA";"-33.48508085982772";"-70.62079485208342"
"4818-1";"RUBENS 4767 COMUNA SAN JOAQUIN";"SAN JOAQUIN";"13- REGION METROPOLITANA";"-33.50102261698866";"-70.63131774948977"
"3535-154";"SAN MARCOS SIN NUMERO COLINDANTE EL 401 COMUNA LO BARNECHEA";"LO BARNECHEA";"13- REGION METROPOLITANA";"-33.361965205918764";"-70.51024118184313"
"4065-10";"LO BARNECHEA 1280 COMUNA LO BARNECHEA";"LO BARNECHEA";"13- REGION METROPOLITANA";"-33.357167677868624";"-70.5072979268064"
"3519-1";"LA DEHESA 215 LOTE B-2 COMUNA LO BARNECHEA";"LO BARNECHEA";"13- REGION METROPOLITANA";"-33.36377393249859";"-70.5098262487665"
"5187-3";"PASAJE K 5214 DEPARTAMENTO D COMUNA SAN MIGUEL";"SAN MIGUEL";"13- REGION METROPOLITANA";"-33.49895662442306";"-70.66451054588428"
"3762-23";"FLORENCIA 1442 COMUNA SAN MIGUEL";"SAN MIGUEL";"13- REGION METROPOLITANA";"-33.48992388279176";"-70.65795673135564"
"2552-10";"RAMON SUBSERCASEAUX 1263 1273 1283 COMUNA SAN MIGUEL";"SAN MIGUEL";"13- REGION METROPOLITANA";"-33.48458030953449";"-70.65211754006604"
"5835-1";"CAMPINAS 578 BELLO HORIZONTE 5891 COMUNA SAN MIGUEL";"SAN MIGUEL";"13- REGION METROPOLITANA";"-33.51179657308549";"-70.64167566025813"
"645-23";"ARTURO PRAT 2508-2518-2528 COMUNA SAN MIGUEL";"SAN MIGUEL";"13- REGION METROPOLITANA";"-33.47795171008395";"-70.64624910747968"
"645-22";"CARLOS SILVA VILDOSOLA 984 COMUNA SAN MIGUEL";"SAN MIGUEL";"13- REGION METROPOLITANA";"-33.477949645364184";"-70.64597754018806"
"3248-7";"GRAN AVENIDA JOSE MIGUEL CARRERA 3814 COMUNA SAN MIGUEL";"SAN MIGUEL";"13- REGION METROPOLITANA";"-33.489283677938744";"-70.65037948400206"
"1963-11";"JOSE JOAQUIN PRIETO 2940 COMUNA SAN MIGUEL";"SAN MIGUEL";"13- REGION METROPOLITANA";"-33.48062372152514";"-70.65624508711905"
"6434-14";"AMERICA 577 ANTES 1502 COMUNA SAN MIGUEL";"SAN MIGUEL";"13- REGION METROPOLITANA";"-33.517018483572286";"-70.64061054332353"
"2752-45";"RICARDO MORALES 3369-A COMUNA SAN MIGUEL";"SAN MIGUEL";"13- REGION METROPOLITANA";"-33.48531686699425";"-70.65263375550012"
"4648-48";"GRAN AVENIDA JOSE MIGUEL CARRERA 4688 - 4652 - 4658 COMUNA SAN MIGUEL";"SAN MIGUEL";"13- REGION METROPOLITANA";"-33.49689678877372";"-70.65225784406098"
"3448-43";"ALVAREZ DE TOLEDO 1060 COMUNA SAN MIGUEL";"SAN MIGUEL";"13- REGION METROPOLITANA";"-33.490496492684485";"-70.65074276859731"
"6356-50";"JOSE READY 6236 COMUNA SAN MIGUEL";"SAN MIGUEL";"13- REGION METROPOLITANA";"-33.50882857486927";"-70.66750826418655"
"4644-27";"SAN FRANCISCO 4756 COMUNA SAN MIGUEL";"SAN MIGUEL";"13- REGION METROPOLITANA";"-33.498338948428426";"-70.64634941617278"
"5048-48";"PIRAMIDE 1044 COMUNA SAN MIGUEL";"SAN MIGUEL";"13- REGION METROPOLITANA";"-33.50166631799746";"-70.65266898589994"
"5248-96";"GRAN AVENIDA 5448 LOTE 1-1 COMUNA SAN MIGUEL";"SAN MIGUEL";"13- REGION METROPOLITANA";"-33.50340410609073";"-70.65440926517498"
"4261-19";"TERESA VIAL 1290 COMUNA SAN MIGUEL";"SAN MIGUEL";"13- REGION METROPOLITANA";"-33.49293319268566";"-70.65606288664429"
"2031-2";"PAULINA 8515 COMUNA LA CISTERNA";"LA CISTERNA";"13- REGION METROPOLITANA";"-33.532566222153214";"-70.66610478913297"
"3046-181";"TRINIDAD RAMIREZ 0714 SITIO 4 COMUNA LA CISTERNA";"LA CISTERNA";"13- REGION METROPOLITANA";"-33.54080174379614";"-70.67677624463197"
"1714-5";"SANTA TERESA 037 COMUNA LA CISTERNA";"LA CISTERNA";"13- REGION METROPOLITANA";"-33.52386653712745";"-70.66113803937793"
"3128-1";"JOSE JOAQUIN PRIETO ORIENTE 6800 COMUNA LA CISTERNA";"LA CISTERNA";"13- REGION METROPOLITANA";"-33.51625993102217";"-70.67300452933948"
"45179";"GENERAL FREIRE 101 COMUNA LA CISTERNA";"LA CISTERNA";"13- REGION METROPOLITANA";"-33.521513488108454";"-70.65831244119275"
"2217-20";"CIENCIAS 7740 COMUNA LA CISTERNA";"LA CISTERNA";"13- REGION METROPOLITANA";"-33.5245071621892";"-70.66518859060524"
"14-27";"ESMERALDA 7253 COMUNA LA CISTERNA";"LA CISTERNA";"13- REGION METROPOLITANA";"-33.5250929544493";"-70.65946110951764"
"NO TIENE";"AMERICO VESPUCIO 1221 COMUNA LA CISTERNA";"LA CISTERNA";"13- REGION METROPOLITANA";"-33.54013947121446";"-70.65168645739693"
"1703-24";"SANTA CORINA 068 COMUNA LA CISTERNA";"LA CISTERNA";"13- REGION METROPOLITANA";"-33.51539170041921";"-70.65918954432598"
"3240-1";"INES RIVAS COMUNA LA CISTERNA";"LA CISTERNA";"13- REGION METROPOLITANA";"-33.537259019886406";"-70.67748260177433"
"5274-20";"SAN GREGORIO 0684 COMUNA LA GRANJA";"LA GRANJA";"13- REGION METROPOLITANA";"-33.53721191448908";"-70.61765924697646"
"6020-2";"CANTO GENERAL 0330 COMUNA LA GRANJA";"LA GRANJA";"13- REGION METROPOLITANA";"-33.550567475426796";"-70.62854043086219"
"5307-8";"SAN GREGORIO 0797 COMUNA LA GRANJA";"LA GRANJA";"13- REGION METROPOLITANA";"-33.53769361164263";"-70.6156243716658"
"5281-12";"PUNTA ARENAS 8219 SITIO 2985 COMUNA LA GRANJA";"LA GRANJA";"13- REGION METROPOLITANA";"-33.53523151052278";"-70.61031217029722"
"5271-1";"EL TABO 8220 COMUNA LA GRANJA";"LA GRANJA";"13- REGION METROPOLITANA";"-33.53629053815711";"-70.6240697958873"
"5238-1";"VALDIVIA 0651 COMUNA LA GRANJA";"LA GRANJA";"13- REGION METROPOLITANA";"-33.53402954766508";"-70.61914436776681"
"2530-8";"PRESIDENTE EISENHOWER 085-087 COMUNA LA GRANJA";"LA GRANJA";"13- REGION METROPOLITANA";"-33.536411114363105";"-70.63190496561725"
"9259-61";"SEIS 6625 A DEPARTAMENTO 1 COMUNA LA GRANJA";"LA GRANJA";"13- REGION METROPOLITANA";"-33.521555450791176";"-70.62024312234138"
"9076-7";"PRESIDENTE LULA DA SILVA 6495 COMUNA LA GRANJA";"LA GRANJA";"13- REGION METROPOLITANA";"-33.517711601908864";"-70.62116879450423"
"5249-1";"OCHO PONIENTE 8190 COMUNA LA GRANJA";"LA GRANJA";"13- REGION METROPOLITANA";"-33.53571614993973";"-70.62748117814121"
"2214-4";"LA VICTORIA 036 AL 0356 LOTE B LOTE C LOTE D Y LOTE E COMUNA LA GRANJA";"LA GRANJA";"13- REGION METROPOLITANA";"-33.52605133474987";"-70.63244794430028"
"5118-2";"CARDENAL RAUL SILVA HENRIQUEZ 6456 COMUNA LA GRANJA";"LA GRANJA";"13- REGION METROPOLITANA";"-33.5191302894863";"-70.62764655568141"
"1830-3";"DONIHUE 2030 COMUNA SAN RAMON";"SAN RAMON";"13- REGION METROPOLITANA";"-33.53725202492935";"-70.6364808540227"
"1005-6";"EL MIRADOR 1661 COMUNA SAN RAMON";"SAN RAMON";"13- REGION METROPOLITANA";"-33.520306424546206";"-70.63875937801843"
"362-159";"ALPATACAL SIN NUMERO HOY ALPATACAL 1781 COMUNA SAN RAMON";"SAN RAMON";"13- REGION METROPOLITANA";"-33.54790972053209";"-70.6444620668522"
"644-17";"GENERAL BARCELO LIRA 1965 COMUNA SAN RAMON";"SAN RAMON";"13- REGION METROPOLITANA";"-33.54381749124092";"-70.63794195207629"
"652-30";"INDEPENDENCIA 9244 COMUNA SAN RAMON";"SAN RAMON";"13- REGION METROPOLITANA";"-33.545634924354864";"-70.6384522542486"
"1830-4";"EL SALVADOR COMUNA SAN RAMON";"SAN RAMON";"13- REGION METROPOLITANA";"-33.53685805737482";"-70.63669791142293"
"334-910 - 334-911 - 334-912";"CAMINO A MELIPILLA 641 COMUNA PADRE HURTADO";"PADRE HURTADO";"13- REGION METROPOLITANA";"-33.56264149327775";"-70.80775205079622"
"356-1";"VICUNA MACKENNA 1800 COMUNA SAN RAMON";"SAN RAMON";"13- REGION METROPOLITANA";"-33.54574510387409";"-70.64342239152641"
"7498-1";"EL ULMO 1027 COMUNA LA PINTANA";"LA PINTANA";"13- REGION METROPOLITANA";"-33.58569552611818";"-70.64773165863171"
"6831-25";"GENERAL ARRIAGADA 0906 DEPARTAMENTO 11 COMUNA LA PINTANA";"LA PINTANA";"13- REGION METROPOLITANA";"-33.561732757368226";"-70.6180690095307"
"7803-23";"CAPITAN SILVA 13518 COMUNA LA PINTANA";"LA PINTANA";"13- REGION METROPOLITANA";"-33.58918069283576";"-70.62654305280316"
"7329-31";"DOMINGO SANTA CRUZ 0935 COMUNA LA PINTANA";"LA PINTANA";"13- REGION METROPOLITANA";"-33.58536704148971";"-70.65110632179696"
"7326-3";"JOSE TORIBIO MEDINA 13222 COMUNA LA PINTANA";"LA PINTANA";"13- REGION METROPOLITANA";"-33.58538187136577";"-70.65280368726118"
"7043-1";"JOSE MANUEL BALMACEDA 1231 COMUNA LA PINTANA";"LA PINTANA";"13- REGION METROPOLITANA";"-33.57912608634874";"-70.63987142316842"
"6045-1";"JOAQUIN EDWARDS BELLO COMUNA LA PINTANA";"LA PINTANA";"13- REGION METROPOLITANA";"-33.55875811217806";"-70.62380229218195"
"1869-4";"LOS QUILLAYES 10575 COMUNA EL BOSQUE";"EL BOSQUE";"13- REGION METROPOLITANA";"-33.55845940756364";"-70.67117646457314"
"1670-2";"CARLOS VALDOVINOS 3015 Y 3463 LADO PONIENTE FFCC LONGITUDINAL SUR COMUNA PEDRO AGUIRRE CERDA";"PEDRO AGUIRRE CERDA";"13- REGION METROPOLITANA";"-33.477195520124404";"-70.68269088515261"
"15140-3";"LO MARTINEZ 337 COMUNA EL BOSQUE";"EL BOSQUE";"13- REGION METROPOLITANA";"-33.56850190633497";"-70.68189850210211"
"5261-5";"LOS RAULIES 11357 COMUNA EL BOSQUE";"EL BOSQUE";"13- REGION METROPOLITANA";"-33.56826749775432";"-70.667147123274"
"5723-1";"CAMINO LAS PARCELAS 1753 COMUNA EL BOSQUE";"EL BOSQUE";"13- REGION METROPOLITANA";"-33.58291099671266";"-70.6673405288187"
"117-2";"JORGE LUCO 1170 LOTE 1 COMUNA EL BOSQUE";"EL BOSQUE";"13- REGION METROPOLITANA";"-33.5584649255945";"-70.6622118131249"
"15180-223";"LO MORENO 217 LOTE B COMUNA EL BOSQUE";"EL BOSQUE";"13- REGION METROPOLITANA";"-33.5762592323688";"-70.6883552252952"
"4601-3";"ALEJANDRO GUZMAN 735 LOTE 3 COMUNA EL BOSQUE";"EL BOSQUE";"13- REGION METROPOLITANA";"-33.557085755573574";"-70.66301042643617"
"15626-2";"LOS FILODENDROS COMUNA EL BOSQUE";"EL BOSQUE";"13- REGION METROPOLITANA";"-33.57303629210708";"-70.68117718046997"
"811-14";"LAS ESQUILAS 1610 COMUNA EL BOSQUE";"EL BOSQUE";"13- REGION METROPOLITANA";"-33.56091800915002";"-70.65746817629729"
"90-3";"UNIVERSO FRENTE 10167 Y 10179 COMUNA EL BOSQUE";"EL BOSQUE";"13- REGION METROPOLITANA";"-33.55517736942426";"-70.66499470467491"
"3066-15";"PEREZ ROMAN 9748 COMUNA EL BOSQUE";"EL BOSQUE";"13- REGION METROPOLITANA";"-33.54578398970412";"-70.67874778388122"
"4662-1";"ANTONIO VARAS 1010 COMUNA EL BOSQUE";"EL BOSQUE";"13- REGION METROPOLITANA";"-33.56269345820416";"-70.66435131006358"
"184-116";"EL TAQUERAL COMUNA LAMPA";"COLINA";"13- REGION METROPOLITANA";"-33.29252610501175";"-70.77132931696285"
"1117-15";"SANTA INES ESQUINA LO PINTO COMUNA COLINA";"COLINA";"13- REGION METROPOLITANA";"-33.26499110598371";"-70.72476762827047"
"1045-6";"LA CONQUISTA 1127 COMUNA PUENTE ALTO";"PUENTE ALTO";"13- REGION METROPOLITANA";"-33.624329485747694";"-70.58728541083903"
"2572-26";"MIGUEL ANGEL 1929 COMUNA PUENTE ALTO";"PUENTE ALTO";"13- REGION METROPOLITANA";"-33.584232489582064";"-70.60432582076893"
"572-42";"JUAN ESTAY 038 COMUNA PUENTE ALTO";"PUENTE ALTO";"13- REGION METROPOLITANA";"-33.613332837287075";"-70.57759421690788"
"1255-5";"RIO MAPOCHO 1357 MANZANA C LOTE 46 COMUNA PUENTE ALTO";"PUENTE ALTO";"13- REGION METROPOLITANA";"-33.619385411716834";"-70.59202193521017"
"194-10";"ERNESTO ALVEAR 484 LOTE 115 COMUNA PUENTE ALTO";"PUENTE ALTO";"13- REGION METROPOLITANA";"-33.61046207405259";"-70.58777225791718"
"415-12";"IRARRAZAVAL 0281; 0283 Y 0291 COMUNA PUENTE ALTO";"PUENTE ALTO";"13- REGION METROPOLITANA";"-33.60778390633497";"-70.57228413370193"
"157-9";"LOPE DE VEGA SIN NUMERO FRENTE A PASAJE ANGEL DEL RIO COMUNA PUENTE ALTO";"PUENTE ALTO";"13- REGION METROPOLITANA";"-33.60904256592326";"-70.59374947755764"
"6078-9";"PARQUE DEL ARRAYAN SIN NUMERO COMUNA PUENTE ALTO";"PUENTE ALTO";"13- REGION METROPOLITANA";"-33.57175414586645";"-70.58023834950964"
"600-6";"PERU 0177 MANZANA D CASA 17 COMUNA PUENTE ALTO";"PUENTE ALTO";"13- REGION METROPOLITANA";"-33.61596417162648";"-70.58389466818795"
"3900-135";"CAMILO HENRIQUEZ 540 LOTE A COMUNA PUENTE ALTO";"PUENTE ALTO";"13- REGION METROPOLITANA";"-33.60019103280262";"-70.53267725051059"
"4641-4";"LAS HIGUERAS 0419 COMUNA PUENTE ALTO";"PUENTE ALTO";"13- REGION METROPOLITANA";"-33.61092841973638";"-70.51689152627142"
"558-1";"COVADONGA SIN NUMERO COMUNA PUENTE ALTO";"PUENTE ALTO";"13- REGION METROPOLITANA";"-33.61622176299545";"-70.58816989459696"
"1178-25";"CERRO EL PLOMO COMUNA PUENTE ALTO";"PUENTE ALTO";"13- REGION METROPOLITANA";"-33.62092971556672";"-70.59642944657953"
"2707-21";"LOS ALMENDROS 3138 COMUNA PUENTE ALTO";"PUENTE ALTO";"13- REGION METROPOLITANA";"-33.58281026160813";"-70.59336530176044"
"7375-6";"BORODIN 01460 DEPARTAMENTO 22 COMUNA PUENTE ALTO";"PUENTE ALTO";"13- REGION METROPOLITANA";"-33.62891114549293";"-70.61144032285743"
"80-3";"CALLE UNO 708 COMUNA PUENTE ALTO";"PUENTE ALTO";"13- REGION METROPOLITANA";"-33.6071580253146";"-70.59520787977294"
"NO TIENE";"LAS VIZCACHAS KM 24 CAMINO SANTIAGO EL VOLCAN COMUNA PUENTE ALTO";"PUENTE ALTO";"13- REGION METROPOLITANA";"-33.59814550498158";"-70.52757023990142"
"159-14";"DOMINGO TOCORNAL 744 COMUNA PUENTE ALTO";"PUENTE ALTO";"13- REGION METROPOLITANA";"-33.60463615815084";"-70.58955020883946"
"2301-33";"LOS LINGUES 2416 COMUNA PUENTE ALTO";"PUENTE ALTO";"13- REGION METROPOLITANA";"-33.589510935736776";"-70.58187071620546"
"984-27";"LOS LOROS COMUNA PUENTE ALTO";"PUENTE ALTO";"13- REGION METROPOLITANA";"-33.613089050046426";"-70.56180253864649"
"418-18";"IRARRAZABAL 0991 JOSE LUIS COO 960 COMUNA PUENTE ALTO";"PUENTE ALTO";"13- REGION METROPOLITANA";"-33.60621699169267";"-70.56130489507015"
"3630-28";"CONCHA Y TORO 2591 COMUNA PUENTE ALTO";"PUENTE ALTO";"13- REGION METROPOLITANA";"-33.58799322300952";"-70.57962663198089"
"4564-20";"PLUTON 02191 COMUNA SAN BERNARDO";"SAN BERNARDO";"13- REGION METROPOLITANA";"-33.56912618107892";"-70.70148029026217"
"5578-23";"DIEGO DE GARCIA 14035 COMUNA SAN BERNARDO";"SAN BERNARDO";"13- REGION METROPOLITANA";"-33.58721184114133";"-70.68368253378836"
"4636-1";"EL NOCEDAL 11901 COMUNA SAN BERNARDO";"SAN BERNARDO";"13- REGION METROPOLITANA";"-33.560597914609865";"-70.7140284730223"
"3534-5";"SANTIAGO 0904 COMUNA SAN BERNARDO";"SAN BERNARDO";"13- REGION METROPOLITANA";"-33.57543934962376";"-70.70387058031608"
"5574-19";"JUAN ESPINA COMUNA SAN BERNARDO";"SAN BERNARDO";"13- REGION METROPOLITANA";"-33.58709399751963";"-70.68412265594203"
"SIN ROL";"SALIDA DEL REGIMIENTO DE INGENIEROS 2 Y CANAL SAN CARLOS COMUNA PUENTE ALTO";"PUENTE ALTO";"13- REGION METROPOLITANA";"-33.6101589278178";"-70.54165194467411"
"2576-1 - 2576-13 - 2576-14";"ARZOBISPO VALDIVIESO 0186 COMUNA RECOLETA";"RECOLETA";"13- REGION METROPOLITANA";"-33.412685528840356";"-70.637338330053"
"1070-62";"PORTALES 4313 COMUNA SAN BERNARDO";"SAN BERNARDO";"13- REGION METROPOLITANA";"-33.63784753013933";"-70.70744400388803"
"NO TIENE";"FUNDO CERRO NEGRO LOTES 1 Y LOTE 2 ANTES LOTE A, B Y C COMUNA SAN BERNARDO";"SAN BERNARDO";"13- REGION METROPOLITANA";"-33.61167052310634";"-70.67319473837338"
"1140-6";"JUANITA AGUIRRE 9 Y JORGE VALDIVIESO COMUNA SAN BERNARDO";"SAN BERNARDO";"13- REGION METROPOLITANA";"-33.61000242794134";"-70.69813767243292"
"1921-23";"FREIRE 473 COMUNA SAN BERNARDO";"SAN BERNARDO";"13- REGION METROPOLITANA";"-33.5922080657514";"-70.70343404288778"
"2016-7";"FREIRE 152-148 COMUNA SAN BERNARDO";"SAN BERNARDO";"13- REGION METROPOLITANA";"-33.588352354350356";"-70.70245523901606"
"2523-12";"SAN JOSE 840 Y 848 COMUNA SAN BERNARDO";"SAN BERNARDO";"13- REGION METROPOLITANA";"-33.5952521104426";"-70.71000679845962"
"5510-439";"PORTALES LOTE 7 COMUNA SAN BERNARDO";"SAN BERNARDO";"13- REGION METROPOLITANA";"-33.63910672437704";"-70.70789706842928"
"2041-16";"EYZAGUIRRE 85 DEPARTAMENTO 44 B COMUNA SAN BERNARDO";"SAN BERNARDO";"13- REGION METROPOLITANA";"-33.58691388300258";"-70.70274320277915"
"516-1";"SAN MARTIN 176 COMUNA SAN BERNARDO";"SAN BERNARDO";"13- REGION METROPOLITANA";"-33.589917926190715";"-70.69482313432277"
"5187-7";"GRAN AVENIDA JOSE MIGUEL CARRERA 13442 DEPARTAMENTO 23 COMUNA SAN BERNARDO";"SAN BERNARDO";"13- REGION METROPOLITANA";"-33.57706555136635";"-70.69154463531956"
"3500-22";"YUNGAY 1090-B COMUNA SAN BERNARDO";"SAN BERNARDO";"13- REGION METROPOLITANA";"-33.578386800953616";"-70.70698025888161"
"264-90";"OHIGGINS 1852 COMUNA TALAGANTE";"TALAGANTE";"13- REGION METROPOLITANA";"-33.66827571377498";"-70.93679319934107"
"80-20";"MANUEL RODRIGUEZ 722 COMUNA TALAGANTE";"TALAGANTE";"13- REGION METROPOLITANA";"-33.65559513437582";"-70.92404443176494"
"203-15 Y 203-16";"BERNARDO OHIGGINS 1178 COMUNA TALAGANTE";"TALAGANTE";"13- REGION METROPOLITANA";"-33.66505252683509";"-70.92947425807621"
"337-10";"LOTE 58 KM 0.480,60 AL KM 0.506,90 AUTOPISTA SANTIAGO - SAN ANTONIO COMUNA PENAFLOR";"PENAFLOR";"13- REGION METROPOLITANA";"-33.609326811914336";"-70.85337075812156"
"339-8";"FUNDO LINDENAU COMUNA PENAFLOR";"PENAFLOR";"13- REGION METROPOLITANA";"-33.617796876898254";"-70.85720661654791"
"337-10";"LOTE 57 KM 0.462,60 AL KM 0.483,30 AUTOPISTA SANTIAGO - SAN ANTONIO COMUNA PENAFLOR";"PENAFLOR";"13- REGION METROPOLITANA";"-33.60926842304371";"-70.85314511932393"
"151-11";"DOCTOR PRADO TAGLE 156 COMUNA PENAFLOR";"PENAFLOR";"13- REGION METROPOLITANA";"-33.607693941536425";"-70.90084878982623"
"301-70";"AUTOPISTA SANTIAGO SAN ANTONIO LOTE 64 COMUNA PENAFLOR";"PENAFLOR";"13- REGION METROPOLITANA";"-33.59364308122865";"-70.84362153276321"
"541-33";"NUEVA 4832 COMUNA RENCA";"RENCA";"13- REGION METROPOLITANA";"-33.40310056492306";"-70.71919117344525"
"1160-9";"BLANCA VERGARA 1578 COMUNA RENCA";"RENCA";"13- REGION METROPOLITANA";"-33.399262868986305";"-70.72311423678464"
"1243-13";"RIO MAIPO COMUNA RENCA";"RENCA";"13- REGION METROPOLITANA";"-33.39646949462072";"-70.72120639488344"
"1303-49";"CHUNGARA COMUNA RENCA";"RENCA";"13- REGION METROPOLITANA";"-33.41040951775003";"-70.73906628150914"
"1396-1";"SANTA EMILIA 7371 COMUNA RENCA";"RENCA";"13- REGION METROPOLITANA";"-33.40446049174543";"-70.74377207297593"
"1230-1";"CAUPOLICAN 1439 COMUNA RENCA";"RENCA";"13- REGION METROPOLITANA";"-33.404404620235475";"-70.70012134675106"
"388-1";"NEMESIS 7282 LOTE C COMUNA RENCA";"RENCA";"13- REGION METROPOLITANA";"-33.40933205157967";"-70.74401591000121"
"1230-8";"CAUPOLICAN 1481 COMUNA RENCA";"RENCA";"13- REGION METROPOLITANA";"-33.403748314899936";"-70.70045571975137"
"1194-13";"COYHAIQUE 1864 COMUNA RENCA";"RENCA";"13- REGION METROPOLITANA";"-33.39437385274746";"-70.72474276271663"
"116-21";"JOSE MIGUEL INFANTE CLOTARIO BLEST COMUNA RENCA";"RENCA";"13- REGION METROPOLITANA";"-33.40747837368056";"-70.73280024721258"
"341-3";"LOS GERANIOS 3113 COMUNA RENCA";"RENCA";"13- REGION METROPOLITANA";"-33.415248694117516";"-70.6883210138564"
"601-33";"RIO RAHUE 4948 COMUNA RENCA";"RENCA";"13- REGION METROPOLITANA";"-33.39771378995037";"-70.723777814477"
"1302-10";"ZEUS 919 COMUNA RENCA";"RENCA";"13- REGION METROPOLITANA";"-33.410991151223044";"-70.74039659281716"
"435-39";"PASAJE CALETA GUAPI SIN NUMERO COMUNA RENCA";"RENCA";"13- REGION METROPOLITANA";"-33.40662805927249";"-70.73610009439078"
"61-26";"BATALLA DE SANGRA 1661 COMUNA RENCA";"RENCA";"13- REGION METROPOLITANA";"-33.39893782645796";"-70.74917124339898"
"283-16";"SALVADOR SANFUENTES 1183 COMUNA RENCA";"RENCA";"13- REGION METROPOLITANA";"-33.414277739807396";"-70.68386215678444"
"546-1; 546-2; 546-3";"ARTURO PRAT 4899 COMUNA RENCA";"RENCA";"13- REGION METROPOLITANA";"-33.40416232110779";"-70.71973393372312"
"862-3";"PASAJE ULMO ALTURA 5100 MANZANA N COMUNA RENCA";"RENCA";"13- REGION METROPOLITANA";"-33.409245669152256";"-70.72312316530179"
"904-19";"COSTANERA NORTE COMUNA RENCA";"RENCA";"13- REGION METROPOLITANA";"-33.40904089064141";"-70.71730219719271"
"541-34";"NUEVA SIN NUMERO COMUNA RENCA";"RENCA";"13- REGION METROPOLITANA";"-33.403131791048004";"-70.718867971776"
"826-1";"TOESCA 2369 AL 2377 COMUNA SANTIAGO";"SANTIAGO";"13- REGION METROPOLITANA";"-33.454617458178696";"-70.6684403268889"
"429-14";"ALONSO OVALLE 652 Y 680 COMUNA SANTIAGO";"SANTIAGO";"13- REGION METROPOLITANA";"-33.44526106341914";"-70.64506015203126"
"1348-5";"LA PAZ 1012 LOTE COMUNA INDEPENDENCIA";"INDEPENDENCIA";"13- REGION METROPOLITANA";"-33.418754692703764";"-70.65103325121872"
"176-3 Y 176-4";"MONJITAS 653 - 695 COMUNA SANTIAGO";"SANTIAGO";"13- REGION METROPOLITANA";"-33.43661109932276";"-70.6466839510163"
"2462-1";"PASAJE NUEVE 4850 COMUNA NUNOA";"NUNOA";"13- REGION METROPOLITANA";"-33.44104462105054";"-70.5799050903265"
"3263-1";"SAN GERARDO 703 COMUNA RECOLETA";"RECOLETA";"13- REGION METROPOLITANA";"-33.40618380604357";"-70.64663773195352"
"631-4";"FERMIN VIVACETA 649 RIVERA 1561 LOTE 1 B Y 1 C COMUNA INDEPENDENCIA";"INDEPENDENCIA";"13- REGION METROPOLITANA";"-33.42499546128321";"-70.66026148972996"
"593-5";"PASAJE CUATRO SIN NUMERO COMUNA COLINA";"COLINA";"13- REGION METROPOLITANA";"-33.30702734749585";"-70.69544047002476"
"1338-4";"REAL MADRID 1758 COMUNA LA FLORIDA";"LA FLORIDA";"13- REGION METROPOLITANA";"-33.516733569861465";"-70.5843139424841"
"107-254";"AGUSTINAS 1269 COMUNA SANTIAGO";"SANTIAGO";"13- REGION METROPOLITANA";"-33.4407967014152";"-70.65438479403011"
"17-68";"IRARRAZAVAL 1628 DEPARTAMENTO 92 COMUNA NUNOA";"NUNOA";"13- REGION METROPOLITANA";"-33.45267739162841";"-70.61374790057887"
"5396-2";"DUQUE DE KENT 1020 COMUNA RECOLETA";"RECOLETA";"13- REGION METROPOLITANA";"-33.40313717291398";"-70.61804878912953"
"1013-1";"CARABINEROS DE CHILE 33 COMUNA SANTIAGO";"SANTIAGO";"13- REGION METROPOLITANA";"-33.438244562876136";"-70.63588631872246"
"1922-12";"FREIRE 545 COMUNA SAN BERNARDO";"SAN BERNARDO";"13- REGION METROPOLITANA";"-33.59419788258154";"-70.70400040989504"
"1310-2";"CARABINEROS DE CHILE 33 COMUNA SANTIAGO";"SANTIAGO";"13- REGION METROPOLITANA";"-33.438343518125286";"-70.63585705994113"
"14004-1";"VICTOR PLAZA MAYORGA 657 COMUNA EL BOSQUE";"EL BOSQUE";"13- REGION METROPOLITANA";"-33.54758364675656";"-70.67911164419789"
"3519-18";"LOTE F-2 COMUNA LO BARNECHEA";"LO BARNECHEA";"13- REGION METROPOLITANA";"-33.369226086611484";"-70.51668639383658"
"3519-7";"LA DEHESA SIN NUMERO LOTE G-3A COMUNA LO BARNECHEA";"LO BARNECHEA";"13- REGION METROPOLITANA";"-33.36659399381902";"-70.51181676331876"
"3519-4";"LA DEHESA SIN NUMERO LOTE G-2 COMUNA LO BARNECHEA";"LO BARNECHEA";"13- REGION METROPOLITANA";"-33.36743755373304";"-70.51333364416585"
"1012-256";"MARCOLETA HOY BARON PIERRE DE COUBERTIN COMUNA SANTIAGO";"SANTIAGO";"13- REGION METROPOLITANA";"-33.44026982340439";"-70.63589783546118"
"5843-1, 5843-2, 5843-3, 5843-4, 5843-7, 5843-8, 5843-9, 5843-10, 5843-11 Y 5843-12";"MANZANA D PASAJE 1 5885 SITIO 1; 5889 SITIO 12; PASAJE 2 513 SITIO 11; 517 SITIO 10; 519 SITI";"SAN MIGUEL";"13- REGION METROPOLITANA";"-33.51221187377956";"-70.63855092182048"
"601-13";"FERMIN VERGARA SIN NUMERO MANZANA 14 LOTE 13 COMUNA COLINA";"COLINA";"13- REGION METROPOLITANA";"-33.307195632601164";"-70.67946022316947"
"15322-15";"NUEVE DE JULIO 6021 DEPARTAMENTO 24 COMUNA LO PRADO";"LO PRADO";"13- REGION METROPOLITANA";"-33.43893411113053";"-70.71850838165918"
"3930-2";"JOSE JOAQUIN PRIETO 7271 COMUNA LO ESPEJO";"LO ESPEJO";"13- REGION METROPOLITANA";"-33.51865226981159";"-70.67592031329804"
"5011-1";"PASAJE ROGEL RETES 301 COMUNA SAN JOAQUIN";"SAN JOAQUIN";"13- REGION METROPOLITANA";"-33.50347045287364";"-70.62627251914404"
"29403";"VILLAVICENCIO 346 COMUNA SANTIAGO";"SANTIAGO";"13- REGION METROPOLITANA";"-33.438419427633264";"-70.63991470135461"
"44933";"BERNARDO OHIGGINS 189-199 VILLAVICENCIO 21 Y BERNARDO OHIGGINS ESQUINA NOROESTE CON CALLE NAM";"SANTIAGO";"13- REGION METROPOLITANA";"-33.43882351782156";"-70.63970395581808"
"698-94";"COQUIMBO LA MONTANA LO PINTO SITIO 87 COMUNA COLINA";"COLINA";"13- REGION METROPOLITANA";"-33.282057091250564";"-70.73179810478257"