REGION;ROL;NOMBRE;COMUNA;LAT;LON
"Antofagasta";"2001-8";"MORRO MORENO COMUNA MEJILLONES";"MEJILLONES";"-23.103898739407228";"-70.51002441816765"
"Antofagasta";"895-7";"BOLIVAR 188 COMUNA ANTOFAGASTA";"ANTOFAGASTA";"-23.64407034707555";"-70.39806636840933"
"Antofagasta";"100-5";"21 DE MAYO 1692 COMUNA TOCOPILLA";"TOCOPILLA";"-22.093051710907243";"-70.20007812709193"
"Antofagasta";"20000-53";"A APROX 1,2 KM AL SUROESTE DE LA CARCEL DE ANTOFAGASTA COMUNA ANTOFAGASTA";"ANTOFAGASTA";"-23.615605436958564";"-70.27695952826687"
"Antofagasta";"49000-12";"SALAR DE IMILAC SIN NUMERO COMUNA ANTOFAGASTA";"ANTOFAGASTA";"-24.110218473136005";"-68.79236059059195"
"Antofagasta";"10000-52";"KM 1503,4 RUTA 5 COMUNA MARIA ELENA";"MARIA ELENA";"-22.748616753174566";"-69.55100448948299"
"Antofagasta";"16176-1";"LA CHIMBA CIUDAD DE ANTOFAGASTA COMUNA ANTOFAGASTA";"ANTOFAGASTA";"-23.52428770620343";"-70.39385739093878"
"Antofagasta";"849-45";"LATORRE 2579 DEPARTAMENTO 302 COMUNA ANTOFAGASTA";"ANTOFAGASTA";"-23.648069798656085";"-70.39763974480344"
"Antofagasta";"49000-11";"SALAR DE IMILAC SIN NUMERO COMUNA ANTOFAGASTA";"ANTOFAGASTA";"-24.114664078735554";"-68.77153663774453"
"Antofagasta";"49000-10";"SALAR DE IMILAC SIN NUMERO COMUNA ANTOFAGASTA";"ANTOFAGASTA";"-24.10772534504665";"-68.62920598703633"
"Antofagasta";"8000-85";"CAMINO A MINERA CENTINELLA KM II COMUNA SIERRA GORDA";"SIERRA GORDA";"-22.902945310066567";"-69.22226602586105"
"Antofagasta";"6070-33";"MANZANA 6 A LOTE 1 SECTOR TOPATER COMUNA CALAMA";"CALAMA";"-22.486465102871243";"-68.911905446928"
"Antofagasta";"17000-76";"A APROX 7,3 KM AL ESTE DE LA CIUDAD DE CALAMA COMUNA CALAMA";"CALAMA";"-22.462407118058948";"-68.82425932252572"
"Antofagasta";"3016-1";"POBLACION COVIEFI SIN NUMERO COMUNA ANTOFAGASTA";"ANTOFAGASTA";"-23.694979873461236";"-70.41411882196059"
"Antofagasta";"2510-12";"KM 13 RUTA 26 COMUNA ANTOFAGASTA";"ANTOFAGASTA";"-23.623090354736522";"-70.28455876870336"
"Antofagasta";"NO ENROLADO";"3 KMS NORESTE DE SAN PEDRO DE ATACAMA LOTE 1 COMUNA SAN PEDRO DE ATACAMA";"SAN PEDRO DE ATACAMA";"-22.88772349148234";"-68.18766547397016"
"Antofagasta";"25051-7";"SECTOR NUDO URIBE SIN NUMERO COMUNA ANTOFAGASTA";"ANTOFAGASTA";"-23.61164547779946";"-70.26000166145639"
"Antofagasta";"339-1";"CALETA PUNTA ATALA COMUNA TOCOPILLA";"TOCOPILLA";"-22.29653884819643";"-70.2375742539057"
"Antofagasta";"4103-17";"SITIO 5 MANZANA C SECTOR ADUANA COMUNA SAN PEDRO DE ATACAMA";"SAN PEDRO DE ATACAMA";"-22.91152320301415";"-68.19442712545178"
"Antofagasta";"5999-2";"CERRO EL DIQUE COMUNA TOCOPILLA";"TOCOPILLA";"-22.439112839715154";"-70.10336047970218"
"Antofagasta";"3429-1";"CAMPO DEPORTIVO COMUNA OLLAGUE";"OLLAGUE";"-21.222972254968095";"-68.25503853076623"
"Antofagasta";"4101-5";"MANZANA A EQUIPAMIENTO COMUNITARIO 05 SECTOR ADUANA COMUNA SAN PEDRO DE ATACAMA";"SAN PEDRO DE ATACAMA";"-22.911915126320615";"-68.19369878970559"
"Antofagasta";"4102-7";"CALLE LASCAR EQUIPAMIENTO 3 COMUNA SAN PEDRO DE ATACAMA";"SAN PEDRO DE ATACAMA";"-22.914022384407232";"-68.19301165916174"
"Antofagasta";"NO ENROLADO";"SECTOR NORTE DE TOCOPILLA COMUNA TOCOPILLA";"TOCOPILLA";"-22.063202351131267";"-70.18594255772558"
"Antofagasta";"8000-87";"A APROX 13,5 KM AL SURESTE DE LA LOCALIDAD DE SIERRA GORDA COMUNA SIERRA GORDA";"SIERRA GORDA";"-23.014511453329046";"-69.25091403073601"
"Antofagasta";"359-8";"SECTOR BARRILES COMUNA TOCOPILLA";"TOCOPILLA";"-22.153212090585658";"-69.99391377858073"
"Antofagasta";"8001-5";"LOCALIDAD DE MICHILLA COMUNA MEJILLONES";"MEJILLONES";"-22.715054009164383";"-70.26688315107445"
"Antofagasta";"327-24";"SECTOR BARRILES RUTA 24 KM 18 COMUNA TOCOPILLA";"TOCOPILLA";"-22.173277927660273";"-70.09077052716171"
"Antofagasta";"6700-67";"SECTOR SUBESTACION ELECTRICA MARIA ELENA SIN NUMERO COMUNA MARIA ELENA";"MARIA ELENA";"-22.228766197063564";"-69.55953504296298"
"Antofagasta";"45004-14";"A APROX 67 KM AL SURESTE DE LA CIUDAD DE ANTOFAGASTA SIN NUMERO COMUNA ANTOFAGASTA";"ANTOFAGASTA";"-24.0871594097066";"-69.91022921927842"
"Antofagasta";"NO ENROLADO";"APROX A 12,5 KM AL SUROESTE DE LA CIUDAD DE CALAMA COMUNA CALAMA";"CALAMA";"-22.588447585776482";"-68.98309809790659"
"Antofagasta";"NO ENROLADO";"CALETA URCO COMUNA TOCOPILLA";"TOCOPILLA";"-21.751316891038062";"-70.15048417827188"
"Antofagasta";"4002-11";"PORTEZUELO LAS BOMBAS COMUNA TALTAL";"TALTAL";"-25.92324998842486";"-70.4728888579388"
"Antofagasta";"338-1";"RUTA 24 KM 69430 COMUNA TOCOPILLA";"TOCOPILLA";"-22.07692648385919";"-70.17017493878323"
"Antofagasta";"NO ENROLADO";"4 KMS AL NORESTE DE SAN PEDRO DE ATACAMA LOTE 2 COMUNA SAN PEDRO DE ATACAMA";"SAN PEDRO DE ATACAMA";"-22.886165640376635";"-68.1701257409891"
"Antofagasta";"327-22";"SECTOR BARRILES COMUNA TOCOPILLA";"TOCOPILLA";"-22.149161896504474";"-70.087226538086"
"Antofagasta";"147-23";"CIENFUEGOS 1397 COMUNA TOCOPILLA";"TOCOPILLA";"-22.090493849308277";"-70.19587032356252"
"Antofagasta";"NO ENROLADO";"CALETA BUENA COMUNA TOCOPILLA";"TOCOPILLA";"-22.444618920926715";"-70.25555161146765"
"Antofagasta";"20000-26";"RUTA 5 A CALAMA SALAR DEL CARMEN COMUNA ANTOFAGASTA";"ANTOFAGASTA";"-23.610828410955435";"-70.25995719041725"
"Antofagasta";"202-1";"CALLE SANTA ROSA COMUNA TOCOPILLA";"TOCOPILLA";"-22.088634184653582";"-70.19285297514202"
"Antofagasta";"1240-36";"TENIENTE MERINO 3521 3525 3529 3531 COMUNA CALAMA";"CALAMA";"-22.446941262420705";"-68.90334025542371"
"Antofagasta";"6405-1";"ESTACION BAQUEDANO COMUNA SIERRA GORDA";"SIERRA GORDA";"-23.33179558154848";"-69.83614574334122"
"Antofagasta";"1730-2";"HUASCO ESQUINA OLLAGUE POBLACION EL GOLF COMUNA ANTOFAGASTA";"ANTOFAGASTA";"-23.618559949196733";"-70.38823869209055"
"Antofagasta";"307-3";"PUEBLO DE QUILLAGUA SIN NUMERO COMUNA MARIA ELENA";"MARIA ELENA";"-21.65956741990887";"-69.5331042663146"
"Antofagasta";"20006-1";"SECTOR CHAQUETA BLANCA COMUNA ANTOFAGASTA";"ANTOFAGASTA";"-23.596508884159512";"-70.34282264300622"
"Antofagasta";"5128-9";"LOCALIDAD DE MICHILLA SIN NUMERO COMUNA MEJILLONES";"MEJILLONES";"-22.713051774021647";"-70.27805153075336"
"Antofagasta";"442-2";"CALLE ANGOL SIN NUMERO COMUNA ANTOFAGASTA";"ANTOFAGASTA";"-23.671805963058144";"-70.39907449871346"
"Antofagasta";"4304-4";"SITIO 7 MANZANA E SECTOR ADUANA COMUNA SAN PEDRO DE ATACAMA";"SAN PEDRO DE ATACAMA";"-22.90785621618731";"-68.1922815440425"
"Antofagasta";"624-3";"MANZANA Q SITIO 3 CALETA PAPOSO COMUNA TALTAL";"TALTAL";"-25.006926044051323";"-70.4634208121332"
"Antofagasta";"3750-112";"LOTE A PUEBLO DE TALABRE COMUNA SAN PEDRO DE ATACAMA";"SAN PEDRO DE ATACAMA";"-23.30676679601064";"-67.87576325792908"
"Antofagasta";"4307-9";"SITIO 3 MANZANA C SECTOR EL CALVARIO COMUNA SAN PEDRO DE ATACAMA";"SAN PEDRO DE ATACAMA";"-22.908911523760544";"-68.19510380892672"
"Antofagasta";"248-001";"PLACILLA SUR 1205 MANZANA 122 SITIO 20 COMUNA TOCOPILLA";"TOCOPILLA";"-22.084239238726397";"-70.19088970977539"
"Antofagasta";"3750-113";"LOTE B PUEBLO DE TALABRE COMUNA SAN PEDRO DE ATACAMA";"SAN PEDRO DE ATACAMA";"-23.31137787964027";"-67.9209319219106"
"Antofagasta";"3800-3";"PUEBLO DE TOCONAO SIN NUMERO COMUNA SAN PEDRO DE ATACAMA";"SAN PEDRO DE ATACAMA";"-23.18965747375157";"-68.00018887430012"
"Antofagasta";"3750-114";"LOTE C PUEBLO DE TALABRE COMUNA SAN PEDRO DE ATACAMA";"SAN PEDRO DE ATACAMA";"-23.321579659793812";"-67.84204141307357"
"Antofagasta";"20003-2";"HECTOR GOMEZ COBO SIN NUMERO RUTA 5 SECTOR SALAR DEL CARMEN COMUNA ANTOFAGASTA";"ANTOFAGASTA";"-23.597931364129792";"-70.2587300327957"
"Antofagasta";"452-1";"CIUDAD DE ANTOFAGASTA SIN NUMERO COMUNA ANTOFAGASTA";"ANTOFAGASTA";"-23.672457597377974";"-70.39881595586624"
"Antofagasta";"6738-4";"A APROX. A 8,5 KMS AL SUR DEL SECTOR LA NEGRA COMUNA ANTOFAGASTA";"ANTOFAGASTA";"-23.856267916755833";"-70.3014055835735"
"Antofagasta";"25004-12";"SECTOR QUINTAS KM 13 SITIO 108 COMUNA ANTOFAGASTA";"ANTOFAGASTA";"-23.62839606321781";"-70.28515814675477"
"Antofagasta";"3801-44";"CIUDAD DE CALAMA SIN NUMERO COMUNA CALAMA";"CALAMA";"-22.520694823804355";"-68.9402405221623"
"Antofagasta";"25002-7";"SECTOR QUINTAS KM 13 SITIO 73 COMUNA ANTOFAGASTA";"ANTOFAGASTA";"-23.62438116217927";"-70.28882613129502"
"Antofagasta";"25051-4";"NUDO URIBE SIN NUMERO COMUNA ANTOFAGASTA";"ANTOFAGASTA";"-23.60932540207702";"-70.25990105811951"
"Antofagasta";"16075-1";"CIUDAD DE ANTOFAGASTA SIN NUMERO COMUNA ANTOFAGASTA";"ANTOFAGASTA";"-23.552146947263353";"-70.37363873410126"
"Antofagasta";"3750-111";"PUEBLO DE TALABRE COMUNA SAN PEDRO DE ATACAMA";"SAN PEDRO DE ATACAMA";"-23.316986220913556";"-67.88871816985221"
"Antofagasta";"108-30";"CALLE SUCRE 1761 COMUNA TOCOPILLA";"TOCOPILLA";"-22.092945182276484";"-70.19906547581482"
"Antofagasta";"25049-1";"NUDO URIBE COMUNA ANTOFAGASTA";"ANTOFAGASTA";"-23.638255306922854";"-70.26366622261584"
"Antofagasta";"25002-2";"SECTOR QUINTAS KM 13 SITIO 76 COMUNA ANTOFAGASTA";"ANTOFAGASTA";"-23.62404810572097";"-70.28739607354468"
"Antofagasta";"86-4";"SITIOS 5 Y 6 MANZANA J-A GUILLERMO MATTA COMUNA TOCOPILLA";"TOCOPILLA";"-22.09620645754962";"-70.20061226644465"
"Antofagasta";"25002-1";"SECTOR QUINTAS KM 13 SITIO 75 COMUNA ANTOFAGASTA";"ANTOFAGASTA";"-23.624156854395384";"-70.28786911140179"
"Antofagasta";"25002-4";"SECTOR QUINTAS KM 13 SITIO 83 COMUNA ANTOFAGASTA";"ANTOFAGASTA";"-23.624806838112356";"-70.28667115324238"
"Antofagasta";"507-60";"RUTA 5 KM 1200 COMUNA TALTAL";"TALTAL";"-25.028131747801414";"-69.95261931557212"
"Antofagasta";"563-21";"LOTE 1 AVELINO CONTARDO ENTRE GUACOLDA Y LAS BRISAS VILLA ESMERALDA COMUNA ANTOFAGASTA";"ANTOFAGASTA";"-23.664621841561416";"-70.39361610062355"
"Antofagasta";"25002-11";"SECTOR QUINTAS KM 13 SITIO 77 COMUNA ANTOFAGASTA";"ANTOFAGASTA";"-23.623941700961673";"-70.28691676095511"
"Antofagasta";"501-48";"APROX A 2,6 KM AL ESTE DE LA CIUDAD DE MEJILLONES COMUNA MEJILLONES";"MEJILLONES";"-23.102471841071097";"-70.41933086606673"
"Antofagasta";"25002-12";"SECTOR QUINTAS KM 13 SITIO 78 COMUNA ANTOFAGASTA";"ANTOFAGASTA";"-23.62383084066005";"-70.28643952465745"
"Antofagasta";"NO ENROLADO";"CALLE GUILLERMO MATTA 1780 DEPARTAMENTO 6 COMUNA TOCOPILLA";"TOCOPILLA";"-22.094026005446285";"-70.19773977662268"
"Antofagasta";"151-1";"AVENIDA ARTURO PRAT CON CALLE BARROS ARANA CIUDAD DE TOCOPILLA COMUNA TOCOPILLA";"TOCOPILLA";"-22.087493670072682";"-70.19678442638488"
"Antofagasta";"25003-7";"SECTOR QUINTAS KM 13 SITIO 91 COMUNA ANTOFAGASTA";"ANTOFAGASTA";"-23.62709483362434";"-70.28806891358593"
"Antofagasta";"25002-6";"SECTOR QUINTAS KM 13 SITIO 81 COMUNA ANTOFAGASTA";"ANTOFAGASTA";"-23.625027343026435";"-70.28761709133826"
"Antofagasta";"44-19";"ACCESO PLANTA NORGENER COMUNA TOCOPILLA";"TOCOPILLA";"-22.099261267218196";"-70.21135659720407"
"Antofagasta";"NO ENROLADO";"COSTANERA COMUNA TOCOPILLA";"TOCOPILLA";"-22.079976490899234";"-70.19454305591404"
"Antofagasta";"NO ENROLADO";"CERRO MANILLA COMUNA TOCOPILLA";"TOCOPILLA";"-22.00342518981437";"-70.1612363334427"
"Antofagasta";"74-12";"CALLE 21 DE MAYO 1284 AL 1292 COMUNA TOCOPILLA";"TOCOPILLA";"-22.09582288470045";"-70.20385704694338"
"Antofagasta";"385-1";"SUBESTACION MANTO DE LA LUNA SIN NUMERO COMUNA TOCOPILLA";"TOCOPILLA";"-22.365373410122736";"-70.16282667161387"
"Antofagasta";"9004-1";"AREA VERDE 3 CALETA URCO COMUNA TOCOPILLA";"TOCOPILLA";"-21.755993940383004";"-70.15312277153856"
"Antofagasta";"20005-4";"SECTOR MANTOS BLANCOS SIN NUMERO COMUNA ANTOFAGASTA";"ANTOFAGASTA";"-23.453165629349332";"-70.12825069133895"
"Antofagasta";"NO ENROLADO";"21 DE MAYO ESQUINA ANIBAL PINTO COMUNA TOCOPILLA";"TOCOPILLA";"-22.092967272531823";"-70.20130211595091"
"Antofagasta";"346-2";"DESEMBOCADURA RIO LOA LOTE B COMUNA TOCOPILLA";"TOCOPILLA";"-21.434699463115816";"-70.04050247277029"
"Antofagasta";"NO ENROLADO";"CERRO TOLAR LOTE 1 COMUNA TOCOPILLA";"TOCOPILLA";"-21.960769595432108";"-70.09787898752863"
"Antofagasta";"106-74";"CALLE GUILLERMO MATTA 1780 DEPARTAMENTO 3 BLOCK 1 COMUNA TOCOPILLA";"TOCOPILLA";"-22.094026005446285";"-70.19773977662268"
"Antofagasta";"5999-3";"APROXIMADAMENTE A 13.30 KM AL NORTE DE CALETA COBIJA COMUNA TOCOPILLA";"TOCOPILLA";"-22.428629499749096";"-70.2498281361853"
"Antofagasta";"10000-6";"SECTOR QUEBRADA ANCHA COMUNA TOCOPILLA";"TOCOPILLA";"-22.10703464315912";"-70.0833589674171"
"Antofagasta";"346-1";"DESEMBOCADURA RIO LOA LOTE A COMUNA TOCOPILLA";"TOCOPILLA";"-21.437368165428474";"-70.05471686283371"
"Antofagasta";"507-24";"APROX A 66 KMS AL NORESTE DE LA CIUDAD DE TALTAL COMUNA TALTAL";"TALTAL";"-24.9037222341584";"-70.12674996406311"
"Antofagasta";"507-32";"SECTOR AGUAS VERDES COMUNA TALTAL";"TALTAL";"-25.378161142774466";"-69.97530647075673"
"Antofagasta";"615-1";"SITIO S-1 MANZANA E-EQUIPAMIENTO CANCHA DE FUTBOL PAPOSO COMUNA TALTAL";"TALTAL";"-25.011269137520646";"-70.46664120287842"
"Antofagasta";"NO ENROLADO";"CERRO CORTADERA A 7 KM AL SURESTE DE LA INTERSECCION DE LA RUTA 5 CON LA RUTA B-902 COMUNA TA";"TALTAL";"-25.475531283067973";"-69.97527799914695"
"Antofagasta";"612-3";"MANZANA T SITIO 3 CALETA PAPOSO COMUNA TALTAL";"TALTAL";"-25.00807328821811";"-70.46390328123076"
"Antofagasta";"2100-4";"LOTE 1 SECTOR LAS BREAS COMUNA TALTAL";"TALTAL";"-25.510695882733657";"-70.39062725726097"
"Antofagasta";"4000-30";"LOTE B APROXIMADAMENTE A 4.9 KILOMETROS AL SUR DE LA INTERSECCION DE LA RUTA 5 CON LA RUTA B-";"TALTAL";"-25.768569784558608";"-70.36765765359262"
"Antofagasta";"NO ENROLADO";"CERRO LOS PERALES A 5 KM AL SURESTE DE LA CIUDAD DE TALTAL COMUNA TALTAL";"TALTAL";"-25.418373906849393";"-70.42578081202012"
"Antofagasta";"4000-33";"LOTE B RUTA 5 KM 1071 APROXIMADAMENTE A 4.9 KM AL SUR DE LA INTERSECCION RUTA 5 CON RUTA B 95";"TALTAL";"-25.775972006018932";"-70.36833753874117"
"Antofagasta";"615-2";"AVENIDA DEL MAR MANZANA E SITIO S-2 COMUNA TALTAL";"TALTAL";"-25.01116870512733";"-70.46591686519974"
"Antofagasta";"388-3";"LOTE B-4 AVENIDA ARTURO PRAT 1849 COMUNA TALTAL";"TALTAL";"-25.40052314542402";"-70.47567410627839"
"Antofagasta";"4005-8";"QUEBRADA EL HUESO COMUNA TALTAL";"TALTAL";"-25.41239078021648";"-70.45199221258399"
"Antofagasta";"504-36";"CERRO ARMAZONES COMUNA TALTAL";"TALTAL";"-24.62062705337783";"-70.17809154654124"
"Antofagasta";"510-4";"CALLE ARTURO PRAT LOTE 1 COMUNA TALTAL";"TALTAL";"-25.40354053258724";"-70.48121973325625"
"Antofagasta";"4000-35";"KM 1.071 DE LA RUTA 5 APROXIMADAMENTE A 4.9 KM AL SUR DE LA INTERSECCION RUTA 5 CON RUTA B-95";"TALTAL";"-25.76524699560695";"-70.36933277726477"
"Antofagasta";"600-79";"SITIO 68 MANZANA H ESCUELA G-107 CALETA PAPOSO COMUNA TALTAL";"TALTAL";"-25.010080948978874";"-70.46541747994404"
"Antofagasta";"44-4";"GUILLERMO MATTA 221 LOTE B COMUNA TALTAL";"TALTAL";"-25.4122575306304";"-70.49184379670919"
"Antofagasta";"5000-5";"LOTE B A 31.50 KILOMETROS AL ESTE DE LA CIUDAD DE TALTAL COMUNA TALTAL";"TALTAL";"-25.50220850705654";"-70.167986190527"
"Antofagasta";"4000-31";"LOTE C APROXIMADAMENTE A 4.9 KILOMETROS AL SUR DE LA INTERSECCION DE LA RUTA 5 CON LA RUTA B-";"TALTAL";"-25.77013729010611";"-70.3608036716762"
"Antofagasta";"5000-8";"RUTA 5 KM 1112 APROXIMADAMENTE A 33 KM SURESTE DE LA CIUDAD DE TALTAL LOTE A COMUNA TALTAL";"TALTAL";"-25.538981644931713";"-70.18880343545715"
"Antofagasta";"5000-12";"RUTA 5 KM 1112 APROXIMADAMENTE A 33 KM AL SURESTE DE LA CIUDAD DE TALTAL LOTE A COMUNA TALTAL";"TALTAL";"-25.538926076181475";"-70.1751812540563"
"Antofagasta";"54-1";"PRAT SIN NUMERO COMUNA TALTAL";"TALTAL";"-25.407313693660587";"-70.48670776437864"
"Antofagasta";"5000-14";"RUTA 5 KM 1112 APROXIMADAMENTE A 33 KM AL SURESTE DE LA CIUDAD DE TALTAL LOTE C COMUNA TALTAL";"TALTAL";"-25.534365790000088";"-70.17348825500854"
"Antofagasta";"612-2";"MANZANA T SITIO S-2 CALETA PAPOSO COMUNA TALTAL";"TALTAL";"-25.008399648798044";"-70.4641063504142"
"Antofagasta";"4000-4";"A APROX 43 KM AL SURESTE DE LA CIUDAD DE TALTAL COMUNA TALTAL";"TALTAL";"-25.768290385503843";"-70.30011801663447"
"Antofagasta";"4000-39";"A APROX 42 KM AL SURESTE DE LA CIUDAD DE TALTAL COMUNA TALTAL";"TALTAL";"-25.773383195338543";"-70.37343590161505"
"Antofagasta";"5000-23";"A APROX 74 KM NORESTE DE LA CIUDAD DE TALTAL COMUNA TALTAL";"TALTAL";"-24.925890230597272";"-69.97107338168986"
"Antofagasta";"5000-13";"RUTA 5 KM 1112 APROXIMADAMENTE A 33 KM AL SURESTE DE LA CIUDAD DE TALTAL LOTE B COMUNA TALTAL";"TALTAL";"-25.535936850288877";"-70.18018517645747"
"Antofagasta";"227-2";"CALLE MANUEL ANTONIO MATTA 1157 AL 1175 COMUNA TALTAL";"TALTAL";"-25.41034888844103";"-70.4801395568803"
"Antofagasta";"604-5";"SITIO 67 MANZANA J CALETA PAPOSO COMUNA TALTAL";"TALTAL";"-25.009516232579603";"-70.46515867652685"
"Antofagasta";"550-4";"CERRO LOS PERALES COMUNA TALTAL";"TALTAL";"-25.420996830941096";"-70.426033075589"
"Antofagasta";"2100-5";"LOTE 2 SECTOR LAS BREAS COMUNA TALTAL";"TALTAL";"-25.518725872063424";"-70.3812664595482"
"Antofagasta";"507-31";"SECTOR LOS MARIOS AGUA VERDE COMUNA TALTAL";"TALTAL";"-25.47390905381252";"-70.03055440574617"
"Antofagasta";"4000-34";"LOTE C RUTA 5 KM 1071 APROXIMADAMENTE A 4.9 KM AL SUR DE LA INTERSECCION RUTA 5 CON RUTA B-95";"TALTAL";"-25.778252123205842";"-70.36161679998915"
"Antofagasta";"5001-1";"PAMPA LOS CHANGOS COMUNA TALTAL";"TALTAL";"-24.904142870239422";"-70.00985915744992"
"Antofagasta";"4005-13";"LOTE B CORRALON MUNICIPAL COMUNA TALTAL";"TALTAL";"-25.44596463987907";"-70.44633028308601"
"Antofagasta";"5000-26";"A APROX 70 KM AL NORESTE DE LA CIUDAD DE TALTAL COMUNA TALTAL";"TALTAL";"-24.956362058123535";"-70.04305544497089"
"Antofagasta";"5000-15";"A 4.5 KM AL NORESTE DE LA INTERSECCION DE LA RUTA 5 CON RUTA B-92 COMUNA TALTAL";"TALTAL";"-25.544408799237758";"-70.31322414002265"
"Antofagasta";"600-79";"CALLE SIN NOMBRE CALETA PAPOSO COMUNA TALTAL";"TALTAL";"-25.01335745356627";"-70.46759175188005"
"Antofagasta";"503-20";"MATTA SIN NUMERO RUTA 1 COMUNA TALTAL";"TALTAL";"-25.39229509481311";"-70.453826335986"
"Antofagasta";"500-1";"MATTA SIN NUMERO RUTA 1 COMUNA TALTAL";"TALTAL";"-25.38820578512379";"-70.45579254275873"
"Antofagasta";"4005-12";"VERTEDERO MUNICIPAL LOTE A COMUNA TALTAL";"TALTAL";"-25.446086248957855";"-70.44363991337573"
"Antofagasta";"5000-6";"LOTE C A 31.50 KILOMETROS AL ESTE DE LA CIUDAD DE TALTAL COMUNA TALTAL";"TALTAL";"-25.49767307164159";"-70.15999046958534"
"Antofagasta";"5000-10";"RUTA 5 KM 1112 APROXIMADAMENTE A 33 KM SURESTE DE LA CIUDAD DE TALTAL LOTE C COMUNA TALTAL";"TALTAL";"-25.534359490462776";"-70.18833945233607"
"Antofagasta";"5000-3";"A 40 KMS AL NORESTE DE LA CIUDAD DE TALTAL COMUNA TALTAL";"TALTAL";"-25.11184594258573";"-70.24681820693614"
"Antofagasta";"4000-41";"APROX A 94 KMS AL NORESTE DE LA CIUDAD DE TALTAL COMUNA TALTAL";"TALTAL";"-24.965149609114466";"-69.6333575530062"
"Antofagasta";"5001-2";"A 13.5 KILOMETROS AL SUROESTE DE LA INTERSECCION RUTA 5 CON RUTA B-800 PAMPA LOS CHANGOS COMU";"TALTAL";"-24.910335281441103";"-70.04307640329513"
"Antofagasta";"5000-4";"LOTE A A 31.50 KILOMETROS AL ESTE DE LA CIUDAD DE TALTAL COMUNA TALTAL";"TALTAL";"-25.512435096581616";"-70.16401402310974"
"Antofagasta";"4000-32";"LOTE A RUTA 5 KILOMETRO 1071 COMUNA TALTAL";"TALTAL";"-25.77356111877917";"-70.36048796490697"
"Antofagasta";"507-14";"APROX A 70 KMS AL NORESTE DE LA CIUDAD DE TALTAL COMUNA TALTAL";"TALTAL";"-24.963605347898234";"-69.85292525263169"
"Antofagasta";"4000-29";"LOTE A APROXIMADAMENTE A 4.9 KILOMETROS AL SUR DE LA INTERSECCION DE LA RUTA 5 CON LA RUTA B-";"TALTAL";"-25.7663180474597";"-70.36162630071951"
"Antofagasta";"800-2";"PARQUE PUNTA EL FUERTE COMUNA TALTAL";"TALTAL";"-25.390876370603984";"-70.47625884157723"
"Antofagasta";"5000-29";"APROX. A 36 KMS AL NORESTE DE LA CIUDAD DE TALTAL COMUNA TALTAL";"TALTAL";"-25.120976400036916";"-70.28327041009672"
"Antofagasta";"501-7";"AERODROMO LAS BREAS COMUNA TALTAL";"TALTAL";"-25.561764095153713";"-70.3738746982832"
"Antofagasta";"507-46";"LOTE B RUTA 5 KM 1200 SIN NUMERO COMUNA TALTAL";"TALTAL";"-24.94194485714649";"-69.93612294836366"
"Antofagasta";"507-47";"LOTE C RUTA 5 KM 1200 SIN NUMERO COMUNA TALTAL";"TALTAL";"-24.95709680426655";"-69.96707721479382"
"Antofagasta";"507-48";"LOTE D RUTA 5 KM 1200 SIN NUMERO COMUNA TALTAL";"TALTAL";"-24.985482334883574";"-69.92501898152446"
"Antofagasta";"507-51";"LOTE G RUTA 5 KM 1200 SIN NUMERO COMUNA TALTAL";"TALTAL";"-24.97830807619683";"-69.96661051322187"
"Antofagasta";"507-53";"LOTE I RUTA 5 KM 1200 SIN NUMERO COMUNA TALTAL";"TALTAL";"-24.993298052333163";"-70.02526322593133"
"Antofagasta";"5000-24";"LOTE A INTERSECCION RUTA 5 CON RUTA B-92 COMUNA TALTAL";"TALTAL";"-25.548378842809626";"-70.21437419800661"
"Antofagasta";"5000-25";"LOTE B RUTA 5 KM 1108 COMUNA TALTAL";"TALTAL";"-25.55074527200061";"-70.2027883177948"
"Antofagasta";"43-2";"LOTE B AVENIDA ARTURO PRAT ESQUINA CALLE ESMERALDA COMUNA TALTAL";"TALTAL";"-25.40966147533688";"-70.49092716905784"
"Antofagasta";"607-2";"SITIO S-1 MANZANA H EQUIPAMIENTO 3 EXPANSION ESCUELA COMUNA TALTAL";"TALTAL";"-25.010080431176178";"-70.46565991890098"
"Antofagasta";"85-40";"SERRANO 498 COMUNA TALTAL";"TALTAL";"-25.4092020307568";"-70.48634613284467"
"Antofagasta";"507-56";"LOTE A AL NORESTE DE LA CIUDAD DE TALTAL SIN NUMERO COMUNA TALTAL";"TALTAL";"-24.883075975974656";"-69.87007322271027"
"Antofagasta";"507-57";"LOTE B AL NORESTE DE LA CIUDAD DE TALTAL SIN NUMERO COMUNA TALTAL";"TALTAL";"-24.89940422362509";"-69.79555377285996"
"Antofagasta";"507-58";"LOTE C AL NORESTE DE LA CIUDAD DE TALTAL SIN NUMERO COMUNA TALTAL";"TALTAL";"-24.94188212096592";"-69.77233289214922"
"Antofagasta";"6737-9";"SECTOR LA NEGRA SIN NUMERO COMUNA ANTOFAGASTA";"ANTOFAGASTA";"-23.831695390412033";"-70.32475819449031"
"Antofagasta";"369-17";"LOTE B BELMOR ROJAS ENTRE CARLOS IBANEZ Y DAVILA BAEZA SIN NUMERO COMUNA TALTAL";"TALTAL";"-25.40179547907626";"-70.4712380158107"
"Antofagasta";"43-5";"LOTE A AVENIDA ARTURO PRAT ESQUINA CALLE ESMERALDA COMUNA TALTAL";"TALTAL";"-25.409529024334084";"-70.49068710659567"
"Antofagasta";"NO ENROLADO";"SARGENTO ALDEA 544-598 MANZANA 107 LOTE 2 COMUNA TALTAL";"TALTAL";"-25.410527633661623";"-70.48373398779698"
"Antofagasta";"NO ENROLADO";"SARGENTO ALDEA 544-598 MANZANA 107 LOTE 4 COMUNA TALTAL";"TALTAL";"-25.410356153410245";"-70.4840480156458"
"Antofagasta";"NO ENROLADO";"SERGENTO ALDEA 544-598 MANZANA 107 LOTE 1 COMUNA TALTAL";"TALTAL";"-25.410185900859407";"-70.48374113340635"
"Antofagasta";"6749-1";"SECTOR LA NEGRA COMUNA ANTOFAGASTA";"ANTOFAGASTA";"-23.744522480756366";"-70.30443069292212"
"Antofagasta";"5000-2";"A 600 METROS AL SUR DE OFICINA MORENO COMUNA TALTAL";"TALTAL";"-25.07459427647711";"-69.84964077328928"
"Antofagasta";"NO ENROLADO";"PLAYA LA RINCONADA COMUNA ANTOFAGASTA";"ANTOFAGASTA";"-23.462590872063963";"-70.5089507293505"
"Antofagasta";"25001-40";"SITIO 57 SECTOR QUINTAS COMUNA ANTOFAGASTA";"ANTOFAGASTA";"-23.63096290922381";"-70.29266821809995"
"Antofagasta";"5000-11";"RUTA 5 KILOMETRO 1112 APROXIMADAMENTE A 33 KILOMETROS AL SURESTE DE LA CIUDAD DE TALTAL COMUN";"TALTAL";"-25.540123427059584";"-70.19587266232804"
"Antofagasta";"165-8";"OHIGGINS 350 398 LOTE COMUNA TALTAL";"TALTAL";"-25.40694423363693";"-70.48186717443501"
"Antofagasta";"49000-1";"SUBESTACION LOS ANDES COMUNA ANTOFAGASTA";"ANTOFAGASTA";"-24.010041575402738";"-68.58453978535604"
"Antofagasta";"6401-68";"SALAR DEL CARMEN COMUNA ANTOFAGASTA";"ANTOFAGASTA";"-23.611249266719327";"-70.26383612242321"
"Antofagasta";"2000-16";"APROX A 4.5 KM AL NORESTE DE INTERSECCION RUTA 5 CON RUTA B-92 COMUNA TALTAL";"TALTAL";"-25.543464918444574";"-70.31363032491922"
"Antofagasta";"502-11";"QUEBRADA LA CACHINA COMUNA TALTAL";"TALTAL";"-25.429133641825047";"-70.4517566860024"
"Antofagasta";"502-12";"QUEBRADA LOS LOROS COMUNA TALTAL";"TALTAL";"-25.438745103796556";"-70.44793358616218"
"Antofagasta";"5000-9";"RUTA 5 KM 1112 APROXIMADAMENTE A 33 KM SURESTE DE LA CIUDAD DE TALTAL LOTE B COMUNA TALTAL";"TALTAL";"-25.53593583968297";"-70.19510351531923"
"Antofagasta";"975-18";"COVADONGA VIEJA 448 COMUNA ANTOFAGASTA";"ANTOFAGASTA";"-23.644220290963425";"-70.39343467034622"
"Antofagasta";"NO ENROLADO";"CERRO VICUNA COMUNA ANTOFAGASTA";"ANTOFAGASTA";"-24.450361056425784";"-70.04780560014024"
"Antofagasta";"6170-1";"INTERSECCION CERRO PEDREGAL CON CLODOMIRO ROZAS SIN NUMERO COMUNA ANTOFAGASTA";"ANTOFAGASTA";"-23.59178383795037";"-70.37293529978909"
"Antofagasta";"16161-7";"SITIO 7 MANZANA 60 LA CHIMBA COMUNA ANTOFAGASTA";"ANTOFAGASTA";"-23.53084138631268";"-70.38834008641125"
"Antofagasta";"15007-19";"EL HUASCAR MANZANA K-2 SITIO 13 COMUNA ANTOFAGASTA";"ANTOFAGASTA";"-23.73484331468454";"-70.43998327703393"
"Antofagasta";"16660-2";"SECTOR DESALADORA DE LA CIUDAD DE ANTOFAGASTA COMUNA ANTOFAGASTA";"ANTOFAGASTA";"-23.54392709813458";"-70.39855993290547"
"Antofagasta";"39000-5";"PAMPA CERRO TIGRE COMUNA ANTOFAGASTA";"ANTOFAGASTA";"-23.855276990117577";"-69.79641732528428"
"Antofagasta";"45002-20";"LOTE C RUTA B-55 KILOMETROS 62.600 COMUNA ANTOFAGASTA";"ANTOFAGASTA";"-24.070303305366192";"-69.56566863670852"
"Antofagasta";"874-28";"WASHINGTON 2675 DEPARTAMENTO 702 COMUNA ANTOFAGASTA";"ANTOFAGASTA";"-23.645773278334495";"-70.39833299110192"
"Antofagasta";"NO ENROLADO";"BALNEARIO EL HUASCAR SIRENA 3 COMUNA ANTOFAGASTA";"ANTOFAGASTA";"-23.734929738616827";"-70.43653819922821"
"Antofagasta";"2500-20";"SECTOR QUINTAS KM 13 SITIO 29 COMUNA ANTOFAGASTA";"ANTOFAGASTA";"-23.626051915531775";"-70.29200896268031"
"Antofagasta";"20000-27";"ESTACION URIBE SIN NUMERO COMUNA ANTOFAGASTA";"ANTOFAGASTA";"-23.560080317898294";"-70.23494893301876"
"Antofagasta";"6800-19";"SECTOR SUBESTACION ANDES COMUNA ANTOFAGASTA";"ANTOFAGASTA";"-24.010017924102094";"-68.57862537339238"
"Antofagasta";"7534-2";"CALLE GUANAQUEROS LOTE B SECTOR LOS ARENALES COMUNA ANTOFAGASTA";"ANTOFAGASTA";"-23.585317982634965";"-70.37312839474028"
"Antofagasta";"6748-1";"SECTOR LA NEGRA COMUNA ANTOFAGASTA";"ANTOFAGASTA";"-23.732194398054407";"-70.30136316916891"
"Antofagasta";"16045-1";"MANZANA A SITIO 1 LA CHIMBA SECTOR IV COMUNA ANTOFAGASTA";"ANTOFAGASTA";"-23.564636761405";"-70.38378971897068"
"Antofagasta";"45003-5";"RUTA 5 CARRETERA PANAMERICANA A 70 KILOMETROS SUR DE ANTOFAGASTA COMUNA ANTOFAGASTA";"ANTOFAGASTA";"-24.15934611806216";"-70.15505773417482"
"Antofagasta";"15013-8";"EL HUASCAR MANZANA C-S SITIO 8 COMUNA ANTOFAGASTA";"ANTOFAGASTA";"-23.73779311473305";"-70.44020432246661"
"Antofagasta";"45002-14";"LOTE A2 RUTA B-55 KILOMETROS 62.600 COMUNA ANTOFAGASTA";"ANTOFAGASTA";"-24.062229634248087";"-69.5713574504492"
"Antofagasta";"25001-38";"LOS COPIHUES SITIO 59 SECTOR QUINTAS KM 13 COMUNA ANTOFAGASTA";"ANTOFAGASTA";"-23.63027270808362";"-70.29268383442141"
"Antofagasta";"6070-34";"MANZANA 6 A LOTE 2 SECTOR TOPATER COMUNA CALAMA";"CALAMA";"-22.48722012790168";"-68.91290566624457"
"Antofagasta";"45000-45";"LOTE B 50 KILOMETROS AL ESTE DE MINERA ATACAMA MINERALS COMUNA ANTOFAGASTA";"ANTOFAGASTA";"-24.183459623431396";"-69.30137070423577"
"Antofagasta";"42002-5";"LOTE B RUTA B-55 KILOMETROS 62.600 COMUNA ANTOFAGASTA";"ANTOFAGASTA";"-24.064233869648508";"-69.5809634046747"
"Antofagasta";"5010-14";"POBLACION LOS PINARES SITIO 8B MANZANA J COMUNA ANTOFAGASTA";"ANTOFAGASTA";"-23.60613607186262";"-70.39086277067614"
"Antofagasta";"20000-51";"SECTOR NUDO URIBE COMUNA ANTOFAGASTA";"ANTOFAGASTA";"-23.607188176749002";"-70.27560721632315"
"Antofagasta";"15009-4";"BALNEARIO EL HUASCAR SITIO 4 MANZANA D COMUNA ANTOFAGASTA";"ANTOFAGASTA";"-23.73567202072859";"-70.43825395791879"
"Antofagasta";"316-1";"CEMENTERIO GENERAL DE TALTAL COMUNA TALTAL";"TALTAL";"-25.405605273777336";"-70.47435321281306"
"Antofagasta";"16071-5";"SITIO 5 MANZANA 10 LA CHIMBA COMUNA ANTOFAGASTA";"ANTOFAGASTA";"-23.553209831234813";"-70.3865582353377"
"Antofagasta";"753-3";"SAN MARTIN 2298 MANZANA 753 LOTE 2 COMUNA ANTOFAGASTA";"ANTOFAGASTA";"-23.649560686997898";"-70.40060966814458"
"Antofagasta";"25001-49";"SITIO 48 SECTOR QUINTAS COMUNA ANTOFAGASTA";"ANTOFAGASTA";"-23.627459426267322";"-70.28986154707792"
"Antofagasta";"753-2";"SAN MARTIN 2298 MANZANA 753 LOTE 4 COMUNA ANTOFAGASTA";"ANTOFAGASTA";"-23.64951972983482";"-70.40080126103142"
"Antofagasta";"3751-36";"LOTE B LOCALIDAD DE PEINE COMUNA SAN PEDRO DE ATACAMA";"SAN PEDRO DE ATACAMA";"-23.682958130691695";"-68.06620113893551"
"Antofagasta";"5640-7";"AVENIDA RADOMIRO TOMIC 8341 SITIO 2-C MANZANA A SECTOR 2 BARRIO INDUSTRIAL COMUNA ANTOFAGASTA";"ANTOFAGASTA";"-23.592830532981644";"-70.38601077172453"
"Antofagasta";"3074-1";"ARGENTINA 01896 DEPARTAMENTO 11 BLOCK G COMUNA ANTOFAGASTA";"ANTOFAGASTA";"-23.692023734020264";"-70.40984054365546"
"Antofagasta";"NO ENROLADO";"KM 13 RUTA 26 SIN NUMERO COMUNA ANTOFAGASTA";"ANTOFAGASTA";"-23.62171856041762";"-70.28316608641991"
"Antofagasta";"6723-3";"LA NEGRA MANZANA Ñ2 SITIO 3 COMUNA ANTOFAGASTA";"ANTOFAGASTA";"-23.755526378569964";"-70.30514496597672"
"Antofagasta";"1303-23";"CIUDAD DE ANTOFAGASTA COMUNA ANTOFAGASTA";"ANTOFAGASTA";"-23.631783230773333";"-70.3882214185763"
"Antofagasta";"1401-34";"PARTE DEL LOTE 75 SALVADOR ALLENDE 752 COMUNA ANTOFAGASTA";"ANTOFAGASTA";"-23.628550079191534";"-70.38760762574715"
"Antofagasta";"909-2";"PARTE ALTA DE CIUDAD ANTOFAGASTA COMUNA ANTOFAGASTA";"ANTOFAGASTA";"-23.65428609504517";"-70.38921048342968"
"Antofagasta";"20000-36";"LOTE 3B SECTOR CHAQUETA BLANCA COMUNA ANTOFAGASTA";"ANTOFAGASTA";"-23.611963912172186";"-70.34470796996692"
"Antofagasta";"NO ENROLADO";"CERRO PLAYA HAWAI COMUNA ANTOFAGASTA";"ANTOFAGASTA";"-23.74636765326388";"-70.44490302088417"
"Antofagasta";"NO ENROLADO";"KM 13 RUTA 26 SIN NUMERO COMUNA ANTOFAGASTA";"ANTOFAGASTA";"-23.62128273577036";"-70.28272481291195"
"Antofagasta";"8000-3";"LOTE B CALLE EDUARDO FOSTER CON VLADIMIR SAAVEDRA CHIMBA ALTO COMUNA ANTOFAGASTA";"ANTOFAGASTA";"-23.57254079532631";"-70.37932082088639"
"Antofagasta";"1401-31";"PARTE DEL LOTE 71 SALVADOR ALLENDE SIN NUMERO COMUNA ANTOFAGASTA";"ANTOFAGASTA";"-23.62854764495289";"-70.38724203103688"
"Antofagasta";"15003-3";"EL HUASCAR MANZANA A SITIO 3 COMUNA ANTOFAGASTA";"ANTOFAGASTA";"-23.73203088749891";"-70.43626837360802"
"Antofagasta";"6404-2";"LOTE A SECTOR MANTOS BLANCOS SIN NUMERO COMUNA ANTOFAGASTA";"ANTOFAGASTA";"-23.44049343168229";"-70.00835584975187"
"Antofagasta";"15201-1 15201-2 15201-31";"SECTOR COLOSO DE LA CIUDAD DE ANTOFAGASTA COMUNA ANTOFAGASTA";"ANTOFAGASTA";"-23.760845169583124";"-70.46213578112364"
"Antofagasta";"693-199";"JOSE SANTOS OSSA 1941 A 1945 LOTE 2 COMUNA ANTOFAGASTA";"ANTOFAGASTA";"-23.65489883744381";"-70.40075762900568"
"Antofagasta";"45000-64";"A 48 KMS APROX AL ESTE DEL BARRIO INDUSTRIAL LA NEGRA COMUNA ANTOFAGASTA";"ANTOFAGASTA";"-23.83911132545675";"-69.87603608737787"
"Antofagasta";"307-1";"PUEBLO DE QUILLAGUA COMUNA MARIA ELENA";"MARIA ELENA";"-21.662273348523293";"-69.53344542371603"
"Antofagasta";"15012-8";"CALLE 6 MANZANA B S SITIO 8 BALNEARIO EL HUASCAR COMUNA ANTOFAGASTA";"ANTOFAGASTA";"-23.73641871967662";"-70.43911891335415"
"Antofagasta";"15006-6";"PASAJE 5 MANZANA B SITIO 6 EL HUASCAR COMUNA ANTOFAGASTA";"ANTOFAGASTA";"-23.73373701714738";"-70.43748774907228"
"Antofagasta";"5712-9";"TRAVESIA DEL MIRADOR JARDINES DEL SUR COMUNA ANTOFAGASTA";"ANTOFAGASTA";"-23.710080698967296";"-70.42633540885559"
"Antofagasta";"NO ENROLADO";"KM 13 RUTA 26 SIN NUMERO COMUNA ANTOFAGASTA";"ANTOFAGASTA";"-23.620847378962083";"-70.28228299768845"
"Antofagasta";"5612-9";"BARRIO INDUSTRIAL SECTOR 2 MANZANA 1-B SITIO 9-A COMUNA ANTOFAGASTA";"ANTOFAGASTA";"-23.601959305669883";"-70.3864936064668"
"Antofagasta";"327-26";"APROX A 10 KM AL SUROESTE DE LA LA CIUDAD DE TOCOPILLA COMUNA TOCOPILLA";"TOCOPILLA";"-22.208784103053755";"-70.21783543071321"
"Antofagasta";"1303-22";"CIUDAD DE ANTOFAGASTA COMUNA ANTOFAGASTA";"ANTOFAGASTA";"-23.631783230773333";"-70.3882214185763"
"Antofagasta";"45002-17";"LOTE A1 RUTA B-55 KILOMETROS 62.600 COMUNA ANTOFAGASTA";"ANTOFAGASTA";"-24.05879404787444";"-69.56541757516078"
"Antofagasta";"16142-3";"LA CHIMBA ALTO MANZANA 33 SITIO 3-A COMUNA ANTOFAGASTA";"ANTOFAGASTA";"-23.537419182236096";"-70.38548703909143"
"Antofagasta";"16171-3";"LA CHIMBA ALTO MANZANA 63 SITIO 3 COMUNA ANTOFAGASTA";"ANTOFAGASTA";"-23.528850490453816";"-70.38816679264906"
"Antofagasta";"5999-14";"A 40 M. AL OESTE DE RUTA 1 COMUNA ANTOFAGASTA";"ANTOFAGASTA";"-24.35421962047775";"-70.53738274733571"
"Antofagasta";"1157-21";"CALLE BELLAVISTA 3763 LOTE 57 COMUNA ANTOFAGASTA";"ANTOFAGASTA";"-23.637198692877483";"-70.3949810198262"
"Antofagasta";"1160-1";"CALLE JOSE CRUZAT ENTRE INGENIERO MUTILLA POBLACION TENIENTE MERINO COMUNA ANTOFAGASTA";"ANTOFAGASTA";"-23.644534803397445";"-70.38644912875722"
"Antofagasta";"1790-5";"PASAJE LA UNION 1105 COMUNA ANTOFAGASTA";"ANTOFAGASTA";"-23.621522189871335";"-70.37900733764953"
"Antofagasta";"25051-1";"COMPLEJO PENITENCIARIO COMUNA ANTOFAGASTA";"ANTOFAGASTA";"-23.613438122373037";"-70.26037511295515"
"Antofagasta";"867-29";"MANZANA T SITIO 29 POBLACION AMPLIACION MIRAMAR 4 COMUNA ANTOFAGASTA";"ANTOFAGASTA";"-23.6588747197321";"-70.38834821440129"
"Antofagasta";"539-3";"AVELINO CONTARDO 1526 SITIO 158-A POBLACION VILLA ESMERALDA COMUNA ANTOFAGASTA";"ANTOFAGASTA";"-23.665020893164847";"-70.39431686191723"
"Antofagasta";"NO ENROLADO";"SECTOR QUINTAS KM 13 SITIO 67 COMUNA ANTOFAGASTA";"ANTOFAGASTA";"-23.628573667843863";"-70.29012578180208"
"Antofagasta";"16092-7";"SITIO 7 MANZANA 8 LA CHIMBA COMUNA ANTOFAGASTA";"ANTOFAGASTA";"-23.549896318378327";"-70.38689110300352"
"Antofagasta";"45002-25";"AUGUSTA VICTORIA COMUNA ANTOFAGASTA";"ANTOFAGASTA";"-24.13335154006028";"-69.29664062171054"
"Antofagasta";"16082-13";"SITIO 13 MANZANA 9 LA CHIMBA COMUNA ANTOFAGASTA";"ANTOFAGASTA";"-23.550991145854344";"-70.38613714774779"
"Antofagasta";"06500-7";"CERRO LOS MORROS COMUNA ANTOFAGASTA";"ANTOFAGASTA";"-23.58597559666011";"-70.33000054947018"
"Antofagasta";"6746-1";"HECTOR GOMEZ COBO SIN NUMERO LA NEGRA EXTENSION NORTE COMUNA ANTOFAGASTA";"ANTOFAGASTA";"-23.7386326645413";"-70.29902065272965"
"Antofagasta";"20002-2";"A APROX. 2.2 KM AL NORESTE DEL NUDO URIBE COMUNA ANTOFAGASTA";"ANTOFAGASTA";"-23.57734717762118";"-70.25697271775225"
"Antofagasta";"16208-6";"SECTOR NORTE DE ANTOFAGASTA COMUNA ANTOFAGASTA";"ANTOFAGASTA";"-23.567660833379414";"-70.39820135397981"
"Antofagasta";"16071-2";"SITIO 2 MANZANA 10 LA CHIMBA COMUNA ANTOFAGASTA";"ANTOFAGASTA";"-23.553075781250392";"-70.3857128121545"
"Antofagasta";"25000-3";"SECTOR QUINTAS KM 13 LOTE 3 COMUNA ANTOAFAGASTA";"ANTOFAGASTA";"-23.625777816551334";"-70.29499567124117"
"Antofagasta";"1394-9";"TARAPACA 4575 COMUNA ANTOFAGASTA";"ANTOFAGASTA";"-23.628875111158578";"-70.39324494441162"
"Antofagasta";"3017-1";"VIENTOS DEL SUR LOTE 1 COMUNA ANTOFAGASTA";"ANTOFAGASTA";"-23.69322678913495";"-70.41200405952218"
"Antofagasta";"1951-4";"CAUTIN COMUNA ANTOFAGASTA";"ANTOFAGASTA";"-23.61378354141253";"-70.3829083022125"
"Antofagasta";"5048-8";"AVENIDA IQUIQUE 7345 SITIO 10 COMUNA ANTOFAGASTA";"ANTOFAGASTA";"-23.601915550002467";"-70.39069521713772"
"Antofagasta";"5003-1";"MANZANA 3 SITIO 3 BARRIO INDUSTRIAL SECTOR 4 COMUNA ANTOFAGASTA";"ANTOFAGASTA";"-23.61248791360486";"-70.38972045541297"
"Antofagasta";"1303-43";"CIUDAD DE ANTOFAGASTA COMUNA ANTOFAGASTA";"ANTOFAGASTA";"-23.631783230773333";"-70.3882214185763"
"Antofagasta";"6800-27";"SECTOR CRUCERO COMUNA MARIA ELENA";"MARIA ELENA";"-22.27725597257254";"-69.57025388143586"
"Antofagasta";"16071-9";"SITIO 9 MANZANA 10 LA CHIMBA COMUNA ANTOFAGASTA";"ANTOFAGASTA";"-23.554644974011705";"-70.38536608146508"
"Antofagasta";"16095-9";"SITIO 9 MANZANA 37 LA CHIMBA COMUNA ANTOFAGASTA";"ANTOFAGASTA";"-23.549128446400683";"-70.38488260315721"
"Antofagasta";"8000-9";"APROX. A 8,5 KMS AL SURESTE DE MEJILLONES COMUNA MEJILLONES";"MEJILLONES";"-23.17416104413854";"-70.41188350894976"
"Antofagasta";"15011-4";"EL HUASCAR MANZANA A-S SITIO 4 COMUNA ANTOFAGASTA";"ANTOFAGASTA";"-23.736262198315167";"-70.43855597590115"
"Antofagasta";"448-2";"EDUARDO ORCHARD LOTE A POBLACION LA FAVORECEDORA COMUNA ANTOFAGASTA";"ANTOFAGASTA";"-23.668458128394743";"-70.4001174653147"
"Antofagasta";"NO ENROLADO";"CERRO JUAN LOPEZ COMUNA ANTOFAGASTA";"ANTOFAGASTA";"-23.511577010102066";"-70.5341613598822"
"Antofagasta";"25001-43";"SECTOR QUINTAS KM 13 SITIO 64 COMUNA ANTOFAGASTA";"ANTOFAGASTA";"-23.63046307711077";"-70.29024523880555"
"Antofagasta";"25001-47";"SECTOR QUINTAS KM 13 SITIO 44 COMUNA ANTOFAGASTA";"ANTOFAGASTA";"-23.62675666327256";"-70.29058989864609"
"Antofagasta";"15003-5";"EL HUASCAR SITIO 5 MANZANA A COMUNA ANTOFAGASTA";"ANTOFAGASTA";"-23.732375296810638";"-70.43629587486616"
"Antofagasta";"1303-24";"CIUDAD DE ANTOFAGASTA COMUNA ANTOFAGASTA";"ANTOFAGASTA";"-23.631783230773333";"-70.3882214185763"
"Antofagasta";"14011-1";"SITIO RESERVA CALETA CONSTITUCION COMUNA ANTOFAGASTA";"ANTOFAGASTA";"-23.41100530245188";"-70.59166604000177"
"Antofagasta";"15015-9";"BALNEARIO EL HUASCAR SUR MANZANA D-S SITIO 9 COMUNA ANTOFAGASTA";"ANTOFAGASTA";"-23.73926423911469";"-70.44175571073433"
"Antofagasta";"1527-13";"CALLE VALLENAR 678 POBLACION LAUTARO MANZANA I SITIO 7 F 2 COMUNA ANTOFAGASTA";"ANTOFAGASTA";"-23.625482481025617";"-70.3875134785005"
"Antofagasta";"683-20";"COQUIMBO 850 AL 854 COMUNA ANTOFAGASTA";"ANTOFAGASTA";"-23.656227254195983";"-70.40065839514808"
"Antofagasta";"NO ENROLADO";"CERRO RINCONADA COMUNA ANTOFAGASTA";"ANTOFAGASTA";"-23.461802882128396";"-70.49525768821513"
"Antofagasta";"45000-43";"OFICINA CASTILLA LOTE B COMUNA ANTOFAGASTA";"ANTOFAGASTA";"-23.88090629728993";"-69.85296736375278"
"Antofagasta";"1177-22";"BELLAVISTA 3656 DEPARTAMENTO F PISO 3 COMUNA ANTOFAGASTA";"ANTOFAGASTA";"-23.638384113533743";"-70.39431154864478"
"Antofagasta";"6704-2";"LA NEGRA MANZANA G SITIO 2 COMUNA ANTOFAGASTA";"ANTOFAGASTA";"-23.785465595159046";"-70.30804675238193"
"Antofagasta";"6800-14";"RUTA B-241 FRENTE SUBESTACION ANDES COMUNA ANTOFAGASTA";"ANTOFAGASTA";"-24.01700278261396";"-68.59469303624509"
"Antofagasta";"6800-22";"LOTE C SECTOR SUBESTACION ANDES COMUNA ANTOFAGASTA";"ANTOFAGASTA";"-24.03881537755646";"-68.57492659218424"
"Antofagasta";"45002-15";"LOTE B RUTA B-55 KILOMETROS 62.600 COMUNA ANTOFAGASTA";"ANTOFAGASTA";"-24.064262721992666";"-69.57331350484544"
"Antofagasta";"NO ENROLADO";"MANZANA I SITIO 1 COMUNA ANTOFAGASTA";"ANTOFAGASTA";"-23.570219036280445";"-70.38859899283267"
"Antofagasta";"6401-77";"ESTACION URIBE COMUNA ANTOFAGASTA";"ANTOFAGASTA";"-23.557514281421827";"-70.23139920704055"
"Antofagasta";"1303-39";"CIUDAD DE ANTOFAGASTA COMUNA ANTOFAGASTA";"ANTOFAGASTA";"-23.631783230773333";"-70.3882214185763"
"Antofagasta";"45000-50";"LOTE A 50 KILOMETROS AL ESTE DE MINERA ATACAM MINERALS COMUNA ANTOFAGASTA";"ANTOFAGASTA";"-24.17122480299084";"-69.32686359690916"
"Antofagasta";"586-7";"FRANCISCO CAREY 1370 COMUNA ANTOFAGASTA";"ANTOFAGASTA";"-23.66255949838953";"-70.4024139600605"
"Antofagasta";"NO ENROLADO";"MANUEL VERBAL 1547-1597 MANZANA 641 LOTE A COMUNA ANTOFAGASTA";"ANTOFAGASTA";"-23.660979517522332";"-70.40334273696041"
"Antofagasta";"16440-2";"RICA AVENTURA EX CINCO LA CHIMBA MANZANA 3 LOTE 2 COMUNA ANTOFAGASTA";"ANTOFAGASTA";"-23.55181076440097";"-70.39608512876941"
"Antofagasta";"1303-26";"CIUDAD DE ANTOFAGASTA COMUNA ANTOFAGASTA";"ANTOFAGASTA";"-23.63157026394438";"-70.38812653712587"
"Antofagasta";"6401-80";"A 5,4 KMS AL NORESTE DEL NUDO URIBE COMUNA ANTOFAGASTA";"ANTOFAGASTA";"-23.5617720289064";"-70.21659060136967"
"Antofagasta";"20000-50";"A APROX 1 KM AL NORTE DE LA RUTA 5 COMUNA ANTOFAGASTA";"ANTOFAGASTA";"-23.436457657880258";"-70.14288523848204"
"Antofagasta";"45002-13";"LOTE A1 RUTA B-55 KILOMETROS 62.600 COMUNA ANTOFAGASTA";"ANTOFAGASTA";"-24.058125131921223";"-69.57133747570562"
"Antofagasta";"1303-36";"CIUDAD DE ANTOFAGASTA COMUNA ANTOFAGASTA";"ANTOFAGASTA";"-23.631783230773333";"-70.3882214185763"
"Antofagasta";"15008-17";"EL HUASCAR MANZANA C SITIO 17 COMUNA ANTOFAGASTA";"ANTOFAGASTA";"-23.73492134906458";"-70.43775114499144"
"Antofagasta";"15011-3";"EL HUASCAR MANZANA A-S SITIO 3 COMUNA ANTOFAGASTA";"ANTOFAGASTA";"-23.73614960373359";"-70.4384746349642"
"Antofagasta";"15011-12";"BALTAZAR LEIGHTON MANZANA A-S SITIO 12 SECTOR EL HUASCAR COMUNA ANTOFAGASTA";"ANTOFAGASTA";"-23.735795052107637";"-70.4386615016233"
"Antofagasta";"15011-5";"EL HUASCAR MANZANA A-S SITIO 5 COMUNA ANTOFAGASTA";"ANTOFAGASTA";"-23.73609538149442";"-70.43870055161807"
"Antofagasta";"8001-6";"LOCALIDAD DE MICHILLA SIN NUMERO COMUNA MEJILLONES";"MEJILLONES";"-22.71368106793175";"-70.2681783717799"
"Antofagasta";"6102-5";"A APROX 51,5 KM AL SURESTE DE LA LOCALIDAD DE SIERRA GORDA COMUNA SIERRA GORDA";"SIERRA GORDA";"-23.051998349588597";"-68.8467790946661"
"Antofagasta";"256-9";"JOSE TORIBIO MEDINA NO ENROLADO SITIO 24 COMUNA ANTOFAGASTA";"ANTOFAGASTA";"-23.673964941146718";"-70.41102407755045"
"Antofagasta";"20000-37";"LOTE 3C SECTOR CHAQUETA BLANCA COMUNA ANTOFAGASTA";"ANTOFAGASTA";"-23.62130861775373";"-70.34819686992256"
"Antofagasta";"6736-3";"LOTE 2 SECTOR LA NEGRA COMUNA ANTOFAGASTA";"ANTOFAGASTA";"-23.752872533267986";"-70.30585894208181"
"Antofagasta";"45002-18";"LOTE A2 RUTA B-55 KILOMETROS 62.600 COMUNA ANTOFAGASTA";"ANTOFAGASTA";"-24.06293118216397";"-69.5652860422276"
"Antofagasta";"45000-44";"LOTE A 50 KILOMETROS AL ESTE DE MINERA ATACAMA MINERALS COMUNA ANTOFAGASTA";"ANTOFAGASTA";"-24.18224393233907";"-69.29927026524189"
"Antofagasta";"7850-1";"MANZANA 14 SECTOR LOS ARENALES COMUNA ANTOFAGASTA";"ANTOFAGASTA";"-23.58103808822457";"-70.37759715930535"
"Antofagasta";"5048-11";"AVENIDA IQUIQUE 7357 SITIO 7 CONJUNTO HABITACIONAL COSTA AZUL II COMUNA ANTOFAGASTA";"ANTOFAGASTA";"-23.601915550002467";"-70.39069521713772"
"Antofagasta";"448-4";"EDUARDO ORCHARD LOTE D POBLACION LA FAVORECEDORA COMUNA ANTOFAGASTA";"ANTOFAGASTA";"-23.668736153578635";"-70.40000325428431"
"Antofagasta";"25001-35";"SECTOR QUINTAS KM 13 SITIO 55 COMUNA ANTOFAGASTA";"ANTOFAGASTA";"-23.63050717975018";"-70.29155821212936"
"Antofagasta";"16131-2";"LA CHIMBA MANZANA 11 SITIO 2 VILLA AGRICOLA COMUNA ANTOFAGASTA";"ANTOFAGASTA";"-23.53947296903266";"-70.38862830494266"
"Antofagasta";"490-1";"BARON DE LA RIVIERE 1030 COMUNA ANTOFAGASTA";"ANTOFAGASTA";"-23.665975311113467";"-70.4000042729311"
"Antofagasta";"NO ENROLADO";"APROX A 35 KM AL SURESTE DE LA CIUDAD DE CALAMA COMUNA CALAMA";"CALAMA";"-22.61231963551135";"-68.59248641099542"
"Antofagasta";"20000-44";"KM 15 RUTA 26 SALAR DEL CARMEN SITIO 23 COMUNA ANTOFAGASTA";"ANTOFAGASTA";"-23.611649030920706";"-70.27274242320331"
"Antofagasta";"16070-1";"CALLE 2 SUR LA CHIMBA MANZANA 18 SITIO 1 VILLA AGRICOLA COMUNA ANTOFAGASTA";"ANTOFAGASTA";"-23.553263065407545";"-70.3875989674662"
"Antofagasta";"16070-6";"LA CHIMBA MANZANA 18 SITIO 6 VILLA AGRICOLA COMUNA ANTOFAGASTA";"ANTOFAGASTA";"-23.553532940877826";"-70.39041315053748"
"Antofagasta";"45002-8";"LOTE B RUTA B-55 KILOMETROS 62.600 COMUNA ANTOFAGASTA";"ANTOFAGASTA";"-24.05313457018083";"-69.58372679685637"
"Antofagasta";"45002-19";"LOTE B RUTA B-55 KILOMETROS 62.600 COMUNA ANTOFAGASTA";"ANTOFAGASTA";"-24.064285580734975";"-69.56717944149042"
"Antofagasta";"6770-2";"LOTE B BARRIO INDUSTRIAL LA NEGRA SIN NUMERO COMUNA ANTOFAGASTA";"ANTOFAGASTA";"-23.749768489656617";"-70.30687894997412"
"Antofagasta";"5731-27";"SECTOR SUR DE ANTOFAGASTA MANZANA E SITIO 26 COMUNA ANTOFAGASTA";"ANTOFAGASTA";"-23.710128180995326";"-70.42455946036017"
"Antofagasta";"16095-11";"SITIO 11 MANZANA 37 LA CHIMBA COMUNA ANTOFAGASTA";"ANTOFAGASTA";"-23.54867967526306";"-70.38505762687592"
"Antofagasta";"16071-7";"SITIO 7 MANZANA 10 LA CHIMBA COMUNA ANTOFAGASTA";"ANTOFAGASTA";"-23.554151585970814";"-70.38602182955772"
"Antofagasta";"1271-1";"AVENIDA CAUTIN HOY AVENIDA ANTONIO RENDIC 4102 4106 4152 4184 4190 COMUNA ANTOFAGASTA";"ANTOFAGASTA";"-23.632856529269375";"-70.38895007991984"
"Antofagasta";"15012-9";"EL HUASCAR SITIO 6 MANZANA C COMUNA ANTOFAGASTA";"ANTOFAGASTA";"-23.73448653222686";"-70.4371918393414"
"Antofagasta";"6705-3";"LA NEGRA MANZANA B-1 LOTE 3 COMUNA ANTOFAGASTA";"ANTOFAGASTA";"-23.77867501114152";"-70.31498701717942"
"Antofagasta";"25001-39";"SECTOR QUINTAS KM 13 SITIO 60 COMUNA ANTOFAGASTA";"ANTOFAGASTA";"-23.629814467241008";"-70.29269774813876"
"Antofagasta";"5048-7";"AVENIDA IQUIQUE 7341 SITIO 11 COMUNA ANTOFAGASTA";"ANTOFAGASTA";"-23.601915550002467";"-70.39069521713772"
"Antofagasta";"1303-25";"CIUDAD DE ANTOFAGASTA COMUNA ANTOFAGASTA";"ANTOFAGASTA";"-23.631783230773333";"-70.3882214185763"
"Antofagasta";"3240-16";"OSVALDO GOMEZ ANSIETA 01515 COMUNA ANTOFAGASTA";"ANTOFAGASTA";"-23.687773659426565";"-70.40701279258155"
"Antofagasta";"45001-5";"AREA 1 A 37 KM. AL ESTE DEL BARRIO INDUSTRIAL LA NEGRA COMUNA ANTOFAGASTA";"ANTOFAGASTA";"-23.762000553057625";"-69.92641527984783"
"Antofagasta";"15013-6";"EL HUASCAR MANZANA C-S SITIO 6 COMUNA ANTOFAGASTA";"ANTOFAGASTA";"-23.73792834287789";"-70.43996913660153"
"Antofagasta";"6401-75";"RUTA 5 KM 1473 SALAR DEL CARMEN COMUNA ANTOFAGASTA";"ANTOFAGASTA";"-23.611279907419974";"-70.26952725544673"
"Antofagasta";"1951-9";"CALLE EL LOA CON PASAJE COBIJA POBLACION MANUEL RODRIGUEZ COMUNA ANTOFAGASTA";"ANTOFAGASTA";"-23.615458121219397";"-70.38352527447041"
"Antofagasta";"244-2";"POBLACION PLAYA BLANCA SECTOR 1 PASAJE LAS CRUCES ESQUINA PASAJE LOS LILENES LOTE 1 COMUNA AN";"ANTOFAGASTA";"-23.675201971207226";"-70.40868164787152"
"Antofagasta";"1709-1";"POBLACION CIRUJANO VIDELA AVENIDA SALVADOR ALLENDE CON CALLE LENKA FRANULIC COMUNA ANTOFAGAST";"ANTOFAGASTA";"-23.62867049939454";"-70.37454618449516"
"Antofagasta";"3760-469";"PUEBLO DE PEINE SIN NUMERO COMUNA SAN PEDRO DE ATACAMA";"SAN PEDRO DE ATACAMA";"-23.68430068366904";"-68.06301192010378"
"Antofagasta";"551-1";"ANDRES SABELLA ESQUINA PASAJE AVELINO CONTARDO NORTE VILLA ESMERALDA COMUNA ANTOFAGASTA";"ANTOFAGASTA";"-23.66469963998359";"-70.39421960977039"
"Antofagasta";"5201-10";"PUNTA TAMES AL NOROESTE DE LA RUTA 1 COMUNA MEJILLONES";"MEJILLONES";"-22.65413085845094";"-70.2730347256917"
"Antofagasta";"6701-82";"A 9,5 KILOMETROS AL SUR DEL SECTOR LA NEGRA COMUNA ANTOFAGASTA";"ANTOFAGASTA";"-23.863331600745006";"-70.3014662616216"
"Antofagasta";"4518-4";"CIUDAD DE ANTOFAGASTA JARDINES DEL SUR SIN NUMERO COMUNA ANTOFAGASTA";"ANTOFAGASTA";"-23.716389549976498";"-70.4277821756303"
"Antofagasta";"5612-9";"BARRIO INDUSTRIAL SECTOR 2 MANZANA 1-B SITIO 9-B COMUNA ANTOFAGASTA";"ANTOFAGASTA";"-23.601648947352533";"-70.38644542743315"
"Antofagasta";"15015-8";"CIRCUNVALACION MANZANA D-S SITIO 8 COMUNA ANTOFAGASTA";"ANTOFAGASTA";"-23.739149890780944";"-70.44167485802362"
"Antofagasta";"NO ENROLADO";"BARRIO INDUSTRIAL MANZANA A SITIO 5 COMUNA ANTOFAGASTA";"ANTOFAGASTA";"-23.59394251870493";"-70.38722779272778"
"Antofagasta";"NO ENROLADO";"BARRIO INDUSTRIAL MANZANA A SITIO 4 COMUNA ANTOFAGASTA";"ANTOFAGASTA";"-23.593912859580364";"-70.38620256505094"
"Antofagasta";"301-5";"LOTE 1 MANZANA 3 SECTOR SUR DE MEJILLONES COMUNA MEJILLONES";"MEJILLONES";"-23.10878001086841";"-70.45091192203847"
"Antofagasta";"727-7";"PEDRO LIRA 1446 SITIO 76 MANZANA 7 COMUNA ANTOFAGASTA";"ANTOFAGASTA";"-23.659286283862972";"-70.3939867962456"
"Antofagasta";"25001-37";"LOS COPIHUES SIN NUMERO SITIO 58 COMUNA ANTOFAGASTA";"ANTOFAGASTA";"-23.630731144446056";"-70.29267351555578"
"Antofagasta";"25001-46";"CALLE LAS SIEMPRE VIVAS SITIO 53 SECTOR QUINTAS KM 13 COMUNA ANTOFAGASTA";"ANTOFAGASTA";"-23.62962981695603";"-70.29179905432294"
"Antofagasta";"4002-8";"APROX A 46 KM AL SURESTE DE LA CIUDAD DE TALTAL COMUNA TALTAL";"TALTAL";"-25.459013927907883";"-70.02268921117937"
"Antofagasta";"3240-13";"OSVALDO GOMEZ ANSIETA 01535 MANZANA A SITIO 4 COMUNA ANTOFAGASTA";"ANTOFAGASTA";"-23.68804171237418";"-70.40706845205739"
"Antofagasta";"4514-9";"VILLA ALGARROBO MANZANA K SITIO 13 COMUNA SAN PEDRO DE ATACAMA";"SAN PEDRO DE ATACAMA";"-22.906195076167712";"-68.1927267693553"
"Antofagasta";"NO ENROLADO";"CERRO MANTOS BLANCOS COMUNA ANTOFAGASTA";"ANTOFAGASTA";"-23.490058422489696";"-70.11539624491455"
"Antofagasta";"6340-2";"LOCALIDAD DE BAQUEDANO COMUNA SIERRA GORDA";"SIERRA GORDA";"-23.33038887849902";"-69.84388611345483"
"Antofagasta";"25001-36";"SITIO 56 SECTOR QUINTAS COMUNA ANTOFAGASTA";"ANTOFAGASTA";"-23.630666923211205";"-70.29148085232467"
"Antofagasta";"1303-42";"CIUDAD DE ANTOFAGASTA COMUNA ANTOFAGASTA";"ANTOFAGASTA";"-23.63199645520751";"-70.38819163049136"
"Antofagasta";"49000-7";"SUBESTACION ELECTRICA ANDES COMUNA ANTOFAGASTA";"ANTOFAGASTA";"-23.99905154267468";"-68.56187176753967"
"Antofagasta";"6401-78";"8 KM AL NORTE DE NUDO URIBE A 1.4 KM AL ESTE DE INTERSECCION RUTA 5 CON RUTA B-400 COMUNA ANT";"ANTOFAGASTA";"-23.54244889174286";"-70.21634607707526"
"Antofagasta";"15013-12";"CALLE ALTA MANZANA C-S SITIO 12 BALNEARIO EL HUASCAR COMUNA ANTOFAGASTA";"ANTOFAGASTA";"-23.737314001572607";"-70.43977587857201"
"Antofagasta";"1258-2 1258-3";"SITIO 2 Y 3 POBLACION CHILE COMUNA ANTOFAGASTA";"ANTOFAGASTA";"-23.63389534255668";"-70.38264022917797"
"Antofagasta";"3074-5";"ARGENTINA 01896 DEPARTAMENTO 22 BLOCK I COMUNA ANTOFAGASTA";"ANTOFAGASTA";"-23.692115405301895";"-70.409923951858"
"Antofagasta";"1000-21";"COVADONGA NUEVA 851-871 MANZANA 1000 SITIO 21 COMUNA ANTOFAGASTA";"ANTOFAGASTA";"-23.646952143523944";"-70.3901598976479"
"Antofagasta";"513-1";"HERMOGENES ALFARO 1138 COMUNA ANTOFAGASTA";"ANTOFAGASTA";"-23.665400337285174";"-70.3973399743675"
"Antofagasta";"5048-6";"IQUIQUE 7337 SITIO 12 COMUNA ANTOFAGASTA";"ANTOFAGASTA";"-23.601915550002467";"-70.39069521713772"
"Antofagasta";"7470-1";"CALLE HUAMACHUCO 8959 POBLACION OSCAR BONILLA COMUNA ANTOFAGASTA";"ANTOFAGASTA";"-23.585127309794423";"-70.38092228548815"
"Antofagasta";"468-22";"COLLAHUASI 860 MANZANA 52 SITIO 32 COMUNA ANTOFAGASTA";"ANTOFAGASTA";"-23.666108692829877";"-70.40461842431384"
"Antofagasta";"60-001";"HOSPITAL DE MEJILLONES COMUNA MEJILLONES";"MEJILLONES";"-23.10273005303521";"-70.44622569783581"
"Antofagasta";"1303-34";"CIUDAD DE ANTOFAGASTA COMUNA ANTOFAGASTA";"ANTOFAGASTA";"-23.63157026394438";"-70.38812653712587"
"Antofagasta";"1303-38";"CIUDAD DE ANTOFAGASTA COMUNA ANTOFAGASTA";"ANTOFAGASTA";"-23.631783230773333";"-70.3882214185763"
"Antofagasta";"7471-1";"RIO SALADO CON HUAMACHUCO SIN NUMERO COMUNA ANTOFAGASTA";"ANTOFAGASTA";"-23.585105284079958";"-70.38059306784328"
"Antofagasta";"3002-1";"SANTA MARTA SIN NUMERO MANZANA 31 COMUNA ANTOFAGASTA";"ANTOFAGASTA";"-23.697887724469535";"-70.41024117421046"
"Antofagasta";"5611-3";"CAUTIN 7026 MANZANA 2 SITIO 7 COMUNA ANTOFAGASTA";"ANTOFAGASTA";"-23.606819846294762";"-70.38516096153843"
"Antofagasta";"847-12";"WASHINGTON 2527 PISO 2 COMUNA ANTOFAGASTA";"ANTOFAGASTA";"-23.646390593008203";"-70.3993878938611"
"Antofagasta";"6166-1";"CERRO PEDREGAL COMUNA ANTOFAGASTA";"ANTOFAGASTA";"-23.59169698802375";"-70.37640712435892"
"Antofagasta";"15007-23";"EL HUASCAR MANZANA K-2 SITIO 17 COMUNA ANTOFAGASTA";"ANTOFAGASTA";"-23.734908357136664";"-70.43952972159782"
"Antofagasta";"15011-10";"EL HUASCAR MANZANA A-S SITIO 10 COMUNA ANTOFAGASTA";"ANTOFAGASTA";"-23.735547055276857";"-70.43893428108606"
"Antofagasta";"15003-4";"EL HUASCAR MANZANA A SITIO 4 COMUNA ANTOFAGASTA";"ANTOFAGASTA";"-23.732208652604253";"-70.43625486731446"
"Antofagasta";"15015-10";"EL HUASCAR MANZANA D-S SITIO 10 COMUNA ANTOFAGASTA";"ANTOFAGASTA";"-23.735218778338137";"-70.4385770079525"
"Antofagasta";"6701-16";"LA NEGRA KILOMETROS. 1344,386 A 1344,78 DE LA CARRETERA LONGITUDINAL NORTE COMUNA ANTOFAGASTA";"ANTOFAGASTA";"-23.787156255281086";"-70.31654046789366"
"Antofagasta";"17017-2";"LOTE 2 APROX A 1,17 KM AL SUR DE BARRIO INDUSTRIAL LA PORTADA COMUNA ANTOFAGASTA";"ANTOFAGASTA";"-23.52355793658217";"-70.3945982188829"
"Antofagasta";"1303-30";"CIUDAD DE ANTOFAGASTA COMUNA ANTOFAGASTA";"ANTOFAGASTA";"-23.631783230773333";"-70.3882214185763"
"Antofagasta";"6099-1";"PASAJE OSCAR BONILLA 8527 COMUNA ANTOFAGASTA";"ANTOFAGASTA";"-23.590428348012917";"-70.37924831977249"
"Antofagasta";"3017-2";"MAR DEL PLATA CON SANTA ELENA COMUNA ANTOFAGASTA";"ANTOFAGASTA";"-23.693670992779545";"-70.41203255081966"
"Antofagasta";"1303-29";"CIUDAD DE ANTOFAGASTA COMUNA ANTOFAGASTA";"ANTOFAGASTA";"-23.631783230773333";"-70.3882214185763"
"Antofagasta";"45002-3";"LOTE A1 RUTA B-55 KILOMETROS 62.600 COMUNA ANTOFAGASTA";"ANTOFAGASTA";"-24.05743216741435";"-69.57768622240415"
"Antofagasta";"45000-47";"LOTE A 50 KILOMETROS AL ESTE DE MINERA ATACAMA MINERALS COMUNA ANTOFAGASTA";"ANTOFAGASTA";"-24.18027798777381";"-69.30449035252876"
"Antofagasta";"6800-20";"LOTE A SECTOR SUBESTACION ANDES COMUNA ANTOFAGASTA";"ANTOFAGASTA";"-24.027987953806083";"-68.57544651144006"
"Antofagasta";"1730-10";"LOTE B PASAJE OLLAGUE CON CALLE ELQUI COMUNA ANTOFAGASTA";"ANTOFAGASTA";"-23.6191671071466";"-70.38836891975112"
"Antofagasta";"12007-1";"MANZANA 7 SITIO 1 COMUNA ANTOFAGASTA";"ANTOFAGASTA";"-23.51295276061121";"-70.53371282333966"
"Antofagasta";"517-1";"APROX A 1,1 KM AL SURESTE DE LA PLAZA DE LA CIUDAD DE TALTAL COMUNA TALTAL";"TALTAL";"-25.414833335428035";"-70.47766669853256"
"Antofagasta";"6701-77";"SECTOR ESTACION PORTEZUELO RUTA 5 NORTE COMUNA ANTOFAGASTA";"ANTOFAGASTA";"-23.6871194891516";"-70.27910538500566"
"Antofagasta";"25001-24";"SITIO 34 SECTOR QUINTAS COMUNA ANTOFAGASTA";"ANTOFAGASTA";"-23.626874848196366";"-70.2911602692457"
"Antofagasta";"16042-5";"SITIO 5 MANZANA F SECTOR II SECTOR NORTE COMUNA ANTOFAGASTA";"ANTOFAGASTA";"-23.56715841012607";"-70.38692041804443"
"Antofagasta";"16095-6";"SITIO 6 MANZANA 37 LA CHIMBA COMUNA ANTOFAGASTA";"ANTOFAGASTA";"-23.54970597749025";"-70.38451758448917"
"Antofagasta";"15005-2";"EL HUASCAR MANZANA G SITIO 2 COMUNA ANTOFAGASTA";"ANTOFAGASTA";"-23.733555660103423";"-70.43803304671125"
"Antofagasta";"25001-44";"SECTOR QUINTAS KM 13 SITIO 65 COMUNA ANTOFAGASTA";"ANTOFAGASTA";"-23.630579907474836";"-70.29071895760835"
"Antofagasta";"49000-3";"SUBESTACION ANDES COMUNA ANTOFAGASTA";"ANTOFAGASTA";"-24.066951274437706";"-68.57350724588764"
"Antofagasta";"16208-9";"SECTOR PLAYA LA CHIMBA COMUNA ANTOFAGASTA";"ANTOFAGASTA";"-23.558464992508224";"-70.40364068674998"
"Antofagasta";"816-2";"ARGOMEDO 252 COMUNA ANTOFAGASTA";"ANTOFAGASTA";"-23.647086928472493";"-70.40055417568554"
"Antofagasta";"1303-19";"PASAJE SAUSALITO 686 MANZANA 46 SITIO 46 COMUNA ANTOFAGASTA";"ANTOFAGASTA";"-23.631852142282";"-70.38827596608463"
"Antofagasta";"20005-2";"SUBESTACION CAPRICORNIO COMUNA ANTOFAGASTA";"ANTOFAGASTA";"-23.456634822888056";"-70.21613536768676"
"Antofagasta";"6032-3";"LOCALIDAD DE SIERRA GORDA SIN NUMERO COMUNA SIERRA GORDA";"SIERRA GORDA";"-22.89546210616289";"-69.32533134725047"
"Antofagasta";"1-14532";"LOTE C ALTOS LA PORTADA COMUNA ANTOFAGASTA";"ANTOFAGASTA";"-23.498900160239273";"-70.40538692918486"
"Antofagasta";"45002-16";"LOTE C RUTA B-55 KILOMETROS 62.600 COMUNA ANTOFAGASTA";"ANTOFAGASTA";"-24.07028101133287";"-69.57167989043803"
"Antofagasta";"16161-4";"SITIO 4 MANZANA 60 LA CHIMBA COMUNA ANTOFAGASTA";"ANTOFAGASTA";"-23.531824619274477";"-70.38831593572446"
"Antofagasta";"15007-5";"EL HUASCAR MANZANA K-2 SITIO 5 COMUNA ANTOFAGASTA";"ANTOFAGASTA";"-23.735106201576265";"-70.43949914598313"
"Antofagasta";"4900-5";"SUB ESTACION ELECTRICA LOS ANDES COMUNA ANTOFAGASTA";"ANTOFAGASTA";"-24.00501731288162";"-68.57261965829667"
"Antofagasta";"1303-44";"CIUDAD DE ANTOFAGASTA COMUNA ANTOFAGASTA";"ANTOFAGASTA";"-23.63210327042964";"-70.38825906253241"
"Antofagasta";"45000-49";"LOTE C 50 KILOMETROS AL ESTE DE MINERA ATACAMA MINERALS COMUNA ANTOFAGASTA";"ANTOFAGASTA";"-24.17553700021411";"-69.31372174943766"
"Antofagasta";"5970-1";"SITIO COLINDANTE A POBLACION BALMACEDA COMUNA ANTOFAGASTA";"ANTOFAGASTA";"-23.60111348870483";"-70.37182948741393"
"Antofagasta";"1303-9";"CIUDAD DE ANTOFAGASTA COMUNA ANTOFAGASTA";"ANTOFAGASTA";"-23.63183859515689";"-70.38822632932863"
"Antofagasta";"1303-20";"CIUDAD DE ANTOFAGASTA COMUNA ANTOFAGASTA";"ANTOFAGASTA";"-23.63189674015278";"-70.38818905333216"
"Antofagasta";"6401-84";"LOTE B SECTOR CAPRICORNIO COMUNA ANTOFAGASTA";"ANTOFAGASTA";"-23.418642795042395";"-70.17901678354754"
"Antofagasta";"6903-66";"SUBESTACION KIMAL COMUNA MARIA ELENA";"MARIA ELENA";"-22.306874492297847";"-69.46320759727179"
"Antofagasta";"15012-9";"CALLE 6 MANZANA B-S SITIO 9 BALNEARIO EL HUASCAR SUR COMUNA ANTOFAGASTA";"ANTOFAGASTA";"-23.73649101892923";"-70.4389946720494"
"Antofagasta";"25005-5";"APROX A 12 KM AL NORESTE DE ANTOFAGASTA COMUNA ANTOFAGASTA";"ANTOFAGASTA";"-23.629801989917283";"-70.29591788757588"
"Antofagasta";"01691-10";"MANZANA 20-F SITIO 34 COMUNA ANTOFAGASTA";"ANTOFAGASTA";"-23.619631984877557";"-70.38681394563389"
"Antofagasta";"331-1";"SECTOR SUR CIUDAD ANTOFAGASTA COMUNA ANTOFAGASTA";"ANTOFAGASTA";"-23.677434025026802";"-70.40431270129444"
"Antofagasta";"1303-27";"CIUDAD DE ANTOFAGASTA COMUNA ANTOFAGASTA";"ANTOFAGASTA";"-23.63189674015278";"-70.38818905333216"
"Antofagasta";"325-9";"CALLE HOMERO AVILA SILVA 950 COMUNA ANTOFAGASTA";"ANTOFAGASTA";"-23.672663983104272";"-70.40474923780081"
"Antofagasta";"16202-1 16201-1";"LOTE A Y LOTE B SECTOR NORTE DE LA CIUDAD DE ANTOFAGASTA COMUNA ANTOFAGASTA";"ANTOFAGASTA";"-23.545019782756093";"-70.3841284111219"
"Antofagasta";"1527-129";"POBLACION BARRIO NORTE MANZANA I SITIO 7G-1 COMUNA ANTOFAGASTA";"ANTOFAGASTA";"-23.625414645639562";"-70.38749061494757"
"Antofagasta";"604-4";"CERRO MANTOS BLANCOS COMUNA ANTOFAGASTA";"ANTOFAGASTA";"-23.489830568806205";"-70.11502528237592"
"Antofagasta";"25001-34";"SECTOR QUINTAS KM 13 SITIO 54 COMUNA ANTOFAGASTA";"ANTOFAGASTA";"-23.63006565704981";"-70.291697933337"
"Antofagasta";"16142-12";"SITIO 3-B MANZANA 33 LA CHIMBA ALTO COMUNA ANTOFAGASTA";"ANTOFAGASTA";"-23.537673517013587";"-70.38545180207086"
"Antofagasta";"6700-7";"LA NEGRA MANZANA B-2 LOTE 2-B COMUNA ANTOFAGASTA";"ANTOFAGASTA";"-23.781876736708632";"-70.31628151393858"
"Antofagasta";"16178-1";"AVENIDA CIRCUNVALACION NORTE B COMUNA ANTOFAGASTA";"ANTOFAGASTA";"-23.5282302138492";"-70.37979992946927"
"Antofagasta";"5180-26";"RUTA B-440 AL NORTE DE LA CIUDAD DE ANTOFAGASTA COMUNA ANTOFAGASTA";"ANTOFAGASTA";"-23.49605152766174";"-70.4262901772033"
"Antofagasta";"20006-2";"SECTOR PORTEZUELO COMUNA ANTOFAGASTA";"ANTOFAGASTA";"-23.60397748084176";"-70.34534972041723"
"Antofagasta";"15003-16";"PASAJE 1 MANZANA A SITIO 16 SECTOR EL HUASCAR COMUNA ANTOFAGASTA";"ANTOFAGASTA";"-23.732068131718776";"-70.43647789890872"
"Antofagasta";"42002-6";"LOTE C RUTA B-55 KILOMETROS 62.600 COMUNA ANTOFAGASTA";"ANTOFAGASTA";"-24.07025518450229";"-69.57857219316321"
"Antofagasta";"15001-6";"CALLE 3 MANZANA E SITIO 6 BALNEARIO EL HUASCAR COMUNA ANTOFAGASTA";"ANTOFAGASTA";"-23.732134917721524";"-70.43773188166222"
"Antofagasta";"669-147 669-496 669-728";"ARGENTINA 1665 DEPARTAMENTO 2007-A PISO 20 TORRE A - BODEGA 145 Y ESTACIONAMIENTO 142 COMUNA";"ANTOFAGASTA";"-23.660070815878267";"-70.39656213351715"
"Antofagasta";"15002-2";"EL HUASCAR MANZANA F SITIO 2 COMUNA ANTOFAGASTA";"ANTOFAGASTA";"-23.732675148525164";"-70.4374366109903"
"Antofagasta";"15006-9";"MANZANA B SITIO 9 BALNEARIO EL HUASCAR COMUNA ANTOFAGASTA";"ANTOFAGASTA";"-23.733734017596067";"-70.43770516146554"
"Antofagasta";"NO ENROLADO";"MANUEL VERBAL 1547-1597 MANZANA 641 LOTE B COMUNA ANTOFAGASTA";"ANTOFAGASTA";"-23.660275065066056";"-70.40325263697567"
"Antofagasta";"315-9";"NICANOR PLAZA 1040 DEPARTAMENTO 302 BLOCK 4 COLECTIVO LA PORTADA COMUNA ANTOFAGASTA";"ANTOFAGASTA";"-23.673604347417424";"-70.40499435936374"
"Antofagasta";"15007-22";"EL HUASCAR MANZANA K-2 SITIO 16 COMUNA ANTOFAGASTA";"ANTOFAGASTA";"-23.734904913941957";"-70.43965408048324"
"Antofagasta";"5320-1";"CALLE LOS NARANJOS LOTE C POBLACION LAS ROCAS TROCADERO COMUNA ANTOFAGASTA";"ANTOFAGASTA";"-23.58921624599817";"-70.39321462453522"
"Antofagasta";"1730-9";"PASAJE OLLAGUE CON CALLE ELQUI COMUNA ANTOFAGASTA";"ANTOFAGASTA";"-23.61878947489876";"-70.3882843335267"
"Antofagasta";"241-14";"AVENIDA EJERCITO 0254 LOTE B POBLACION PLAYA BLANCA COMUNA ANTOFAGASTA";"ANTOFAGASTA";"-23.67680890566802";"-70.41224236329397"
"Antofagasta";"15010-3";"MANZANA M SITIO 3 EL HUASCAR COMUNA ANTOFAGASTA";"ANTOFAGASTA";"-23.73743117182544";"-70.44076624250039"
"Antofagasta";"16082-11";"SITIO 11 MANZANA 9 LA CHIMBA COMUNA ANTOFAGASTA";"ANTOFAGASTA";"-23.551032998420066";"-70.3866274119716"
"Antofagasta";"1836-2";"CALLE PAIHUANO ESQUINA AVENIDA ESPANA COMUNA ANTOFAGASTA";"ANTOFAGASTA";"-23.620902788609893";"-70.37815059212734"
"Antofagasta";"1712-23";"SITIO 2 VILLA LAS AMERICAS COMUNA ANTOFAGASTA";"ANTOFAGASTA";"-23.626609270325883";"-70.37578111950305"
"Antofagasta";"45000-48";"LOTE B 50 KILOMETROS AL ESTE DE MINERA ATACAMA MINERALS COMUNA ANTOFAGASTA";"ANTOFAGASTA";"-24.177866771539737";"-69.30320136719533"
"Antofagasta";"45000-37";"SECTOR YUNGAY COMUNA ANTOFAGASTA";"ANTOFAGASTA";"-24.08917487416976";"-69.92830475483774"
"Antofagasta";"1401-33";"PARTE DEL LOTE 74 SALVADOR ALLENDE 754 COMUNA ANTOFAGASTA";"ANTOFAGASTA";"-23.628549692292946";"-70.38748986605111"
"Antofagasta";"3241-4";"OSVALDO GOMEZ ANSIETA 01516 MANZANA B SITIO 6 COMUNA ANTOFAGASTA";"ANTOFAGASTA";"-23.687832079459763";"-70.40672289463613"
"Antofagasta";"1401-32";"PARTE DEL LOTE 73 SALVADOR ALLENDE 780 COMUNA ANTOFAGASTA";"ANTOFAGASTA";"-23.628548013716703";"-70.38737375466611"
"Antofagasta";"6800-26";"OFICINA TOCO COMUNA MARIA ELENA";"MARIA ELENA";"-22.066896559444203";"-69.59952609118795"
"Antofagasta";"15015-7";"HUASCAR MANZANA D-S SITIO 7 COMUNA ANTOFAGASTA";"ANTOFAGASTA";"-23.739037468158497";"-70.44159399605846"
"Antofagasta";"6701-81";"A 7,7 KILOMETROS AL SUR DEL SECTOR LA NEGRA COMUNA ANTOFAGASTA";"ANTOFAGASTA";"-23.84977130881124";"-70.30338560359118"
"Antofagasta";"6800-21";"LOTE B SECTOR SUBESTACION ANDES COMUNA ANTOFAGASTA";"ANTOFAGASTA";"-24.033598489722365";"-68.57482994375097"
"Antofagasta";"882-1";"CALLE ARTURO PRAT 1109-1147 COMUNA ANTOFAGASTA";"ANTOFAGASTA";"-23.652819468367255";"-70.39190363123636"
"Antofagasta";"25000-24";"LOTE 38 SECTOR QUINTAS DEL SALAR KM 13 COMUNA ANTOFAGASTA";"ANTOFAGASTA";"-23.624918642795546";"-70.2910710402741"
"Antofagasta";"682-33";"AVENIDA GRECIA 1726 COMUNA ANTOFAGASTA";"ANTOFAGASTA";"-23.657829343609325";"-70.40232368870075"
"Antofagasta";"12006-2";"BALNEARIO JUAN LOPEZ MANZANA 6 SITIO 2 COMUNA ANTOFAGASTA";"ANTOFAGASTA";"-23.51332285739932";"-70.53349727705671"
"Antofagasta";"15013-11";"VICENTE CABALLEROS 6700 MANZANA C-S SITIO 11 EL HUASCAR COMUNA ANTOFAGASTA";"ANTOFAGASTA";"-23.737419509693666";"-70.43986955730463"
"Antofagasta";"448-4";"EDUARDO ORCHARD LOTE C POBLACION LA FAVORECEDORA COMUNA ANTOFAGASTA";"ANTOFAGASTA";"-23.668574494682446";"-70.39992765898835"
"Antofagasta";"448-6";"EDUARDO ORCHARD LOTE E POBLACION LA FAVORECEDORA COMUNA ANTOFAGASTA";"ANTOFAGASTA";"-23.668670999617383";"-70.40021387191966"
"Antofagasta";"448-3";"CALLE EDUARDO ORCHARD LOTE B POBLACION LA FAVORECEDORA COMUNA ANTOFAGASTA";"ANTOFAGASTA";"-23.66845530826329";"-70.39986309587269"
"Antofagasta";"8546-1";"CALLE LAS GAVIOTAS CON PASAJE CHOAPA COMUNA ANTOFAGASTA";"ANTOFAGASTA";"-23.58776013342051";"-70.38602463239599"
"Antofagasta";"NO ENROLADO";"MANZANA 56 LOTE 1 POBLACION ORIENTE COMUNA ANTOFAGASTA";"ANTOFAGASTA";"-23.63277664200302";"-70.38739815052497"
"Antofagasta";"1303-33";"CIUDAD DE ANTOFAGASTA COMUNA ANTOFAGASTA";"ANTOFAGASTA";"-23.63157026394438";"-70.38812653712587"
"Antofagasta";"507-62";"APROX A 90 KM AL NORESTE DE LA CIUDAD DE TALTAL COMUNA TALTAL";"TALTAL";"-24.79692456270705";"-69.87335979911333"
"Antofagasta";"45002-9";"LOTE C1 RUTA B-55 KILOMETROS 62.600 COMUNA ANTOFAGASTA";"ANTOFAGASTA";"-24.05400658023146";"-69.58738988939544"
"Antofagasta";"16042-6";"SITIO 6-A MANZANA F SECTOR II SECTOR NORTE COMUNA ANTOFAGASTA";"ANTOFAGASTA";"-23.567294323492114";"-70.38787622458874"
"Antofagasta";"500-1";"QUEBRADA BAQUEDANO COMUNA ANTOFAGASTA";"ANTOFAGASTA";"-23.659455110102368";"-70.38367540426165"
"Antofagasta";"16171-4";"LOTEO LAS PALMAS MANZANA 63 SITIO 4 LA CHIMBA COMUNA ANTOFAGASTA";"ANTOFAGASTA";"-23.5293679983323";"-70.38783888413995"
"Antofagasta";"25001-45";"SITIO 49 SECTOR QUINTAS COMUNA ANTOFAGASTA";"ANTOFAGASTA";"-23.6273381115332";"-70.28936127431281"
"Antofagasta";"17011-1";"SECTOR NORTE DE LA CIUDAD DE ANTOFAGASTA COMUNA ANTOFAGASTA";"ANTOFAGASTA";"-23.521711039491443";"-70.39659497607445"
"Antofagasta";"110-4";"LA MINERIA 501 QUEBRADA CARRIZO COMUNA ANTOFAGASTA";"ANTOFAGASTA";"-23.698439614382263";"-70.41727009736834"
"Antofagasta";"701-1";"PABELLON 1 ESTACIONAMIENTO SUBTERRANEO 23 AL 30 Y 48 AL 54 INTERSECCION DE LAS CALLES ALMIRAN";"ANTOFAGASTA";"-23.651423312542416";"-70.40216191182911"
"Antofagasta";"NO ENROLADO";"IRARRAZABAL MANZANA 1-B SITIO 6 PARTE COMUNA ANTOFAGASTA";"ANTOFAGASTA";"-23.603323395355662";"-70.38543769356727"
"Antofagasta";"804-2";"AL ESTE DE LA POBLACION LAS TRES MARIAS COMUNA TOCOPILLA";"TOCOPILLA";"-22.058499979106973";"-70.18169447546951"
"Antofagasta";"15006-11";"EL HUASCAR MANZANA B SITIO 11 COMUNA ANTOFAGASTA";"ANTOFAGASTA";"-23.733465094478145";"-70.43762396055159"
"Antofagasta";"15016-3";"EL HUASCAR MANZANA E-S SITIO 3 COMUNA ANTOFAGASTA";"ANTOFAGASTA";"-23.73978680213064";"-70.44209886104832"
"Antofagasta";"3301-710";"LOTE 7 PUEBLO DE LASANA COMUNA CALAMA";"CALAMA";"-22.30208859659071";"-68.64234130825075"
"Antofagasta";"454-7";"SITIOS 5 Y 7 MANZANA 3 POBLACION COVADONGA COMUNA ANTOFAGASTA";"ANTOFAGASTA";"-23.669010690666795";"-70.39706578095408"
"Antofagasta";"500-3";"QUEBRADA EL ANCLA COMUNA ANTOFAGASTA";"ANTOFAGASTA";"-23.64116191756344";"-70.38014522127774"
"Antofagasta";"1177-11";"BELLAVISTA 3636 DEPARTAMENTO C PISO 2 COMUNA ANTOFAGASTA";"ANTOFAGASTA";"-23.638440122066985";"-70.39430975038815"
"Antofagasta";"42002-4";"LOTE A2 RUTA B-55 KILOMETROS 62.600 COMUNA ANTOFAGASTA";"ANTOFAGASTA";"-24.06158356239193";"-69.57832596969223"
"Antofagasta";"39000-6";"A 55,96 KILOMETROS AL SURESTE DEL SECTOR LA NEGRA COMUNA ANTOFAGASTA";"ANTOFAGASTA";"-23.936844729736556";"-69.7873365615189"
"Antofagasta";"45002-10";"LOTE C2 RUTA B-55 KILOMETROS 62.600 COMUNA ANTOFAGASTA";"ANTOFAGASTA";"-24.059647719773462";"-69.58757288262271"
"Antofagasta";"17018-2";"LOTE 1 APROX A 1.17 KM AL SUR DE BARRIO INDUSTRIAL LA PORTADA COMUNA ANTOFAGASTA";"ANTOFAGASTA";"-23.523855161216986";"-70.39546323704064"
"Antofagasta";"45000-52";"LOTE C 50 KILOMETROS AL ESTE DE MINERA ATACAM MINERALS COMUNA ANTOFAGASTA";"ANTOFAGASTA";"-24.167408634002996";"-69.32894469504652"
"Antofagasta";"1499-32";"IQUIQUE 4771 AL 4799 COMUNA ANTOFAGASTA";"ANTOFAGASTA";"-23.625910115459636";"-70.39447396005285"
"Antofagasta";"1008-2";"POBLACION RENE SCHNEIDER PADRE HURTADO CON PASAJE COVADONGA COMUNA ANTOFAGASTA";"ANTOFAGASTA";"-23.651141147476583";"-70.385535167994"
"Antofagasta";"5642-1";"GRAN AVENIDA RADOMIRO TOMIC SIN NUMERO COMUNA ANTOFAGASTA";"ANTOFAGASTA";"-23.594013204304122";"-70.38531399212037"
"Antofagasta";"7534-1";"CALLE GUANAQUEROS LOTE A SECTOR LOS ARENALES COMUNA ANTOFAGASTA";"ANTOFAGASTA";"-23.58475528729133";"-70.37360910930184"
"Antofagasta";"1303-32";"CIUDAD DE ANTOFAGASTA COMUNA ANTOFAGASTA";"ANTOFAGASTA";"-23.631783230773333";"-70.3882214185763"
"Antofagasta";"701-1";"PABELLONES 2 Y 3 INTERSECCION DE LAS CALLES ALMIRANTE JUAN JOSE LATORRE 21 DE MAYO Y AVENIDA";"ANTOFAGASTA";"-23.651431640694295";"-70.40193654151552"
"Antofagasta";"692-9";"MANUEL ANTONIO MATTA 1999 PISO 1 2 3 COMUNA ANTOFAGASTA";"ANTOFAGASTA";"-23.65368479593156";"-70.40132213892024"
"Antofagasta";"45000-46";"LOTE C 50 KILOMETROS AL ESTE DE MINERA ATACAMA MINERALS COMUNA ANTOFAGASTA";"ANTOFAGASTA";"-24.184559348273698";"-69.30008148337056"
"Antofagasta";"5927-6";"AVENIDA LUIS CRUZ MARTINEZ COMUNA ANTOFAGASTA";"ANTOFAGASTA";"-23.5967269136724";"-70.37449778325734"
"Antofagasta";"NO ENROLADO";"CERRO COLOSO COMUNA ANTOFAGASTA";"ANTOFAGASTA";"-23.75949187792909";"-70.46552069464775"
"Antofagasta";"45000-51";"LOTE B A 50 KILOMETROS AL ESTE DE MINERA ATACAM MINERALS COMUNA ANTOFAGASTA";"ANTOFAGASTA";"-24.16987999246218";"-69.31989952034655"
"Antofagasta";"6800-30";"SUB ESTACION ANDES COMUNA ANTOFAGASTA";"ANTOFAGASTA";"-24.016856095029713";"-68.59829283095034"
"Antofagasta";"16020-4";"LA CHIMBA SECTOR II MANZANA J SITIO 2 COMUNA ANTOFAGASTA";"ANTOFAGASTA";"-23.570830225439607";"-70.3894124203212"
"Antofagasta";"5048-12";"IQUIQUE 7361 SITIO 6 COMUNA ANTOFAGASTA";"ANTOFAGASTA";"-23.601915550002467";"-70.39069521713772"
"Antofagasta";"16440-1";"RICA AVENTURA EX CINCO LA CHIMBA MANZANA 3 LOTE 1 COMUNA ANTOFAGASTA";"ANTOFAGASTA";"-23.552160463330218";"-70.39608307272363"
"Antofagasta";"NO ENROLADO";"IQUIQUE 6823 MANZANA 1-B SITIO 1 COMUNA ANTOFAGASTA";"ANTOFAGASTA";"-23.610294787035137";"-70.39111778721029"
"Antofagasta";"1209-10";"BELLAVISTA 3929 Y PASAJE VAN BUREN 3934 COMUNA ANTOFAGASTA";"ANTOFAGASTA";"-23.63542628116747";"-70.39508869485417"
"Antofagasta";"15013-14";"EL HUASCAR MANZANA C-S SITIO 14 COMUNA ANTOFAGASTA";"ANTOFAGASTA";"-23.736939534166712";"-70.43961810499752"
"Antofagasta";"1258-1";"CALLE VENEZUELA SITIO 1 COMUNA ANTOFAGASTA";"ANTOFAGASTA";"-23.633389661980814";"-70.38261691016231"
"Antofagasta";"NO ENROLADO";"SUCRE 215 LOTE 1 COMUNA ANTOFAGASTA";"ANTOFAGASTA";"-23.644809881307175";"-70.39815755204677"
"Antofagasta";"15012-2";"BALNEARIO HUASCAR SUR MANZANA B-S SITIO 2 COMUNA ANTOFAGASTA";"ANTOFAGASTA";"-23.736657262975346";"-70.4388487674931"
"Antofagasta";"15213-1";"SAN PEDRO SECTOR CALETA COLOSO COMUNA ANTOFAGASTA";"ANTOFAGASTA";"-23.76094453047753";"-70.46311933312916"
"Antofagasta";"15005-8";"MANZANA G SITIO 8 BALNEARIO EL HUASCAR COMUNA ANTOFAGASTA";"ANTOFAGASTA";"-23.73348677726383";"-70.43824046543558"
"Antofagasta";"1527-31";"POBLACION BARRIO NORTE MANZANA I SITIO 7-E COMUNA ANTOFAGASTA";"ANTOFAGASTA";"-23.625291960274186";"-70.3877543703959"
"Antofagasta";"45000-34";"CERRO VENTARRONES COMUNA ANTOFAGASTA";"ANTOFAGASTA";"-24.398483854908523";"-70.20496700080623"
"Antofagasta";"6736-2";"LOTE 1 SECTOR LA NEGRA COMUNA ANTOFAGASTA";"ANTOFAGASTA";"-23.751857043867012";"-70.30545006563287"
"Antofagasta";"6401-83";"LOTE A PARQUE FOTOVOLTAICO CAPRICORNIO SIN NUMERO COMUNA ANTOFAGASTA";"ANTOFAGASTA";"-23.411338273659638";"-70.17650209921571"
"Antofagasta";"5048-9";"IQUIQUE 7349 SITIO 9 COSTA AZUL COMUNA ANTOFAGASTA";"ANTOFAGASTA";"-23.601915550002467";"-70.39069521713772"
"Antofagasta";"16113-5";"PASAJE LOS DIAMNTES 822 LA CHIMBA MANZANA 3 SITIO 8 COMUNA ANTOFAGASTA";"ANTOFAGASTA";"-23.542654928178152";"-70.38587555120243"
"Antofagasta";"16150-11";"SITIO 11 MANZANA 27 LA CHIMBA COMUNA ANTOFAGASTA";"ANTOFAGASTA";"-23.535219804629342";"-70.39010000767306"
"Antofagasta";"8049-1";"AVENIDA PEREZ CANTO Y EDUARDO FOSTER POBLACION CARDENAL ZAMORE COMUNA ANTOFAGASTA";"ANTOFAGASTA";"-23.574239512587177";"-70.37832770756751"
"Antofagasta";"884-14";"ARTURO PRAT 1335-1343-1347 COMUNA ANTOFAGASTA";"ANTOFAGASTA";"-23.654242300417494";"-70.39045096859206"
"Antofagasta";"3240-15";"OSVALDO GOMEZ ANSIETA 01521 MANZANA A SITIO 2 COMUNA ANTOFAGASTA";"ANTOFAGASTA";"-23.68787035585458";"-70.40703891663688"
"Antofagasta";"15214-1";"SAN ANTONIO SECTOR CALETA COLOSO COMUNA ANTOFAGASTA";"ANTOFAGASTA";"-23.759917275373468";"-70.45970623279766"
"Antofagasta";"12030-6";"MANZANA 30 SITIO 6 BALNEARIO JUAN LOPEZ COMUNA ANTOFAGASTA";"ANTOFAGASTA";"-23.514382983725078";"-70.53331649559529"
"Antofagasta";"676-1";"CALLE 21 DE MAYO LOTE 2 COMUNA ANTOFAGASTA";"ANTOFAGASTA";"-23.658615482491708";"-70.39530109002075"
"Antofagasta";"45001-8 45001-9 45001-10";"AL ESTE DEL BARRIO INDUSTRIAL LA NEGRA LOTES A B Y C COMUNA ANTOFAGASTA";"ANTOFAGASTA";"-23.77170268671885";"-69.97417999925649"
"Antofagasta";"25001-31";"LOTE 61 SECTOR QUINTAS KILOMETRO 13 COMUNA ANTOFAGASTA";"ANTOFAGASTA";"-23.628818831467132";"-70.29117588403246"
"Antofagasta";"16370-1";"CIUDAD DE ANTOFAGASTA COMUNA ANTOFAGASTA";"ANTOFAGASTA";"-23.556329492705398";"-70.39970594718287"
"Antofagasta";"1-14531";"LOTE B ALTOS LA PORTADA COMUNA ANTOFAGASTA";"ANTOFAGASTA";"-23.50185439937518";"-70.40403926274338"
"Antofagasta";"1-14534";"LOTE E ALTOS LA PORTADA COMUNA ANTOFAGASTA";"ANTOFAGASTA";"-23.505014304998163";"-70.39886159811255"
"Antofagasta";"1316-1";"POBLACION VILLA EL SALAR COMUNA ANTOFAGASTA";"ANTOFAGASTA";"-23.630320548417075";"-70.37713599790818"
"Antofagasta";"1-14533";"LOTE D ALTOS LA PORTADA COMUNA ANTOFAGASTA";"ANTOFAGASTA";"-23.49940379762694";"-70.40195918157457"
"Antofagasta";"3074-7";"ARGENTINA 01896 DEPARTAMENTO 31 BLOCK H COVIEFI COMUNA ANTOFAGASTA";"ANTOFAGASTA";"-23.692055146552132";"-70.40986470744579"
"Antofagasta";"16176-3";"SECTOR CHIMBA ALTO SIN NUMERO COMUNA ANTOFAGASTA";"ANTOFAGASTA";"-23.52444648207914";"-70.39426392878872"
"Antofagasta";"20000-49";"SECTOR SALAR DEL CARMEN LOTE 2 COMUNA ANTOFAGASTA";"ANTOFAGASTA";"-23.616061443431587";"-70.27742530238267"
"Antofagasta";"3074-106";"ARGENTINA 01878 DEPARTAMENTO 33 BLOCK M COMUNA ANTOFAGASTA";"ANTOFAGASTA";"-23.69189469622255";"-70.40966000509337"
"Antofagasta";"15013-2";"CIRCUNVALACION MANZANA C-S SITIO 2 COMUNA ANTOFAGASTA";"ANTOFAGASTA";"-23.73745276502327";"-70.43955988363936"
"Antofagasta";"6403-4";"INTERSECCION RUTA 5 CON RUTA B-400 SIN NUMERO COMUNA ANTOFAGASTA";"ANTOFAGASTA";"-23.475393448625294";"-70.21558978047152"
"Antofagasta";"16151-11";"CALLE AGUAS CALIENTES SIN NUMERO MANZANA 28 SITIO 11 LA CHIMBA COMUNA ANTOFAGASTA";"ANTOFAGASTA";"-23.53292151005526";"-70.3902327758194"
"Antofagasta";"1689-1";"LOTE A ELQUI ESQUINA OLLAGUE POBLACION EL GOLF COMUNA ANTOFAGASTA";"ANTOFAGASTA";"-23.61976911830915";"-70.38852341526912"
"Antofagasta";"5033-806";"EL ORO ESQUINA NICOLAS TIRADO BARRIO INDUSTRIAL SECTOR 5B MANZANA 11-A SITIO 13 COMUNA ANTOFA";"ANTOFAGASTA";"-23.592548688489373";"-70.39489260283281"
"Antofagasta";"15001-3";"CALLE 2 MANZANA E SITIO 3 COMUNA ANTOFAGASTA";"ANTOFAGASTA";"-23.732214812964738";"-70.43735138345191"
"Antofagasta";"754-17";"CONDELL 2235 LOTE B COMUNA ANTOFAGASTA";"ANTOFAGASTA";"-23.65104036831745";"-70.39984657697251"
"Antofagasta";"488-28";"CALLE JULIO PISTELLI 765 MANZANA 52 SITIO 12 CON PASAJE LA PORTADA 926 COMUNA ANTOFAGASTA";"ANTOFAGASTA";"-23.66579182219578";"-70.40395715037837"
"Antofagasta";"3241-3";"OSVALDO GOMEZ ANSIETA 01522 MANZANA B SITIO 5 COMUNA ANTOFAGASTA";"ANTOFAGASTA";"-23.688019136277905";"-70.40676726544784"
"Antofagasta";"15008-5";"BALNEARIO EL HUASCAR MANZANA C SITIO 5 COMUNA ANTOFAGASTA";"ANTOFAGASTA";"-23.734335357391082";"-70.43717991185594"
"Antofagasta";"674-15";"CALLE SALVADOR REYES 1128 -1134 LOTE C COMUNA ANTOFAGASTA";"ANTOFAGASTA";"-23.659330708498086";"-70.39851371266893"
"Antofagasta";"674-14";"CALLE SALVADOR REYES 1122 1126 LOTE B COMUNA ANTOFAGASTA";"ANTOFAGASTA";"-23.659196079965664";"-70.39861259739328"
"Antofagasta";"5207-2";"LOTE B CALLE TEPUAL CON MATAVERI VILLA AZUL COMUNA ANTOFAGASTA";"ANTOFAGASTA";"-23.57609272665404";"-70.39215422800996"
"Antofagasta";"49000-8";"SUBESTACION ELECTRICA ANDES COMUNA ANTOFAGASTA";"ANTOFAGASTA";"-24.021396627351198";"-68.57017222458057"
"Antofagasta";"15011-8";"EL HUASCAR MANZANA A-S SITIO 8 COMUNA ANTOFAGASTA";"ANTOFAGASTA";"-23.73583096291209";"-70.43900431191373"
"Antofagasta";"6401-85";"LOTE C SECTOR CAPRICORNIO COMUNA ANTOFAGASTA";"ANTOFAGASTA";"-23.423553415215597";"-70.18094315835663"
"Antofagasta";"16153-12";"LOTE F-4B SECTOR LA CHIMBA COMUNA ANTOFAGASTA";"ANTOFAGASTA";"-23.55838101915566";"-70.39231118588489"
"Antofagasta";"16208-10";"EDMUNDO PEREZ ZUJOVIC SIN NUMERO COMUNA ANTOFAGASTA";"ANTOFAGASTA";"-23.574823175965253";"-70.39571991100178"
"Antofagasta";"1689-2";"LOTE B FREIRINA ESQUINA OLLAGUE POBLACION EL GOLF COMUNA ANTOFAGASTA";"ANTOFAGASTA";"-23.620210395887927";"-70.38862723760391"
"Antofagasta";"3017-4";"POBLACION COVIEFI COMUNA ANTOFAGASTA";"ANTOFAGASTA";"-23.693406863648043";"-70.41222583234169"
"Antofagasta";"3017-3";"POBLACION COVIEFI COMUNA ANTOFAGASTA";"ANTOFAGASTA";"-23.693961518571555";"-70.4121284501242"
"Antofagasta";"6701-22";"RUTA 5 NUDO URIBE SIN NUMERO COMUNA ANTOFAGASTA";"ANTOFAGASTA";"-23.60142162212776";"-70.25857953409273"
"Antofagasta";"15011-6";"EL HUASCAR MANZANA A-S SITIO 6 COMUNA ANTOFAGASTA";"ANTOFAGASTA";"-23.736073329455458";"-70.43889459266354"
"Antofagasta";"15008-23";"EL HUASCAR MANZANA C SITIO 23 COMUNA ANTOFAGASTA";"ANTOFAGASTA";"-23.73433002841992";"-70.43777715385811"
"Antofagasta";"45002-27";"AL ESTE DE MINERA ESCONDIDA COMUNA ANTOFAGASTA";"ANTOFAGASTA";"-24.330812626623448";"-68.78998425847207"
"Antofagasta";"18070-18";"MANZANA D SITIO 3 SECTOR III AGRICOLA E INDUSTRIAL LA CHIMBA COMUNA ANTOFAGASTA";"ANTOFAGASTA";"-23.55442463250679";"-70.38738121662523"
"Antofagasta";"6404-3";"LOTE B SECTOR MANTOS BLANCOS SIN NUMERO COMUNA ANTOFAGASTA";"ANTOFAGASTA";"-23.44002959540456";"-70.005850933315"
"Antofagasta";"16351-1 Y 16531-2";"INTERSECCION CALLE BENITO OCAMPO OFICINA ANITA LOTE 1 Y LOTE 2 SECTOR LA CHIMBA BAJO COMUNA A";"ANTOFAGASTA";"-23.553013902019355";"-70.39871335590948"
"Antofagasta";"352-2";"AVENIDA ANGAMOS 721 LOTE D-13-5 Y LOTE F-27 COMUNA ANTOFAGASTA";"ANTOFAGASTA";"-23.668570372773804";"-70.40519795646175"
"Antofagasta";"16070-11";"MANZANA D SITIO 3-A SECTOR III AGRICOLA E INDUSTRIAL LA CHIMBA COMUNA ANTOFAGASTA";"ANTOFAGASTA";"-23.55458098741025";"-70.39004761488731"
"Antofagasta";"1303-40";"CIUDAD DE ANTOFAGASTA COMUNA ANTOFAGASTA";"ANTOFAGASTA";"-23.631807157565035";"-70.38816253162427"
"Antofagasta";"1303-31";"CIUDAD DE ANTOFAGASTA COMUNA ANTOFAGASTA";"ANTOFAGASTA";"-23.632128671234042";"-70.38831311138405"
"Antofagasta";"15008-1";"ELIAS ARANGUIZ 06270 MANZANA C SITIO 1 COMUNA ANTOFAGASTA";"ANTOFAGASTA";"-23.734158310772546";"-70.43775142385893"
"Antofagasta";"848-54";"ESQUINA SAN MARTIN CON PRAT COMUNA ANTOFAGASTA";"ANTOFAGASTA";"-23.64698870928488";"-70.39827230264268"
"Antofagasta";"674-12";"CALLE EDUARDO ORCHARD 1690 LOTE A COMUNA ANTOFAGASTA";"ANTOFAGASTA";"-23.65923863451283";"-70.39873696284022"
"Antofagasta";"847-12";"WASHINGTON 2531 PISO 1 COMUNA ANTOFAGASTA";"ANTOFAGASTA";"-23.646256584927322";"-70.39933836348114"
"Antofagasta";"16114-2";"CALLE HUAMACHUCO ENTRE CALLE LOS RUBIES Y CALLE LOS TOPACIOS SECTOR LA CHIMBA COMUNA ANTOFAGA";"ANTOFAGASTA";"-23.543459769125484";"-70.38550876636332"
"Antofagasta";"25000-25";"SITIO 39 SECTOR QUINTAS COMUNA ANTOFAGASTA";"ANTOFAGASTA";"-23.624769654915553";"-70.29058021677348"
"Antofagasta";"15011-2";"EL HUASCAR MANZANA A-S SITIO 2 COMUNA ANTOFAGASTA";"ANTOFAGASTA";"-23.736036047593057";"-70.43839327795357"
"Antofagasta";"500-2";"QUEBRADA LA CADENA COMUNA ANTOFAGASTA";"ANTOFAGASTA";"-23.648345263060637";"-70.36902505581287"
"Antofagasta";"15008-21";"BALNEARIO EL HUASCAR MANZANA C SITIO 21 COMUNA ANTOFAGASTA";"ANTOFAGASTA";"-23.73443156721319";"-70.43743486817401"
"Antofagasta";"6770-1";"LOTE A BARRIO INDUSTRIAL LA NEGRA SIN NUMERO COMUNA ANTOFAGASTA";"ANTOFAGASTA";"-23.739969820236876";"-70.30380966114414"
"Antofagasta";"1303-28";"CIUDAD DE ANTOFAGASTA COMUNA ANTOFAGASTA";"ANTOFAGASTA";"-23.623062846837875";"-70.38211380686887"
"Antofagasta";"1-14537";"LOTE H ALTOS LA PORTADA COMUNA ANTOFAGASTA";"ANTOFAGASTA";"-23.50482265591566";"-70.3883049717484"
"Antofagasta";"301-503";"LOTE 4 MANZANA 3 SECTOR SUR DE MEJILLONES COMUNA MEJILLONES";"MEJILLONES";"-23.10922188822358";"-70.44945334095654"
"Antofagasta";"45001-13";"AL ESTE DEL BARRIO INDUSTRIAL LA NEGRA COMUNA ANTOFAGASTA";"ANTOFAGASTA";"-23.737511300431066";"-69.993016171404"
"Antofagasta";"45000-42";"OFICINA CASTILLA LOTE A COMUNA ANTOFAGASTA";"ANTOFAGASTA";"-23.873833740915295";"-69.85150962185408"
"Antofagasta";"507-63";"APROX A 75 KMS AL NORESTE DE LA CIUDAD DE TALTAL COMUNA TALTAL";"TALTAL";"-25.085416651597598";"-69.82091668600744"
"Antofagasta";"39000-2";"A 55.96 KILOMETROS. AL SURESTE DEL SECTOR LA NEGRA LUGAR AGUAS BLANCAS COMUNA ANTOFAGASTA";"ANTOFAGASTA";"-23.92912668126254";"-69.78502446204645"
"Antofagasta";"1866-1";"AVENIDA PEDRO AGUIRRE CERDA 5900 BARRIO INDUSTRIAL SECTOR 3 COMUNA ANTOFAGASTA";"ANTOFAGASTA";"-23.61659009286731";"-70.38664692589171"
"Antofagasta";"7472-1";"RIO SALADO CON INGENIERO HYATT COMUNA ANTOFAGASTA";"ANTOFAGASTA";"-23.585073996784747";"-70.38016097741401"
"Antofagasta";"1-14535";"LOTE F ALTOS LA PORTADA COMUNA ANTOFAGASTA";"ANTOFAGASTA";"-23.510705362736118";"-70.39574159350622"
"Antofagasta";"896-3";"BOLIVAR LOTE 3 COMUNA ANTOFAGASTA";"ANTOFAGASTA";"-23.64456403787815";"-70.3977831776721"
"Antofagasta";"1-14530";"LOTE A ALTOS LA PORTADA COMUNA ANTOFAGASTA";"ANTOFAGASTA";"-23.50809791029336";"-70.39937937142437"
"Antofagasta";"717-1";"14 DE FEBRERO ESQUINA 21 DE MAYO LOTE B COMUNA ANTOFAGASTA";"ANTOFAGASTA";"-23.6546113856759";"-70.39830318130579"
"Antofagasta";"15013-13";"EL HUASCAR MANZANA C-S SITIO 13 COMUNA ANTOFAGASTA";"ANTOFAGASTA";"-23.737201761252162";"-70.43969432859568"
"Antofagasta";"17004-2";"RUTA 1 APROXIMADAMENTE A 465 M AL SUR DE RUTA B-446 COMUNA ANTOFAGASTA";"ANTOFAGASTA";"-23.50074359196434";"-70.41050162943043"
"Antofagasta";"15011-7";"EL HUASCAR MANZANA A-S SITIO 7 COMUNA ANTOFAGASTA";"ANTOFAGASTA";"-23.73594884028772";"-70.43907498829718"
"Antofagasta";"NO ENROLADO";"BIENES NACIONALES PROTEGIDOS ISLA SANTA MARIA COMUNA ANTOFAGASTA";"ANTOFAGASTA";"-23.438437048395848";"-70.60798653311319"
"Antofagasta";"3241-2";"OSVALDO GOMEZ ANSIETA N 01530 COMUNA ANTOFAGASTA";"ANTOFAGASTA";"-23.68815601516729";"-70.40681888922107"
"Antofagasta";"15013-4";"EL HUASCAR MANZANA C-S SITIO 4 COMUNA ANTOFAGASTA";"ANTOFAGASTA";"-23.737659474488012";"-70.43975797351511"
"Antofagasta";"15007-24";"EL HUASCAR MANZANA K-2 SITIO 18 COMUNA ANTOFAGASTA";"ANTOFAGASTA";"-23.73490584136342";"-70.43940912954805"
"Antofagasta";"16153-5";"LOTE F1 SECTOR LA CHIMBA COMUNA ANTOFAGASTA";"ANTOFAGASTA";"-23.557799862989643";"-70.39181773243901"
"Antofagasta";"15013-10";"SITIO 10 MANZANA Cs BALNEARIO EL HUASCAR COMUNA ANTOFAGASTA";"ANTOFAGASTA";"-23.7375306059733";"-70.4399552024655"
"Antofagasta";"16071-3";"SITIO 3 MANZANA 10 LA CHIMBA COMUNA ANTOFAGASTA";"ANTOFAGASTA";"-23.55312446695442";"-70.3859776231699"
"Antofagasta";"15008-2";"EL HUASCAR MANZANA C SITIO 2 COMUNA ANTOFAGASTA";"ANTOFAGASTA";"-23.734176747150737";"-70.43756996329007"
"Antofagasta";"15008-3";"EL HUASCAR MANZANA C SITIO 3 COMUNA ANTOFAGASTA";"ANTOFAGASTA";"-23.734209148917554";"-70.43740987344862"
"Antofagasta";"NO ENROLADO";"LA CHIMBA SECTOR II MANZANA I SITIO 3 COMUNA ANTOFAGASTA";"ANTOFAGASTA";"-23.57087368389638";"-70.3885391242323"
"Antofagasta";"911-8";"MIRAFLORES SITIO 178 POBLACION MIRAMAR COMUNA ANTOFAGASTA";"ANTOFAGASTA";"-23.65472122496611";"-70.38844447851434"
"Antofagasta";"NO ENROLADO";"LA CHIMBA SECTOR II MANZANA I SITIO 2 COMUNA ANTOFAGASTA";"ANTOFAGASTA";"-23.57055315505883";"-70.38856876685047"
"Antofagasta";"15013-5";"EL HUASCAR MANZANA C-S SITIO 5 COMUNA ANTOFAGASTA";"ANTOFAGASTA";"-23.7377564903184";"-70.4398567832889"
"Antofagasta";"15010-2";"EL HUASCAR MANZANA M SITIO 2 COMUNA ANTOFAGASTA";"ANTOFAGASTA";"-23.736162765607514";"-70.43965745575703"
"Antofagasta";"15013-9";"BALNEARIO EL HUASCAR MANZANA C-S SITIO 9 COMUNA ANTOFAGASTA";"ANTOFAGASTA";"-23.737637583172596";"-70.44004564470845"
"Antofagasta";"15008-20";"EL HUASCAR MANZANA C SITIO 20 COMUNA ANTOFAGASTA";"ANTOFAGASTA";"-23.734596317113674";"-70.43739674670735"
"Antofagasta";"15011-13";"EL HUASCAR MANZANA A-S SITIO 13 COMUNA ANTOFAGASTA";"ANTOFAGASTA";"-23.735871207324795";"-70.4385388965578"
"Antofagasta";"25002-3";"SECTOR QUINTAS KM 13 SITIO 82 COMUNA ANTOFAGASTA";"ANTOFAGASTA";"-23.62491737785012";"-70.28714783292887"
"Antofagasta";"25003-3";"SECTOR QUINTAS KM 13 SITIO 87 COMUNA ANTOFAGASTA";"ANTOFAGASTA";"-23.626002696138766";"-70.2873574975887"
"Antofagasta";"5207-5";"LOTE E CALLE MATAVERY CON CALLE CHACALLUTA COMUNA ANTOFAGASTA";"ANTOFAGASTA";"-23.576400970574717";"-70.39251199766265"
"Antofagasta";"6101-33";"APROX A 25 KM AL SURESTE DE LA LOCALIDAD DE SIERRA GORDA COMUNA SIERRA GORDA";"SIERRA GORDA";"-23.05016274386316";"-69.13187547162332"
"Antofagasta";"8000-3";"RUTA B272 COMUNA MEJILLONES";"MEJILLONES";"-23.2205866382704";"-70.41868156365722"
"Antofagasta";"1-14536";"LOTE G ALTOS LA PORTADA COMUNA ANTOFAGASTA";"ANTOFAGASTA";"-23.49778869125834";"-70.39370406286835"
"Antofagasta";"15015-2";"EL HUASCAR MANZANA D-S SITIO 2 COMUNA ANTOFAGASTA";"ANTOFAGASTA";"-23.738529691870724";"-70.44109235656344"
"Antofagasta";"45002-7";"LOTE A RUTA B-55 KILOMETROS 62.600 COMUNA ANTOFAGASTA";"ANTOFAGASTA";"-24.048622788998763";"-69.58744188520548"
"Antofagasta";"NO ENROLADO";"PENINSULA DE MEJILLONES SECTOR NORTE COMUNA DE MEJILLONES";"MEJILLONES";"-23.12752164285891";"-70.54982597472346"
"Antofagasta";"6744-6";"LOTE 6 SECTOR LA NEGRA EXTENSION NORTE COMUNA ANTOFAGASTA";"ANTOFAGASTA";"-23.745835361865655";"-70.30184978257891"
"Antofagasta";"16090-4";"SITIO 4 MANZANA 25 SECTOR AGRICOLA LA CHIMBA COMUNA ANTOFAGASTA";"ANTOFAGASTA";"-23.550578168141516";"-70.39046779500119"
"Antofagasta";"45002-12";"RUTA B-55 KILOMETROS 62.600 COMUNA ANTOFAGASTA";"ANTOFAGASTA";"-24.046057005345403";"-69.58327166981292"
"Antofagasta";"16173-5";"SITIO 5-A MANZANA 62 LA CHIMBA COMUNA ANTOFAGASTA";"ANTOFAGASTA";"-23.526970327536425";"-70.38400351617885"
"Antofagasta";"4900-4";"SUB ESTACION ELECTRICA ANDES COMUNA ANTOFAGASTA";"ANTOFAGASTA";"-23.996239761625468";"-68.5751211077847"
"Antofagasta";"16092-5";"SITIO 5 MANZANA 8 LA CHIMBA COMUNA ANTOFAGASTA";"ANTOFAGASTA";"-23.549855446390566";"-70.38643922600865"
"Antofagasta";"17022-1";"SECTOR PORTADA ALTO SIN NUMERO COMUNA ANTOFAGASTA";"ANTOFAGASTA";"-23.50579780784189";"-70.39576723310095"
"Antofagasta";"4100-77";"APROX A 52 KM AL SURESTE DEL PUEBLO DE OLLAGUE COMUNA OLLAGUE";"OLLAGUE";"-21.69413890084677";"-68.25019442575633"
"Antofagasta";"1000-16";"SITIO 16 MANZANA B ALTO BALNEARIO HORNITOS COMUNA MEJILLONES";"MEJILLONES";"-22.91982240943869";"-70.29626533195804"
"Antofagasta";"505-5";"LOTE B CEMENTERIO DE MEJILLONES COMUNA MEJILLONES";"MEJILLONES";"-23.107375934218908";"-70.42642803721301"
"Antofagasta";"101-152";"HORNITOS 461 SITIO 47 COMUNA MEJILLONES";"MEJILLONES";"-22.907765738794666";"-70.28651638978599"
"Antofagasta";"1000-10";"SITIO 10 MANZANA A ALTO BALNEARIO HORNITOS COMUNA MEJILLONES";"MEJILLONES";"-22.91986596967877";"-70.29594904842241"
"Antofagasta";"101-158";"BALNEARIO HORNITOS SITIO 41 COMUNA MEJILLONES";"MEJILLONES";"-22.906888807573235";"-70.28650984331404"
"Antofagasta";"211-2";"MANZANA 12 SITIO 2 BALNEARIO PUNTA ITATA COMUNA MEJILLONES";"MEJILLONES";"-22.9291867679307";"-70.30299894278163"
"Antofagasta";"5092-1";"CALETA MICHILLA CAROLINA DE MICHILLA 203 COMUNA MEJILLONES";"MEJILLONES";"-22.712206423950033";"-70.27551017388711"
"Antofagasta";"5092-1";"CALETA MICHILLA MANZANA O SITIO 2 COMUNA MEJILLONES";"MEJILLONES";"-22.712122115560053";"-70.27549158722336"
"Antofagasta";"226-1";"MANZANA 19 SITIO 1 COMUNA MEJILLONES";"MEJILLONES";"-22.927638768062668";"-70.30257407103329"
"Antofagasta";"225-11";"BALNEARIO PUNTA ITATA MANZANA 18 SITIO 11 COMUNA MEJILLONES";"MEJILLONES";"-22.92837636611314";"-70.30270508037313"
"Antofagasta";"101-403";"BALNEARIO HORNITOS SITIO 403 COMUNA MEJILLONES";"MEJILLONES";"-22.921268843347164";"-70.29468517346508"
"Antofagasta";"214-11";"BALNEARIO PUNTA ITATA MANZANA 9 SITIO 11 COMUNA MEJILLONES";"MEJILLONES";"-22.930855439956023";"-70.30358819927449"
"Antofagasta";"606-3";"MANZANA J SITIO 3 SECTOR SUR DE MEJILLONES COMUNA MEJILLONES";"MEJILLONES";"-23.11417813445793";"-70.43692862326506"
"Antofagasta";"212-12";"BALNEARIO PUNTA ITATA MANZANA 11 SITIO 12 COMUNA MEJILLONES";"MEJILLONES";"-22.929828626617585";"-70.30338173647503"
"Antofagasta";"101-301";"BALNEARIO ALTOS HORNITOS SITIO 301 COMUNA MEJILLONES";"MEJILLONES";"-22.92085137954473";"-70.2951628359994"
"Antofagasta";"101-252";"BALNEARIO HORNITOS SITIO 222 COMUNA MEJILLONES";"MEJILLONES";"-22.918878102894993";"-70.29072828135209"
"Antofagasta";"10000-11";"LOCALIDAD DE MICHILLA SIN NUMERO COMUNA MEJILLONES";"MEJILLONES";"-22.712559171295087";"-70.2778516193172"
"Antofagasta";"101-32";"BALNEARIO HORNITOS SITIO 71 COMUNA MEJILLONES";"MEJILLONES";"-22.91136850177843";"-70.28662337661682"
"Antofagasta";"208-6";"SECTOR SEMI INDUSTRIAL MEJILLONES COMUNA MEJILLONES";"MEJILLONES";"-23.148638597961945";"-70.40223667579139"
"Antofagasta";"222-1";"BALNEARIO PUNTA ITATA MANZANA 14 SITIO 1 COMUNA MEJILLONES";"MEJILLONES";"-22.93288496717461";"-70.30384392265849"
"Antofagasta";"211-4";"PUNTA ITATA SITIO 4 MANZANA 12 COMUNA MEJILLONES";"MEJILLONES";"-22.929265190220548";"-70.30273310213991"
"Antofagasta";"603-11";"MANZANA C SITIO 11 SECTOR SUR DE MEJILLONES COMUNA MEJILLONES";"MEJILLONES";"-23.11266824417364";"-70.43895178939928"
"Antofagasta";"607-7";"MANZANA I SITIO 7 SECTOR SUR DE MEJILLONES COMUNA MEJILLONES";"MEJILLONES";"-23.11342611526943";"-70.43686256805738"
"Antofagasta";"224-4";"BALNEARIO PUNTA ITATA MANZANA 16 SITIO 4 COMUNA MEJILLONES";"MEJILLONES";"-22.92848815619569";"-70.30167038686086"
"Antofagasta";"226-10";"SITIO 10 MANZANA 19 BALNEARIO PUNTA ITATA COMUNA MEJILLONES";"MEJILLONES";"-22.92792738168999";"-70.30234990193138"
"Antofagasta";"210-25";"BALNEARIO PUNTA ITATA MANZANA 13 SITIO 12 COMUNA MEJILLONES";"MEJILLONES";"-22.92991279713511";"-70.30217193752598"
"Antofagasta";"222-2";"BALNEARIO PUNTA ITATA MANZANA 14 SITIO 2 COMUNA MEJILLONES";"MEJILLONES";"-22.932776739109723";"-70.30363112724505"
"Antofagasta";"202-1";"ACCESO SUR A LA CIUDAD DE MEJILLONES COMUNA MEJILLONES";"MEJILLONES";"-23.115291861933887";"-70.44083882167874"
"Antofagasta";"NO ENROLADO";"BALNEARIO HORNITOS COMUNA MEJILLONES";"MEJILLONES";"-22.920683851659227";"-70.29323562909462"
"Antofagasta";"5095-7";"CALETA MICHILLA MANZANA D SITIO 7 COMUNA MEJILLONES";"MEJILLONES";"-22.711405524340755";"-70.27684382588767"
"Antofagasta";"2001-6";"CERRO PUNTA ANGAMOS COMUNA MEJILLONES";"MEJILLONES";"-23.09926487796211";"-70.49663599196214"
"Antofagasta";"3487-2";"COSTADO NORTE DE LA CIUDAD DE CALAMA COMUNA CALAMA";"CALAMA";"-22.428501959756208";"-68.92259837346711"
"Antofagasta";"5128-2";"LOCALIDAD DE MICHILLA SIN NUMERO COMUNA MEJILLONES";"MEJILLONES";"-22.714508330940976";"-70.27710908644094"
"Antofagasta";"84-4";"BERNARDO OHIGGINS ESQUINA FERTILIZANTE LOTE A COMUNA MEJILLONES";"MEJILLONES";"-23.10690044274766";"-70.44682670139994"
"Antofagasta";"604-5";"MANZANA D SITIO 5 SECTOR SUR DE MEJILLONES COMUNA MEJILLONES";"MEJILLONES";"-23.113231394244437";"-70.43826238527532"
"Antofagasta";"101-404";"SITIO 404 ACCESO SUR BALNEARIO HORNITOS COMUNA MEJILLONES";"MEJILLONES";"-22.921297721575264";"-70.2945422835943"
"Antofagasta";"101-134";"SITIO 69 B BALNEARIO HORNITOS COMUNA MEJILLONES";"MEJILLONES";"-22.911073418369863";"-70.28642275350548"
"Antofagasta";"1000-3";"SITIO 3 MANZANA A BALNEARIO ALTOS HORNITOS COMUNA MEJILLONES";"MEJILLONES";"-22.91980499603804";"-70.29572569830509"
"Antofagasta";"101-307";"BALNEARIO HORNITOS COMUNA MEJILLONES";"MEJILLONES";"-22.920999300841537";"-70.29423909777235"
"Antofagasta";"301-6";"LOTE 2 MANZANA 3 SECTOR SUR DE MEJILLONES COMUNA MEJILLONES";"MEJILLONES";"-23.10929312469982";"-70.45079504681215"
"Antofagasta";"541-8";"ZONA PORTUARIA MEJILLONES COMUNA MEJILLONES";"MEJILLONES";"-23.052735254024025";"-70.33871809929168"
"Antofagasta";"8001-4";"SECTOR CALETA MICHILLA COMUNA MEJILLONES";"MEJILLONES";"-22.716719424006147";"-70.27187269881428"
"Antofagasta";"598-2";"APROX A 26 KM AL NORESTE DE LA CIUDAD DE MEJILLONES COMUNA MEJILLONES";"MEJILLONES";"-23.05164843889051";"-70.18531835934496"
"Antofagasta";"1000-17";"SITIO 17 MANZANA B BALNEARIO HORNITOS COMUNA MEJILLONES";"MEJILLONES";"-22.919903752821515";"-70.29622296447465"
"Antofagasta";"212-3";"BALNEARIO PUNTA ITATA MANZANA 11 SITIO 3 COMUNA MEJILLONES";"MEJILLONES";"-22.929715681706607";"-70.30303668454394"
"Antofagasta";"608-7";"MANZANA H SITIO 7 SECTOR SUR DE MEJILLONES COMUNA MEJILLONES";"MEJILLONES";"-23.112421048573193";"-70.43704298153163"
"Antofagasta";"608-4";"MANZANA H SITIO 4 SECTOR SUR DE MEJILLONES COMUNA MEJILLONES";"MEJILLONES";"-23.111938844321156";"-70.4371295382642"
"Antofagasta";"NO ENROLADO";"BALNEARIO HORNITOS COMUNA MEJILLONES";"MEJILLONES";"-22.900562897966456";"-70.28680169923173"
"Antofagasta";"226-11";"PUNTA ITATA SITIO 11 MANZANA 19 COMUNA MEJILLONES";"MEJILLONES";"-22.927866588435677";"-70.30251328921722"
"Antofagasta";"NO ENROLADO";"LOCALIDAD DE MICHILLA SIN NUMERO COMUNA MEJILLONES";"MEJILLONES";"-22.714719887812826";"-70.27723060530815"
"Antofagasta";"NO ENROLADO";"MESETA MEJILLONES COMUNA MEJILLONES";"MEJILLONES";"-23.102888936551942";"-70.46494553697585"
"Antofagasta";"301-502";"LOTE 3 MANZANA 3 SECTOR SUR DE MEJILLONES COMUNA MEJILLONES";"MEJILLONES";"-23.109104674019555";"-70.45009885910942"
"Antofagasta";"505-4";"CEMENTERIO LOTE A COMUNA MEJILLONES";"MEJILLONES";"-23.10558150666961";"-70.42620067683107"
"Antofagasta";"504-4";"CANIL MUNICIPAL MEJILLONES COMUNA MEJILLONES";"MEJILLONES";"-23.12789360575257";"-70.41748466890972"
"Antofagasta";"101-305";"SITIO 305 BALNEARIO ALTOS HORNITOS COMUNA MEJILLONES";"MEJILLONES";"-22.92101827378748";"-70.29454680681172"
"Antofagasta";"204-2";"A 5 KILOMETROS AL SURESTE DE LA CIUDAD DE MEJILLONES COMUNA MEJILLONES";"MEJILLONES";"-23.142530335668795";"-70.42391703931045"
"Antofagasta";"8000-5";"5.5 KILOMETROS AL OESTE DE RUTA B-272 LOTE B COMUNA MEJILLONES";"MEJILLONES";"-23.217182783679064";"-70.41998709132487"
"Antofagasta";"541-1";"ZONA PORTUARIA DE MEJILLONES SIN NUMERO COMUNA MEJILLONES";"MEJILLONES";"-23.05704283755686";"-70.3658959070382"
"Antofagasta";"215-10";"BALNEARIO PUNTA ITATA MANZANA 8 SITIO 10 COMUNA MEJILLONES";"MEJILLONES";"-22.931393397712863";"-70.30363420304046"
"Antofagasta";"211-6";"BALNEARIO PUNTA ITATA MANZANA 12 SITIO 6 COMUNA MEJILLONES";"MEJILLONES";"-22.92934429588788";"-70.30246603181078"
"Antofagasta";"1000-18";"BALNEARIO HORNITOS SITIO 18 MANZANA B COMUNA MEJILLONES";"MEJILLONES";"-22.919985096202446";"-70.29618059728945"
"Antofagasta";"101-159";"BALNEARIO HORNITOS SITIO 40 COMUNA MEJILLONES";"MEJILLONES";"-22.906766749992272";"-70.28635165284952"
"Antofagasta";"NO ENROLADO";"SECTOR PENINSULA DE MEJILLONES SIN NUMERO COMUNA MEJILLONES";"MEJILLONES";"-23.104991098753654";"-70.51364417239822"
"Antofagasta";"10000-12";"LOCALIDAD DE MICHILLA SIN NUMERO COMUNA MEJILLONES";"MEJILLONES";"-22.712844754935794";"-70.2729527866001"
"Antofagasta";"2129-3";"SECTOR PORTUARIO INDUSTRIAL LOTE F COMUNA MEJILLONES";"MEJILLONES";"-23.03138546407917";"-70.34427276762568"
"Antofagasta";"226-12";"BALNEARIO PUNTA ITATA MANZANA 19 SITIO 12 COMUNA MEJILLONES";"MEJILLONES";"-22.927829428329396";"-70.30264631327441"
"Antofagasta";"222-6";"BALNEARIO PUNTA ITATA MANZANA 14 SITIO 6 COMUNA MEJILLONES";"MEJILLONES";"-22.933105529984857";"-70.30366035262496"
"Antofagasta";"101-196";"BALNEARIO HORNITOS SITIO 3 COMUNA MEJILLONES";"MEJILLONES";"-22.901301662724805";"-70.2867684763837"
"Antofagasta";"601-12";"MANZANA A SITIO 12 SECTOR SUR DE MEJILLONES COMUNA MEJILLONES";"MEJILLONES";"-23.108777087662194";"-70.4388820724349"
"Antofagasta";"601-5";"MANZANA A SITIO 5 SECTOR SUR DE MEJILLONES COMUNA MEJILLONES";"MEJILLONES";"-23.11011243510797";"-70.43897461403651"
"Antofagasta";"600-5";"MANZANA F SITIO 5 SECTOR SUR DE MEJILLONES COMUNA MEJILLONES";"MEJILLONES";"-23.109561432971766";"-70.43749829148699"
"Antofagasta";"216-12";"BALNEARIO PUNTA ITATA MANZANA 6 SITIO 12 COMUNA MEJILLONES";"MEJILLONES";"-22.93214911592114";"-70.3043616669028"
"Antofagasta";"10000-15";"COSTADO NORTE DE RUTA 23 KM 278 COMUNA SAN PEDRO DE ATACAMA";"SAN PEDRO DE ATACAMA";"-23.868022468431604";"-67.53128987270985"
"Antofagasta";"6737-10";"BARRIO INDUSTRIAL LA NEGRA APROX A 17 KM AL SURESTE DE INTERSECCION RUTA 5 Y RUTA 28 COMUNA A";"ANTOFAGASTA";"-23.963865770350242";"-70.29719946889773"
"Antofagasta";"505-8";"ENTRE PUERTO 1 AVENIDA QUINTA INDUSTRIAL Y RUTA B-262 PUERTO MEJILLONES COMUNA MEJILLONES";"MEJILLONES";"-23.086994534810955";"-70.37848891119934"
"Antofagasta";"NO ENROLADO";"LOCALIDAD DE MICHILLA SIN NUMERO COMUNA MEJILLONES";"MEJILLONES";"-22.70829086720632";"-70.27730968351422"
"Antofagasta";"NO ENROLADO";"BALNEARIO HORNITOS COMUNA MEJILLONES";"MEJILLONES";"-22.868484906903195";"-70.29240767117705"
"Antofagasta";"NO ENROLADO";"BALNEARIO HORNITOS COMUNA MEJILLONES";"MEJILLONES";"-22.887446876848447";"-70.28779161471026"
"Antofagasta";"541-9";"ZONA PORTUARIA PONIENTE MEJILLONES COMUNA MEJILLONES";"MEJILLONES";"-23.008346133074667";"-70.32487892025186"
"Antofagasta";"541-6";"ZONA PORTUARIA DE MEJILLONES COMUNA MEJILLONES";"MEJILLONES";"-23.05925647797998";"-70.36302962565671"
"Antofagasta";"501-13";"LOTE B SECTOR INDUSTRIAL DE MEJILLONES COMUNA MEJILLONES";"MEJILLONES";"-23.09219030314777";"-70.40535057205867"
"Antofagasta";"6901-15";"PARQUE FOTOVOLTAICO PEDRO DE VALDIVIA LOTE C COMUNA MARIA ELENA";"MARIA ELENA";"-22.57015071310101";"-69.58322284782334"
"Antofagasta";"6903-48";"LOTE B INTERSECCION RUTA 5 CON RUTA B-168 SIN NUMERO COMUNA MARIA ELENA";"MARIA ELENA";"-22.37794936616272";"-69.58982812742167"
"Antofagasta";"6903-51";"SECTOR MIRAJE COMUNA MARIA ELENA";"MARIA ELENA";"-22.43768571668731";"-69.50733308705227"
"Antofagasta";"390-6";"A 7 KMS. AL NOROESTE DE LA LOCALIDAD DE QUILLAGUA COMUNA MARIA ELENA";"MARIA ELENA";"-21.62217060625041";"-69.59263589988771"
"Antofagasta";"NO ENROLADO";"AL NORTE DE LA RUTA 24 COMUNA MARIA ELENA";"MARIA ELENA";"-22.195119638250386";"-69.75819225663692"
"Antofagasta";"6700-10";"SECTOR CRUCERO COMUNA MARIA ELENA";"MARIA ELENA";"-22.257151331977834";"-69.58794912701981"
"Antofagasta";"6700-53";"SECTOR CRUCERO LOTE B COMUNA MARIA ELENA";"MARIA ELENA";"-22.20942799629128";"-69.57592530976301"
"Antofagasta";"6700-54";"SECTOR CRUCERO LOTE C COMUNA MARIA ELENA";"MARIA ELENA";"-22.21217170205689";"-69.57062885612291"
"Antofagasta";"6903-49";"SUBESTACION KIMAL COMUNA MARIA ELENA";"MARIA ELENA";"-22.30201090903607";"-69.47918006454965"
"Antofagasta";"6700-47";"LOTE A A 8 KM AL NOROESTE DE INTERSECCION DE RUTA 5 CON RUTA 24 COMUNA MARIA ELENA";"MARIA ELENA";"-22.196468168447606";"-69.5663409284539"
"Antofagasta";"6700-65";"APROX A 4,5 KMS AL NORTE DE INTERSECCION RUTA 5 CON RUTA 24 SIN NUMERO COMUNA MARIA ELENA";"MARIA ELENA";"-22.225032638162116";"-69.58983163083543"
"Antofagasta";"369-4";"LOCALIDAD DE QUILLAGUA COMUNA MARIA ELENA";"MARIA ELENA";"-21.660608049015845";"-69.5338896851766"
"Antofagasta";"6700-28";"LOTE A SECTOR CRUCERO A 16 KM AL NORESTE DE LA LOCALIDAD DE MARIA ELENA COMUNA MARIA ELENA";"MARIA ELENA";"-22.22051367768539";"-69.57581422789607"
"Antofagasta";"6700-45";"SUBESTACION CRUCERO PAMPA DEL NIRAJE COMUNA MARIA ELENA";"MARIA ELENA";"-22.249075772073997";"-69.57439330490045"
"Antofagasta";"6600-30";"LOTE A SECTOR CRUCERO A 16 KM AL NORESTE DE LA LOCALIDAD DE MARIA ELENA COMUNA MARIA ELENA";"MARIA ELENA";"-22.224637618948684";"-69.57613134207642"
"Antofagasta";"6800-21";"SECTOR CRUCERO SIN NUMERO COMUNA MARIA ELENA";"MARIA ELENA";"-22.163046885548308";"-69.49065446803156"
"Antofagasta";"8000-11";"CERRO DOMINADOR COMUNA MARIA ELENA";"MARIA ELENA";"-22.7718815813904";"-69.4788077955845"
"Antofagasta";"6600-31";"LOTE B SECTOR CRUCERO A 16 KM AL NORESTE DE LA LOCALIDAD DE MARIA ELENA COMUNA MARIA ELENA";"MARIA ELENA";"-22.224911603521672";"-69.57085886185418"
"Antofagasta";"8000-13";"CERRO DOMINADOR COMUNA MARIA ELENA";"MARIA ELENA";"-22.779317003631867";"-69.45200856563474"
"Antofagasta";"6700-55";"LOTE A SECTOR CRUCERO COMUNA MARIA ELENA";"MARIA ELENA";"-22.199121142604092";"-69.5850878595379"
"Antofagasta";"6700-63";"SUBESTACION ELECTRICA ENCUENTRO COMUNA MARIA ELENA";"MARIA ELENA";"-22.301596075220168";"-69.58041760566458"
"Antofagasta";"6901-13";"PARQUE FOTOVOLTAICO PEDRO DE VALDIVIA LOTE A COMUNA MARIA ELENA";"MARIA ELENA";"-22.558874519548716";"-69.58102633553102"
"Antofagasta";"6901-14";"PARQUE FOTOVOLTAICO PEDRO DE VALDIVIA LOTE B COMUNA MARIA ELENA";"MARIA ELENA";"-22.565139867729155";"-69.58224672867004"
"Antofagasta";"6903-3";"A 9 KM AL SURESTE DE INTERSECCION DE LA RUTA 5 CON RUTA 24 COMUNA MARIA ELENA";"MARIA ELENA";"-22.329836812265025";"-69.52955018448067"
"Antofagasta";"6903-14";"LOTE B SUB ESTACION ENCUENTRO COMUNA MARIA ELENA";"MARIA ELENA";"-22.353027744143724";"-69.52158803956411"
"Antofagasta";"6903-19";"A 1 KM AL NORESTE DE LA INTERSECCION RUTA 5 CON RUTA B-168 LOTE A COMUNA MARIA ELENA";"MARIA ELENA";"-22.328332224480743";"-69.58120892238426"
"Antofagasta";"NO ENROLADO";"TRANQUE SLOMAN REPRESA SANTA FE COMUNA MARIA ELENA";"MARIA ELENA";"-21.89273420270573";"-69.53554037120142"
"Antofagasta";"6700-11";"A 4.3 KM AL ESTE DE LA INTERSECCION RUTA 5 CON RUTA 24 SECTOR SUBESTACION CRUCERO COMUNA MARI";"MARIA ELENA";"-22.262028919400517";"-69.53605337800215"
"Antofagasta";"390-12";"CERRO LA JOYA COMUNA MARIA ELENA";"MARIA ELENA";"-21.849057948107422";"-69.39683876935858"
"Antofagasta";"6700-59";"EX OFICINA SALITRERA SANTA ISABEL COMUNA MARIA ELENA";"MARIA ELENA";"-22.055167212332304";"-69.57837490025217"
"Antofagasta";"368-1";"ESTANQUES DE AGUA DE QUILLAGUA SIN NUMERO COMUNA MARIA ELENA";"MARIA ELENA";"-21.65245294383235";"-69.4976879489464"
"Antofagasta";"6700-56";"LOTE B SECTOR CRUCERO COMUNA MARIA ELENA";"MARIA ELENA";"-22.20005021852473";"-69.5758964864216"
"Antofagasta";"6901-17";"APROX A 14,3 KMS AL ESTE DE LA RUTA 5 KM 1532 COMUNA MARIA ELENA";"MARIA ELENA";"-22.48484340081568";"-69.42527578533951"
"Antofagasta";"6700-66";"A APROX 9 KM AL OESTE DE SUBESTACION CRUCERO COMUNA MARIA ELENA";"MARIA ELENA";"-22.272223876221354";"-69.66136937598662"
"Antofagasta";"6700-48";"LOTE B A 8 KM AL NOROESTE DE LA INTERSECCION DE LA RUTA 5 CON RUTA 24 COMUNA MARIA ELENA";"MARIA ELENA";"-22.167594766513652";"-69.5664440690714"
"Antofagasta";"6700-29";"LOTE B SECTOR CRUCERO A 16 KM AL NORESTE DE LA LOCALIDAD DE MARIA ELENA COMUNA MARIA ELENA";"MARIA ELENA";"-22.220947029923952";"-69.57092401264741"
"Antofagasta";"6800-2";"SECTOR PAMPA DEL NIRAJE COMUNA MARIA ELENA";"MARIA ELENA";"-22.261341081758538";"-69.47674029123584"
"Antofagasta";"6903-5";"A 9 KM. AL SURESTE DE LA INTERSECCION DE LA RUTA 5 CON RUTA 24 LOTE B COMUNA MARIA ELENA";"MARIA ELENA";"-22.336733488862876";"-69.52598122234444"
"Antofagasta";"6903-11";"LOTE B A 9 KM. AL SURESTE DE LA INTERSECCION DE LA RUTA 5 CON RUTA 24 COMUNA MARIA ELENA";"MARIA ELENA";"-22.330705763243074";"-69.50426989176428"
"Antofagasta";"1240-34";"SECTOR PONIENTE VILLA LOS SALARES COMUNA CALAMA";"CALAMA";"-22.447440925422836";"-68.90363461023613"
"Antofagasta";"6903-35";"A 14 KMS AL SURESTE DE LA INTERSECCION RUTA 5 CON RUTA 24 SECTOR ENCUENTRO COMUNA MARIA ELENA";"MARIA ELENA";"-22.294898272663357";"-69.45807044379868"
"Antofagasta";"6800-18";"A 11 KMS AL NORESTE DE INTERSECCION RUTA 5 CON RUTA 24 SECTOR CRUCERO COMUNA MARIA ELENA";"MARIA ELENA";"-22.242287778291132";"-69.49071935268651"
"Antofagasta";"6700-24";"LOTE A SECTOR CRUCERO A 16 KM AL NOROESTE DE MARIA ELENA COMUNA MARIA ELENA";"MARIA ELENA";"-22.214908126514498";"-69.57573209242823"
"Antofagasta";"6903-47";"LOTE A INTERSECCION RUTA 5 CON RUTA B-168 SIN NUMERO COMUNA MARIA ELENA";"MARIA ELENA";"-22.362239251283178";"-69.59311609252251"
"Antofagasta";"6700-27";"LOTE B SECTOR CRUCERO A 16 KM AL NORESTE DE LA LOCALIDAD DE MARIA ELENA COMUNA MARIA ELENA";"MARIA ELENA";"-22.217926378925632";"-69.57097562519557"
"Antofagasta";"6903-16";"LOTE A SUB ESTACION ENCUENTRO COMUNA MARIA ELENA";"MARIA ELENA";"-22.349471047212525";"-69.51312696381929"
"Antofagasta";"6903-15";"LOTE C SUB ESTACION ENCUENTRO COMUNA MARIA ELENA";"MARIA ELENA";"-22.354971617714043";"-69.5235704374041"
"Antofagasta";"6700-37";"SECTOR CRUCERO A 14.8 KM AL NORESTE DE MARIA ELENA LOTE C COMUNA MARIA ELENA";"MARIA ELENA";"-22.230029709521947";"-69.57077378564266"
"Antofagasta";"6700-13";"SECTOR CRUCERO A 16 KM AL NOROESTE DE MARIA ELENA COMUNA MARIA ELENA";"MARIA ELENA";"-22.223746131331396";"-69.58188794072657"
"Antofagasta";"6700-49";"APROX A 1,20 KMS AL NORTE DE CEMENTERIO SANTA ISABEL LOTE A COMUNA MARIA ELENA";"MARIA ELENA";"-22.045236230272202";"-69.59893159180581"
"Antofagasta";"6700-50";"APROX A 1,20 KMS AL NORTE DE CEMENTERIO SANTA ISABEL LOTE B COMUNA MARIA ELENA";"MARIA ELENA";"-22.055403990164805";"-69.59633326582197"
"Antofagasta";"373-2";"PUEBLO DE QUILLAGUA SIN NUMERO COMUNA MARIA ELENA";"MARIA ELENA";"-21.659323351762055";"-69.53267667586212"
"Antofagasta";"6700-51";"APROX A 1,20 KMS AL NORTE DE CEMENTERIO SANTA ISABEL LOTE C COMUNA MARIA ELENA";"MARIA ELENA";"-22.062507174960626";"-69.59516271476068"
"Antofagasta";"390-5";"A 3.5 KM AL NOROESTE DE QUILLAGUA COMUNA MARIA ELENA";"MARIA ELENA";"-21.62847000932098";"-69.57793635680603"
"Antofagasta";"6903-10";"LOTE A A 9 KM. AL SURESTE DE LA INTERSECCION DE LA RUTA 5 CON RUTA 24 COMUNA MARIA ELENA";"MARIA ELENA";"-22.331741924080962";"-69.51647585510489"
"Antofagasta";"300-2";"A 3,8 KM AL ESTE DEL POBLADO DE QUILLAGUA LOTE A COMUNA MARIA ELENA";"MARIA ELENA";"-21.65788002424798";"-69.49512590332924"
"Antofagasta";"6903-37";"A 14 KMS AL SURESTE DE LA INTERSECCION RUTA 5 CON RUTA 24 SECTOR ENCUENTRO COMUNA MARIA ELENA";"MARIA ELENA";"-22.293421349207822";"-69.45321170879927"
"Antofagasta";"8000-12";"CERRO DOMINADOR COMUNA MARIA ELENA";"MARIA ELENA";"-22.78460147020588";"-69.48377241138688"
"Antofagasta";"6700-26";"LOTE A SECTOR CRUCERO A 16 KM AL NORESTE DE LA LOCALIDAD DE MARIA ELENA COMUNA MARIA ELENA";"MARIA ELENA";"-22.21778886023353";"-69.57548985531037"
"Antofagasta";"6903-21";"A 1 KM AL NORESTE DE LA INTERSECCION RUTA 5 CON RUTA B-168 LOTE C COMUNA MARIA ELENA";"MARIA ELENA";"-22.341014791826517";"-69.57757225258169"
"Antofagasta";"336-4";"CALLE COMERCIO PUEBLO DE QUILLAGUA SITIO 143 COMUNA MARIA ELENA";"MARIA ELENA";"-21.66045259470586";"-69.53485914539625"
"Antofagasta";"300-3";"3.8 KM AL ESTE DEL POBLADO DE QUILLAGUA LOTE B COMUNA MARIA ELENA";"MARIA ELENA";"-21.657901977933555";"-69.48809755098536"
"Antofagasta";"6903-53";"LOTE B-3 SECTOR SUBESTACION ELECTRICA KIMAL SIN NUMERO COMUNA MARIA ELENA";"MARIA ELENA";"-22.31771209404265";"-69.51174661404407"
"Antofagasta";"6903-55";"LOTE B-4 SECTOR SUBESTACION ELECTRICA KIMAL SIN NUMERO COMUNA MARIA ELENA";"MARIA ELENA";"-22.317742744845464";"-69.50200334871317"
"Antofagasta";"6903-20";"A 1 KM AL NORESTE DE LA INTERSECCION RUTA 5 CON RUTA B-168 LOTE B COMUNA MARIA ELENA";"MARIA ELENA";"-22.331088436011083";"-69.57510893181956"
"Antofagasta";"6700-46";"2 KMS AL NORTESTE DEL CRUCE RUTA 5 CON RUTA 24 SECTOR CRUCERO COMUNA MARIA ELENA";"MARIA ELENA";"-22.257164279556797";"-69.61213541722626"
"Antofagasta";"6700-57 6700-58";"EX OFICINA SALITRERA SANTA ISABEL LOTES A Y B COMUNA MARIA ELENA";"MARIA ELENA";"-22.033121585362238";"-69.58018637926989"
"Antofagasta";"6903-39";"APROXIMADAMENTE A 13.5 KMS AL SURESTE DE LA INTERSECCION DE LA RUTA 5 CON RUTA 24 LUGAR DENOM";"MARIA ELENA";"-22.347556804033704";"-69.47717990928436"
"Antofagasta";"6903-53";"LOTE B-2 SECTOR SUBESTACION ELECTRICA KIMAL SIN NUMERO COMUNA MARIA ELENA";"MARIA ELENA";"-22.31750679938201";"-69.52138838321896"
"Antofagasta";"6903-52";"LOTE B-1 SECTOR SUBESTACION ELECTRICA KIMAL SIN NUMERO COMUNA MARIA ELENA";"MARIA ELENA";"-22.31285834607892";"-69.53212914407781"
"Antofagasta";"45002-26";"AL ESTE DE MINERA ESCONDIDA COMUNA ANTOFAGASTA";"ANTOFAGASTA";"-24.310937167762624";"-68.78572982759813"
"Antofagasta";"6903-56";"LOTE B-5 SECTOR SUBESTACION ELECTRICA KIMAL SIN NUMERO COMUNA MARIA ELENA";"MARIA ELENA";"-22.31676001394145";"-69.49281839827312"
"Antofagasta";"6903-57";"LOTE A-1 SECTOR SUBESTACION ELECTRICA KIMAL SIN NUMERO COMUNA MARIA ELENA";"MARIA ELENA";"-22.28739448643201";"-69.47285051510674"
"Antofagasta";"6903-58";"LOTE A-2 SECTOR SUBESTACION ELECTRICA KIMAL SIN NUMERO COMUNA MARIA ELENA";"MARIA ELENA";"-22.287317603969054";"-69.46343873403197"
"Antofagasta";"6700-25";"LOTE B SECTOR CRUCERO A 16 KM AL NOROESTE DE MARIA ELENA COMUNA MARIA ELENA";"MARIA ELENA";"-22.21491843611595";"-69.57102476563368"
"Antofagasta";"300-4";"3.8 KM AL ESTE DEL POBLADO DE QUILLAGUA LOTE C COMUNA MARIA ELENA";"MARIA ELENA";"-21.6555806958927";"-69.48264027954696"
"Antofagasta";"6903-32";"LOTE A SUB ESTACION ENCUENTRO COMUNA MARIA ELENA";"MARIA ELENA";"-22.344091591571022";"-69.51687323420852"
"Antofagasta";"6700-35";"SECTOR CRUCERO A 14.8 KM AL NORESTE DE MARIA ELENA LOTE A COMUNA MARIA ELENA";"MARIA ELENA";"-22.229523016914687";"-69.58208710866614"
"Antofagasta";"6903-12";"LOTE C A 9 KM. AL SURESTE DE LA INTERSECCION DE LA RUTA 5 CON RUTA 24 COMUNA MARIA ELENA";"MARIA ELENA";"-22.33351876162873";"-69.50427922985692"
"Antofagasta";"6600-14";"SECTOR CRUCERO A 16 KM AL NORESTE DE LA LOCALIDAD DE MARIA ELENA COMUNA MARIA ELENA";"MARIA ELENA";"-22.216777204721943";"-69.5816487739163"
"Antofagasta";"6903-9";"A 9 KM. AL SURESTE DE LA INTERSECCION DE LA RUTA 5 CON RUTA 24 LOTE C COMUNA MARIA ELENA";"MARIA ELENA";"-22.351595313219452";"-69.50079700766436"
"Antofagasta";"6903-34";"LOTE C SUB ESTACION ENCUENTRO COMUNA MARIA ELENA";"MARIA ELENA";"-22.345153958764115";"-69.52658183041103"
"Antofagasta";"6903-17";"LOTE B SUB ESTACION ENCUENTRO COMUNA MARIA ELENA";"MARIA ELENA";"-22.34784248961885";"-69.52483742140578"
"Antofagasta";"6903-33";"LOTE B SUB ESTACION ENCUENTRO COMUNA MARIA ELENA";"MARIA ELENA";"-22.342441274707387";"-69.52692870240429"
"Antofagasta";"6903-29";"A 9 KM. AL SURESTE DE LA INTERSECCION DE LA RUTA 5 CON RUTA 24 LOTE A COMUNA MARIA ELENA";"MARIA ELENA";"-22.33724168556634";"-69.51267409512873"
"Antofagasta";"6903-31";"A 9 KM. AL SURESTE DE LA INTERSECCION DE LA RUTA 5 CON RUTA 24 LOTE C COMUNA MARIA ELENA";"MARIA ELENA";"-22.338914709899896";"-69.50287194336791"
"Antofagasta";"6903-6";"A 9 KM. AL SURESTE DE LA INTERSECCION DE LA RUTA 5 CON RUTA 24 LOTE C COMUNA MARIA ELENA";"MARIA ELENA";"-22.339799448853647";"-69.52511559077459"
"Antofagasta";"6903-8";"A 9 KM. AL SURESTE DE LA INTERSECCION DE LA RUTA 5 CON RUTA 24 LOTE B COMUNA MARIA ELENA";"MARIA ELENA";"-22.346178655831977";"-69.50313818402816"
"Antofagasta";"6903-30";"A 9 KM. AL SURESTE DE LA INTERSECCION DE LA RUTA 5 CON RUTA 24 LOTE B COMUNA MARIA ELENA";"MARIA ELENA";"-22.33620454537083";"-69.50286186827337"
"Antofagasta";"10000-61";"APROX A 45 KM AL SURESTE DE MARIA ELENA SIN NUMERO COMUNA MARIA ELENA";"MARIA ELENA";"-22.76998788672584";"-69.46650005745741"
"Antofagasta";"6700-36";"SECTOR CRUCERO A 14.8 KM AL NORESTE DE MARIA ELENA LOTE B COMUNA MARIA ELENA";"MARIA ELENA";"-22.22989923412443";"-69.57599286370373"
"Antofagasta";"6903-4";"A 9 KM. AL SURESTE DE LA INTERSECCION DE LA RUTA 5 CON RUTA 24 LOTE A COMUNA MARIA ELENA";"MARIA ELENA";"-22.33299361643198";"-69.52962513372036"
"Antofagasta";"6903-7";"A 9 KM. AL SURESTE DE LA INTERSECCION DE LA RUTA 5 CON RUTA 24 LOTE A COMUNA MARIA ELENA";"MARIA ELENA";"-22.342170324846897";"-69.50487000317023"
"Antofagasta";"6903-13";"LOTE A SUB ESTACION ENCUENTRO COMUNA MARIA ELENA";"MARIA ELENA";"-22.3542491142261";"-69.50964249974137"
"Antofagasta";"6903-18";"LOTE C SUB ESTACION ENCUENTRO COMUNA MARIA ELENA";"MARIA ELENA";"-22.350553157690815";"-69.52448853060108"
"Antofagasta";"6700-52";"SECTOR CRUCERO LOTE A COMUNA MARIA ELENA";"MARIA ELENA";"-22.207903957307554";"-69.58433046246827"
"Antofagasta";"17000-52";"LOTE A RUTA 23 KM 40 COMUNA CALAMA";"CALAMA";"-22.715907688114022";"-68.60985556610989"
"Antofagasta";"5314-9";"MANZANA 11 SITIO 9 EXTENSION PUERTO SECO COMUNA CALAMA";"CALAMA";"-22.443055580941834";"-68.87879783273961"
"Antofagasta";"5328-4";"MANZANA 12 SITIO 4 EXTENSION PUERTO SECO COMUNA CALAMA";"CALAMA";"-22.44322053908725";"-68.88440579098344"
"Antofagasta";"5327-3";"MANZANA 12 SITIO 8 EXTENSION PUERTO SECO COMUNA CALAMA";"CALAMA";"-22.44401238254554";"-68.8832761276311"
"Antofagasta";"16000-15";"CERRITO BAYOS COMUNA CALAMA";"CALAMA";"-22.54391904468422";"-69.02384042919768"
"Antofagasta";"5327-1";"MANZANA 12 SITIO 6 EXTENSION PUERTO SECO COMUNA CALAMA";"CALAMA";"-22.442987386660803";"-68.88265796205725"
"Antofagasta";"3801-3";"ACCESO SUR DE CALAMA LOTE A COMUNA CALAMA";"CALAMA";"-22.50458382264513";"-68.92330002786287"
"Antofagasta";"6077-4";"SITIO 4 MANZANA F EL VERGEL COMUNA CALAMA";"CALAMA";"-22.483218633303004";"-68.91702329467991"
"Antofagasta";"16000-20";"SECTOR LIMON VERDE COMUNA CALAMA";"CALAMA";"-22.55152530255769";"-68.91566938922827"
"Antofagasta";"5302-17";"LOTE 17 MANZANA B BARRIO INDUSTRIAL AMPLIACION COMUNA CALAMA";"CALAMA";"-22.434728367511983";"-68.90768771521476"
"Antofagasta";"6080-3";"SITIO 3 MANZANA I EL VERGEL COMUNA CALAMA";"CALAMA";"-22.483332912011875";"-68.91745225430799"
"Antofagasta";"6072-4";"SITIO 4 MANZANA A EL VERGEL COMUNA CALAMA";"CALAMA";"-22.481064188538177";"-68.91374292262975"
"Antofagasta";"NO ENROLADO";"CERRO MONTECRISTO COMUNA CALAMA";"CALAMA";"-22.33248074539068";"-68.98998849612215"
"Antofagasta";"6080-5";"SITIO 5 MANZANA I EL VERGEL COMUNA CALAMA";"CALAMA";"-22.483405130682964";"-68.91760793366706"
"Antofagasta";"1014-22";"LOTE B OHIGGINS ENTRE SERRANO Y ECUADOR SIN NUMERO COMUNA CALAMA";"CALAMA";"-22.469952069337683";"-68.92578039691398"
"Antofagasta";"5301-8";"LOTE 17 MANZANA A-1 SECTOR PUERTO SECO COMUNA CALAMA";"CALAMA";"-22.434035604642226";"-68.90717604492062"
"Antofagasta";"5301-3";"SECTOR PUERTO SECO MANZANA A-1 LOTE 12 COMUNA CALAMA";"CALAMA";"-22.43554579573979";"-68.90553087492786"
"Antofagasta";"5311-10";"LOTE 10 MANZANA K AMPLIACION PUERTO SECO COMUNA CALAMA";"CALAMA";"-22.439725297087072";"-68.89919490768854"
"Antofagasta";"8004-31";"SITIO 9 AVENIDA CIRCUNVALACION ACCESO SUR CALAMA COMUNA CALAMA";"CALAMA";"-22.493772090697757";"-68.92203742585549"
"Antofagasta";"2001-433";"SITIO 27 CERRO NEGRO COMUNA CALAMA";"CALAMA";"-22.469899282970218";"-68.95219045285967"
"Antofagasta";"3510-3";"GEYSERS EL TATIO COMUNA CALAMA";"CALAMA";"-22.341276738985016";"-68.00810087672679"
"Antofagasta";"5318-9";"SITIO 6 B MANZANA C-2 SECTOR PUERTO SECO COMUNA CALAMA";"CALAMA";"-22.436063967084134";"-68.9033052164242"
"Antofagasta";"5318-2";"SITIO 5 MANZANA C-2 SECTOR PUERTO SECO COMUNA CALAMA";"CALAMA";"-22.436679124068554";"-68.90263870619923"
"Antofagasta";"5315-1";"MANZANA E-2 LOTE 11 PUERTO SECO COMUNA CALAMA";"CALAMA";"-22.43710675731214";"-68.89825524293677"
"Antofagasta";"5309-9";"SITIO 9 MANZANA I SECTOR AMPLIACION PUERTO SECO COMUNA CALAMA";"CALAMA";"-22.43848240665756";"-68.89290273407873"
"Antofagasta";"5318-3";"SITIO 6 A MANZANA C-2 PUERTO SECO COMUNA CALAMA";"CALAMA";"-22.436384048994682";"-68.90295794407803"
"Antofagasta";"5301-6";"LOTE 15 MANZANA A-1 SECTOR PUERTO SECO COMUNA CALAMA";"CALAMA";"-22.434681801322956";"-68.9064701999382"
"Antofagasta";"5301-19";"SECTOR PUERTO SECO MANZANA A-1 LOTE 2 COMUNA CALAMA";"CALAMA";"-22.433410385213698";"-68.90716684845941"
"Antofagasta";"5317-7";"ALBERTO TERRAZAS VIRREYRA SIN NUMERO SECTOR PUERTO SECO MANZANA A-2 SITIO 3 COMUNA CALAMA";"CALAMA";"-22.43329608791373";"-68.90591539858791"
"Antofagasta";"5311-5";"SITIO 5 MANZANA K AMPLIACION PUERTO SECO COMUNA CALAMA";"CALAMA";"-22.4378923903923";"-68.89804762958602"
"Antofagasta";"5303-12";"LUIS CALLEJAS ROJAS SIN NUMERO PUERTO SECO SITIO 2 MANZANA C-1 COMUNA CALAMA";"CALAMA";"-22.436396503106796";"-68.90390801899686"
"Antofagasta";"5318-8";"MARTIN VEGA PIZARRO SIN NUMERO LOTE 1 MANZANA C-2 SECTOR PUERTO SECO COMUNA CALAMA";"CALAMA";"-22.43493410940496";"-68.90287123676863"
"Antofagasta";"5318-10";"MARTIN VEGA PIZARRO SIN NUMERO SITIO 2B MANZANA C-2 SECTOR PUERTO SECO COMUNA CALAMA";"CALAMA";"-22.43579419743843";"-68.9025985925473"
"Antofagasta";"5305-17";"SITIO 17 MANZANA E-1 BARRIO INDUSTRIAL SECTOR PUERTO SECO COMUNA DE CALAMA";"CALAMA";"-22.435667789729724";"-68.90062115486363"
"Antofagasta";"5306-3";"SITIO 3 MANZANA F AMPLIACION PUERTO SECO COMUNA CALAMA";"CALAMA";"-22.435383631906948";"-68.89602329762224"
"Antofagasta";"5311-1";"SITIO 1 MANZANA K AMPLIACION PUERTO SECO COMUNA CALAMA";"CALAMA";"-22.438311245366616";"-68.90006642161353"
"Antofagasta";"5303-8";"LUIS CALLEJAS ROJAS SIN NUMERO SITIO 6 MANZANA C-1 SECTOR PUERTO SECO COMUNA CALAMA";"CALAMA";"-22.437663301229378";"-68.90254210678711"
"Antofagasta";"5303-11";"SITIO 3 MANZANA C-1 SECTOR PUERTO SECO COMUNA CALAMA";"CALAMA";"-22.436639983254253";"-68.90364202452577"
"Antofagasta";"5319-9";"SITIO 1 MANZANA C-3 SECTOR PUERTO SECO COMUNA CALAMA";"CALAMA";"-22.434126633249576";"-68.90193916986911"
"Antofagasta";"5315-9";"PUERTO SECO MANZANA E-2 LOTE 3 COMUNA CALAMA";"CALAMA";"-22.434725348142926";"-68.89882928269039"
"Antofagasta";"5301-9";"SECTOR PUERTO SECO MANZANA A-1 SITIO 18 COMUNA CALAMA";"CALAMA";"-22.433730022974654";"-68.90750980550662"
"Antofagasta";"2001-439";"SECTOR CERRO NEGRO PARCELA 36 COMUNA CALAMA";"CALAMA";"-22.46640581566061";"-68.95646571826957"
"Antofagasta";"5303-6";"LOTE 13 MANZANA C-1 PUERTO SECO COMUNA CALAMA";"CALAMA";"-22.436451893991087";"-68.90454192927042"
"Antofagasta";"5311-3";"SITIO 3 MANZANA K AMPLIACION PUERTO SECO COMUNA CALAMA";"CALAMA";"-22.43809979800577";"-68.89905628511617"
"Antofagasta";"2001-438";"SECTOR CERRO NEGRO PARCELA 35 COMUNA CALAMA";"CALAMA";"-22.4662861395499";"-68.95620351931494"
"Antofagasta";"5315-6";"SITIO 6 MANZANA E-2 SECTOR AMPLIACION PUERTO SECO COMUNA CALAMA";"CALAMA";"-22.435616905720483";"-68.89861443427783"
"Antofagasta";"887-30";"CALLE VARGAS 2201 COMUNA CALAMA";"CALAMA";"-22.46105879426847";"-68.92816350125085"
"Antofagasta";"6069-1";"SECTOR SUR DE CALAMA COMUNA CALAMA";"CALAMA";"-22.491494763465248";"-68.92326408191607"
"Antofagasta";"5006-8";"MANZANA 3 SITIO 8 CAMINO CHIU CHIU PUERTO SECO COMUNA CALAMA";"CALAMA";"-22.440654091665156";"-68.88320279392201"
"Antofagasta";"5005-3";"SITIO 3 MANZANA 2 PUERTO SECO COMUNA CALAMA";"CALAMA";"-22.44198420587593";"-68.88997117052098"
"Antofagasta";"5315-7";"SITIO 5 MANZANA E-2 PUERTO SECO COMUNA CALAMA";"CALAMA";"-22.435319515883418";"-68.89868630733233"
"Antofagasta";"17000-54";"LOTE C RUTA 23 KM 40 COMUNA CALAMA";"CALAMA";"-22.74752508313182";"-68.60976586952526"
"Antofagasta";"5331-3";"MANZANA 10 SITIO 3 EXTENSION PUERTO SECO COMUNA CALAMA";"CALAMA";"-22.444489237768504";"-68.88026151740034"
"Antofagasta";"8100-15";"CERRO MONTECRISTO COMUNA CALAMA";"CALAMA";"-22.331768123208164";"-68.99351201592235"
"Antofagasta";"5315-8";"CALLE CINCO SIN NUMERO MANZANA E-2 LOTE 4 SECTOR PUERTO SECO COMUNA CALAMA";"CALAMA";"-22.435023063473725";"-68.89875766920326"
"Antofagasta";"5315-5";"CALLE CINCO SIN NUMERO PUERTO SECO SITIO 7 MANZANA E-2 COMUNA CALAMA";"CALAMA";"-22.435914423107235";"-68.89854274740948"
"Antofagasta";"17000-65";"LOTE A APROXIMADAMENTE A 16 KM AL SURESTE DE LA CIUDAD DE CALAMA COMUNA CALAMA";"CALAMA";"-22.53136550632741";"-68.75540191103306"
"Antofagasta";"6077-2";"SITIO 2 MANZANA F EL VERGEL COMUNA CALAMA";"CALAMA";"-22.482887757240494";"-68.91662585095655"
"Antofagasta";"5314-1";"MANZANA 11 SITIO 1 EXTENSION PUERTO SECO COMUNA CALAMA";"CALAMA";"-22.44272899517719";"-68.8818506594756"
"Antofagasta";"1407-1";"RIQUELME 4050 VILLA AYQUINA COMUNA CALAMA";"CALAMA";"-22.43788614925015";"-68.92465366913737"
"Antofagasta";"5302-12";"SITIO 12 MANZANA B PUERTO SECO COMUNA CALAMA";"CALAMA";"-22.43704631856151";"-68.90510485928444"
"Antofagasta";"5319-3";"JUAN NICOLAS ZALDIVAR SIN NUMERO LOTE 7 MANZANA C 3 PUERTO SECO COMUNA CALAMA";"CALAMA";"-22.43680651870704";"-68.90141691706798"
"Antofagasta";"5317-3";"AVENIDA ALBERTO TERRAZAS SECTOR PUERTO SECO MANZANA A-2 SITIO 7 COMUNA CALAMA";"CALAMA";"-22.43351091318795";"-68.90361459352334"
"Antofagasta";"5319-6";"JUAN NICOLAS ZALDIVAR SIN NUMERO SITIO 4 MANZANA C-3 SECTOR AMPLIACION PUERTO SECO COMUNA CAL";"CALAMA";"-22.435483855544128";"-68.90172652034352"
"Antofagasta";"5314-7";"MANZANA 11 SITIO 7 EXTENSION PUERTO SECO COMUNA CALAMA";"CALAMA";"-22.442057539974442";"-68.87842741746776"
"Antofagasta";"5314-6";"MANZANA 11 SITIO 6 EXTENSION PUERTO SECO COMUNA CALAMA";"CALAMA";"-22.442171438102882";"-68.87899750741485"
"Antofagasta";"8200-4";"A 1.8 KM AL NORESTE DE LA INTERSECCION DE RUTA 23 CON RUTA 165 COMUNA CALAMA";"CALAMA";"-22.4861337462001";"-68.84668685035304"
"Antofagasta";"5309-12";"LOTE 12 MANZANA I PUERTO SECO COMUNA CALAMA";"CALAMA";"-22.437822837217542";"-68.89378326092292"
"Antofagasta";"6079-2";"SITIO 2 MANZANA H EL VERGEL COMUNA CALAMA";"CALAMA";"-22.483610831931138";"-68.9172056752206"
"Antofagasta";"6080-2";"SITIO 2 MANZANA I EL VERGEL COMUNA CALAMA";"CALAMA";"-22.483299867702826";"-68.91737402878414"
"Antofagasta";"5311-11";"SITIO 11 MANZANA K PUERTO SECO COMUNA CALAMA";"CALAMA";"-22.439832714016017";"-68.8997005029077"
"Antofagasta";"5305-2";"PUERTO SECO MANZANA E-1 LOTE 12 COMUNA CALAMA";"CALAMA";"-22.436834442606948";"-68.89970416613843"
"Antofagasta";"3301-470";"PUKARA DE LASANA COMUNA CALAMA";"CALAMA";"-22.269874906329143";"-68.63112090048914"
"Antofagasta";"2610-01";"RALUN CON CARLOS CISTERNAS LOTE 5 COMUNA CALAMA";"CALAMA";"-22.460428263680377";"-68.9481180526844"
"Antofagasta";"17000-62";"A 5 KMS AL ESTE DE INTERSECCION RUTA 24 CON RUTA B-165 COMUNA CALAMA";"CALAMA";"-22.485438273022265";"-68.80879119746139"
"Antofagasta";"5317-1";"SECTOR PUERTO SECO MANZANA A-2 SITIO 9 COMUNA CALAMA";"CALAMA";"-22.433762505017956";"-68.90249221936591"
"Antofagasta";"5301-13";"SECTOR PUERTO SECO MANZANA A-1 SITIO 8 COMUNA CALAMA";"CALAMA";"-22.4353500572601";"-68.90505446690003"
"Antofagasta";"1138-9";"CALLE LOS CHANARES 1277 POBLACION LOS PIMIENTOS COMUNA CALAMA";"CALAMA";"-22.456138324058713";"-68.91740506862324"
"Antofagasta";"716-3";"CALLE DIEGO DE ALMAGRO ESQUINA CALLE COLONIA COMUNA CALAMA";"CALAMA";"-22.445240889585136";"-68.94041294539028"
"Antofagasta";"5301-20";"ALBERTO TERRAZAS VYRREIRA SIN NUMERO SECTOR PUERTO SECO MANZANA A-1 SITIO 1 COMUNA CALAMA";"CALAMA";"-22.432956369729418";"-68.90766634386355"
"Antofagasta";"5317-4";"ALBERTO TERRAZAS VIRREYRA SIN NUMERO SECTOR PUERTO SECO MANZANA A-2 SITIO 6 COMUNA CALAMA";"CALAMA";"-22.433396369902233";"-68.90427498296738"
"Antofagasta";"1436-2";"LA PAMPA 733 LOTE B VILLA KAMAC MAYU SECTOR AVENIDA GRAU KAMAC MAYU COMUNA CALAMA";"CALAMA";"-22.443710159625823";"-68.90729919164455"
"Antofagasta";"5330-2";"MANZANA 7 SITIO 2 EXTENSION PUERTO SECO COMUNA CALAMA";"CALAMA";"-22.443769310795453";"-68.87661085149563"
"Antofagasta";"6147-6";"PARCELA EL ESFUERZO SECTOR EL PEUCO COMUNA CALAMA";"CALAMA";"-22.486837369497707";"-68.92241650350637"
"Antofagasta";"16000-28";"A APROX 27 KM AL SUROESTE DE LA CIUDAD DE CALAMA COMUNA CALAMA";"CALAMA";"-22.615163128354375";"-69.15125224085261"
"Antofagasta";"5315-22";"PUERTO SECO MANZANA E-2 LOTE 22 COMUNA CALAMA";"CALAMA";"-22.434135178800002";"-68.89957893717482"
"Antofagasta";"5318-1";"LOTE 4 MANZANA C-2 SECTOR PUERTO SECO COMUNA CALAMA";"CALAMA";"-22.437023163509977";"-68.90227515389192"
"Antofagasta";"5305-12";"COLECTORA SIN NUMERO MANZANA E-1 LOTE 1 PUERTO SECO COMUNA CALAMA";"CALAMA";"-22.433919531189034";"-68.90044434482519"
"Antofagasta";"3451-31";"A 68 KILOMETROS AL SUROESTE DEL PUEBLO DE OLLAGUE COMUNA CALAMA";"CALAMA";"-21.816394746886534";"-68.4506127043283"
"Antofagasta";"981-7";"VICUNA MACKENA 2084 LOTE A COMUNA CALAMA";"CALAMA";"-22.463171004631253";"-68.92635682758137"
"Antofagasta";"2001-468";"SITIO 16 SECTOR CERRO NEGRO COMUNA CALAMA";"CALAMA";"-22.467657247576373";"-68.95256851441329"
"Antofagasta";"5010-1";"A 3.5 KM AL NORESTE DE CALAMA EN EL SECTOR PUERTO SECO COMUNA CALAMA";"CALAMA";"-22.444227066356625";"-68.87013341047592"
"Antofagasta";"NO ENROLADO";"AL ESTE DE LA CIUDAD DE CALAMA COMUNA CALAMA";"CALAMA";"-22.49856568525926";"-68.90434577988572"
"Antofagasta";"5314-13";"MANZANA 11 SITIO 13 EXTENSION PUERTO SECO COMUNA CALAMA";"CALAMA";"-22.443503007147875";"-68.88108005623576"
"Antofagasta";"981-28";"VICUNA MACKENNA 2080 LOTE B COMUNA CALAMA";"CALAMA";"-22.463169971540783";"-68.92630420647394"
"Antofagasta";"3801-32";"ACCESO SUR DE CALAMA COMUNA CALAMA";"CALAMA";"-22.525894857047895";"-68.93205753003353"
"Antofagasta";"3801-18";"ACCESO SUR DE CALAMA LOTE B COMUNA CALAMA";"CALAMA";"-22.502449773876968";"-68.92148573605733"
"Antofagasta";"17000-6";"LOTE C 11 KM AL ESTE DE LA CIUDAD DE CALAMA COMUNA CALAMA";"CALAMA";"-22.526841235605886";"-68.81689474191435"
"Antofagasta";"NO ENROLADO";"CALLE INDEPENDENCIA ENTRE EJERCITO Y BRASIL LOTE A POBLACION INDEPENDENCIA COMUNA CALAMA";"CALAMA";"-22.44267311287178";"-68.92891315335983"
"Antofagasta";"3302-1";"ESMERALDA PUEBLO CHIU CHIU COMUNA CALAMA";"CALAMA";"-22.34253541731602";"-68.65007936590779"
"Antofagasta";"5010-2";"SECTOR PUERTO SECO KILOMETRO 3 DE RUTA 21 COMUNA CALAMA";"CALAMA";"-22.450893088012077";"-68.86904997935403"
"Antofagasta";"5303-3";"LOTE 10 MANZANA C-1 PUERTO SECO COMUNA CALAMA";"CALAMA";"-22.4374773202736";"-68.90343519897037"
"Antofagasta";"5311-4";"SITIO 4 MANZANA K AMPLIACION PUERTO SECO COMUNA CALAMA";"CALAMA";"-22.437996932349687";"-68.89855380902961"
"Antofagasta";"5303-14";"SITIO 11 B MANZANA C 1 PUERTO SECO COMUNA CALAMA";"CALAMA";"-22.436967911618073";"-68.9039847663116"
"Antofagasta";"6340-3";"LOCALIDAD DE BAQUEDANO COMUNA SIERRA GORDA";"SIERRA GORDA";"-23.33036109272266";"-69.8440138745033"
"Antofagasta";"17000-21";"A 16 KM AL SURESTE DE CALAMA LOTE B COMUNA CALAMA";"CALAMA";"-22.48522171864704";"-68.7854361007922"
"Antofagasta";"5006-13";"SITIO 13 MANZANA 3 CAMINO A CHIU CHIU COMUNA CALAMA";"CALAMA";"-22.44185713768221";"-68.8834528506533"
"Antofagasta";"17000-44";"A APROX. 31 KM AL SUR ESTE DE LA CIUDAD DE CALAMA COMUNA CALAMA";"CALAMA";"-22.604534691616674";"-68.64181122310941"
"Antofagasta";"17000-13";"A 17 KM AL SURESTE DE CALAMA COMUNA CALAMA";"CALAMA";"-22.5341384406867";"-68.77139039817864"
"Antofagasta";"8004-28";"ACCESO SUR DEL SECTOR BARRIO INDUSTRIAL COMUNA CALAMA";"CALAMA";"-22.49725241014283";"-68.92485544820646"
"Antofagasta";"8004-38";"ACCESO SUR DE CALAMA COMUNA CALAMA";"CALAMA";"-22.49684613174876";"-68.92459100394356"
"Antofagasta";"740-6";"ALONSO DE ERCILLA 3112 LOTE 7 COMUNA CALAMA";"CALAMA";"-22.451020293960188";"-68.94195702825009"
"Antofagasta";"5315-15";"BARRIO INDUSTRIAL PUERTO SECO LOTE 15 MANZANA E-2 COMUNA CALAMA";"CALAMA";"-22.43633168263342";"-68.89903125862516"
"Antofagasta";"3325-27";"CAMPOS DE PASTOREO DE CUPO COMUNA CALAMA";"CALAMA";"-22.102166273193873";"-68.34502715952102"
"Antofagasta";"NO ENROLADO";"A 10 KM DEL RIO LOA COMUNA CALAMA";"CALAMA";"-21.348456127723324";"-68.5992648886336"
"Antofagasta";"5303-5";"GILBERTO GOMEZ CONTARDO SIN NUMERO LOTE 12 MANZANA C-1 PUERTO SECO COMUNA CALAMA";"CALAMA";"-22.43671193610294";"-68.90425569772361"
"Antofagasta";"6070-38";"MANZANA 6 B LOTE 2 SECTOR TOPATER COMUNA CALAMA";"CALAMA";"-22.489493968748107";"-68.91495486640888"
"Antofagasta";"5301-11";"GILBERTO GOMEZ CONTARDO SIN NUMERO SECTOR PUERTO SECO MANZANA A-1 LOTE 20 COMUNA CALAMA";"CALAMA";"-22.43311977389676";"-68.90818143440525"
"Antofagasta";"400-1";"GUATEMALA POBLACION INDEPENDENCIA COMUNA CALAMA";"CALAMA";"-22.441956022249332";"-68.93313999385751"
"Antofagasta";"3451-34";"A APROX 70 KM AL NORESTE DE LA CIUDAD DE CALAMA COMUNA CALAMA";"CALAMA";"-21.934857933188933";"-68.50995909077051"
"Antofagasta";"5305-7";"LOTE 6 MANZANA E-1 PUERTO SECO COMUNA CALAMA";"CALAMA";"-22.43539030316524";"-68.90005436251026"
"Antofagasta";"5301-7";"LOTE 16 MANAZANA A 1 SECTOR PUERTO SECO COMUNA CALAMA";"CALAMA";"-22.434372767616097";"-68.90680794211484"
"Antofagasta";"5303-1";"LOTE 8 MANZANA C-1 PUERTO SECO COMUNA CALAMA";"CALAMA";"-22.438023503498112";"-68.90280730585954"
"Antofagasta";"5305-10";"LOTE 3 MANZANA E-1 PUERTO SECO COMUNA CALAMA";"CALAMA";"-22.434524104248027";"-68.90026324802714"
"Antofagasta";"5315-3";"LOTE 9 MANZANA E-2 SECTOR PUERTO SECO COMUNA CALAMA";"CALAMA";"-22.43651033104659";"-68.8983988520704"
"Antofagasta";"5006-10";"LOTE 10 MANZANA 3 YALQUINCHA PUERTO SECO COMUNA CALAMA";"CALAMA";"-22.44039792552624";"-68.8816492783212"
"Antofagasta";"5305-11";"LOTE 2 MANZANA E-1 PUERTO SECO BARRIO INDUSTRIAL COMUNA CALAMA";"CALAMA";"-22.434235880574292";"-68.90033438259019"
"Antofagasta";"5317-6";"LOTE 4 MANZANA A-2 SECTOR PUERTO SECO COMUNA CALAMA";"CALAMA";"-22.433336719127905";"-68.90544381797909"
"Antofagasta";"5303-9";"LOTE 5 MANZANA C 1 SECTOR PUERTO SECO COMUNA CALAMA";"CALAMA";"-22.43734517382108";"-68.90288490155085"
"Antofagasta";"477-36";"INDEPENDECIA 2670 POBLACION RENE SCHNEIDER COMUNA CALAMA";"CALAMA";"-22.441883716599435";"-68.9335151296732"
"Antofagasta";"15001-2";"A 61 KM APROX AL NORESTE DE LA CIUDAD DE CALAMA COMUNA CALAMA";"CALAMA";"-22.35013897488381";"-68.34194889867895"
"Antofagasta";"17000-8";"LOTE E A 11 KM AL ESTE DE LA CIUDAD DE CALAMA COMUNA CALAMA";"CALAMA";"-22.527332194880785";"-68.78853327788843"
"Antofagasta";"17000-7";"LOTE D 11 KM AL ESTE DE LA CIUDAD DE CALAMA COMUNA CALAMA";"CALAMA";"-22.534084024718318";"-68.81563369231358"
"Antofagasta";"5303-10";"LUIS CALLEJAS ROJAS SIN NUMERO LOTE 4 MANZANA C-1 SECTOR PUERTO SECO COMUNA CALAMA";"CALAMA";"-22.43696204094411";"-68.90329719172006"
"Antofagasta";"5301-14";"LUIS CALLEJAS ROJAS SIN NUMERO SECTOR PUERTO SECO MANZANA A-1 SITIO 7 COMUNA CALAMA";"CALAMA";"-22.434949655013565";"-68.90549082874223"
"Antofagasta";"5331-7";"MANZANA 10 SITIO 7 EXTENSION PUERTO SECO COMUNA CALAMA";"CALAMA";"-22.444038030393703";"-68.87798013578617"
"Antofagasta";"5318-6";"MANUEL VILLEGAS MALDONADO SIN NUMERO SITIO 8 MANZANA C 2 SECTOR PUERTO SECO COMUNA CALAMA";"CALAMA";"-22.435543302539884";"-68.90317762151602"
"Antofagasta";"5329-2";"MANZANA 13 SITIO 2 EXTENSION PUERTO SECO COMUNA CALAMA";"CALAMA";"-22.443742949524285";"-68.88693268900552"
"Antofagasta";"5305-5";"LOTE 9 MANZANA E-1 SECTOR PUERTO SECO COMUNA CALAMA";"CALAMA";"-22.435967641945254";"-68.89991412608356"
"Antofagasta";"6079-8";"SITIO 8 MANZANA H EL VERGEL COMUNA CALAMA";"CALAMA";"-22.48385605330356";"-68.91779780873719"
"Antofagasta";"5303-2";"GILBERTO GOMEZ CONTARDO SIN NUMERO LOTE 9 MANZANA C-1 SECTOR PUERTO SECO COMUNA CALAMA";"CALAMA";"-22.437728690177735";"-68.90316287388909"
"Antofagasta";"2004-4";"BALMACEDA 370 CALLEJON VECINAL COMUNA CALAMA";"CALAMA";"-22.48106055217356";"-68.92408365878497"
"Antofagasta";"5305-23";"LOTE 23 MANZANA E-1 PUERTO SECO COMUNA CALAMA";"CALAMA";"-22.434039935650965";"-68.90101552183164"
"Antofagasta";"5305-4";"LOTE 10 MANZANA E-1 PUERTO SECO COMUNA CALAMA";"CALAMA";"-22.436256890594365";"-68.89984449983325"
"Antofagasta";"5315-11";"LOTE 1 MANZANA E-2 PUERTO SECO COMUNA CALAMA";"CALAMA";"-22.43411723661305";"-68.89900651572613"
"Antofagasta";"17000-25";"LOTE B A 16 KM AL SURESTE DE CALAMA COMUNA CALAMA";"CALAMA";"-22.468418826380514";"-68.75797508984574"
"Antofagasta";"5330-1";"MANZANA 7 SITIO 1 EXTENSION PUERTO SECO COMUNA CALAMA";"CALAMA";"-22.443880727913157";"-68.87718150884639"
"Antofagasta";"5330-9";"MANZANA 7 SITIO 9 EXTENSION PUERTO SECO COMUNA CALAMA";"CALAMA";"-22.444653439885577";"-68.87641116149126"
"Antofagasta";"5315-19";"MANZANA E-2 LOTE 19 PUERTO SECO COMUNA CALAMA";"CALAMA";"-22.43514295487884";"-68.89931817331829"
"Antofagasta";"5314-12";"MANZANA 11 SITO 12 EXTENSION PUERTO SECO COMUNA CALAMA";"CALAMA";"-22.44339287815954";"-68.88050910945324"
"Antofagasta";"5315-16";"SITIO 16 MANZANA E-2 SECTOR PUERTO SECO COMUNA CALAMA";"CALAMA";"-22.436033735776167";"-68.89910356847273"
"Antofagasta";"5006-14";"SITIO 14 MANZANA 3 SECTOR YALQUINCHA COMUNA CALAMA";"CALAMA";"-22.441956417250967";"-68.8839627915943"
"Antofagasta";"5006-12";"SITIO 12 MANZANA 3 PUERTO SECO COMUNA CALAMA";"CALAMA";"-22.44175907563322";"-68.88294603716224"
"Antofagasta";"5305-24";"LOTE 24 MANZANA E-1 SECTOR PUERTO SECO COMUNA CALAMA";"CALAMA";"-22.433774292896878";"-68.90112460716497"
"Antofagasta";"2001-431";"SITIO 25 CERRO NEGRO COMUNA CALAMA";"CALAMA";"-22.472470771936916";"-68.95152178103204"
"Antofagasta";"3309-3";"APROX. A 42 KM. AL NORESTE DE LA CIUDAD DE CALAMA COMUNA CALAMA";"CALAMA";"-22.25753997986145";"-68.53318191525764"
"Antofagasta";"8100-21";"CAMINO A CHUQUICAMATA COMUNA CALAMA";"CALAMA";"-22.33253025400051";"-68.93382350745962"
"Antofagasta";"3309-1";"AREA A1 EMBALSE CONCHI COMUNA CALAMA";"CALAMA";"-22.09747847554319";"-68.58713205095198"
"Antofagasta";"12000-1";"AREA B1 A 16,5 KM AL OESTE DE CALAMA COMUNA CALAMA";"CALAMA";"-22.493533631841323";"-69.08452947733575"
"Antofagasta";"5309-3";"SITIO 3 MANZANA I PUERTO SECO COMUNA CALAMA";"CALAMA";"-22.436892958869254";"-68.89328640856375"
"Antofagasta";"3451-33";"COSTADO ESTE DE RUTA 21 KILOMETROS 100 COMUNA CALAMA";"CALAMA";"-21.809596515344037";"-68.44598688479431"
"Antofagasta";"5302-11";"AMPLIACION PUERTO SECO MANZANA B LOTE 11 COMUNA CALAMA";"CALAMA";"-22.437521683820464";"-68.90458688722111"
"Antofagasta";"5311-12";"SITIO 12 MANZANA K PUERTO SECO COMUNA CALAMA";"CALAMA";"-22.4389924765056";"-68.89950180903257"
"Antofagasta";"5311-7";"SECTOR PUERTO SECO MANZANA K SITIO 7 COMUNA CALAMA";"CALAMA";"-22.439406254314083";"-68.89768539206297"
"Antofagasta";"740-5";"CALLE ALONSO DE ERCILLA 3162 LOTE 6 COMUNA CALAMA";"CALAMA";"-22.45101576663891";"-68.94235533897943"
"Antofagasta";"1240-42";"SITIO 9 AVENIDA TENIENTE MERINO VILLA LOS SALARES POBLACION EDUARDO FREI COMUNA CALAMA";"CALAMA";"-22.446023143200446";"-68.90293837067564"
"Antofagasta";"5325-2";"MANZANA 5 SITIO 2 EXTENSION PUERTO SECO COMUNA CALAMA";"CALAMA";"-22.439590116519938";"-68.87746827247588"
"Antofagasta";"16000-27";"A APROX 7,6 KM AL SUR DE LA CIUDAD DE CALAMA COMUNA CALAMA";"CALAMA";"-22.550779410999873";"-68.9144421077343"
"Antofagasta";"17000-10";"A 30 KM AL SURESTE DE LA CIUDAD DE CALAMA COMUNA CALAMA";"CALAMA";"-22.55724625141558";"-68.5797639868314"
"Antofagasta";"3801-2";"ACCESO SUR DE CALAMA LOTE A COMUNA CALAMA";"CALAMA";"-22.501737610665657";"-68.92344269353899"
"Antofagasta";"3801-19";"ACCESO SUR DE CALAMA LOTE C COMUNA CALAMA";"CALAMA";"-22.50253662808146";"-68.91941662716029"
"Antofagasta";"3801-16";"ACCESO SUR DE CALAMA LOTE B COMUNA CALAMA";"CALAMA";"-22.504618032029892";"-68.92068608373522"
"Antofagasta";"1138-11";"CALLE LOS CHANARES 1285 SITIO 2 POBLACION LOS PIMIENTOS COMUNA CALAMA";"CALAMA";"-22.456143644218454";"-68.91759200486942"
"Antofagasta";"5305-15";"CALLE TRES SIN NUMERO PUERTO SECO MANZANA E-1 SITIO 15 COMUNA CALAMA";"CALAMA";"-22.43620884765853";"-68.90049111438306"
"Antofagasta";"5305-22";"CALLE TRES SIN NUMERO LOTE 22 MANZANA E-1 PUERTO SECO COMUNA CALAMA";"CALAMA";"-22.434311891054875";"-68.90095073811638"
"Antofagasta";"3320-244";"CAMPO DE PASTOREO COMUNA CALAMA";"CALAMA";"-22.35400286818354";"-68.23993919663657"
"Antofagasta";"5305-21";"CALLE TRES SIN NUMERO LOTE 21 MANZANA E-1 PUERTO SECO COMUNA CALAMA";"CALAMA";"-22.43458295554869";"-68.90088347895275"
"Antofagasta";"5319-5";"JUAN NICOLAS ZALDIVAR SIN NUMERO SITIO 5 MANZANA C-3 SECTOR PUERTO SECO COMUNA CALAMA";"CALAMA";"-22.435924460718734";"-68.9016231735771"
"Antofagasta";"NO ENROLADO";"LOS ALERCES 1737 MANZANA C SITIO 7 COMUNA CALAMA";"CALAMA";"-22.463957107995796";"-68.92031515452769"
"Antofagasta";"5311-2";"LOTE 2 MANZANA K AMPLIACION PUERTO SECO COMUNA CALAMA";"CALAMA";"-22.43820666759186";"-68.89956196669137"
"Antofagasta";"17000-4";"LOTE A SIN NUMERO CAMINO A SAN PEDRO DE ATACAMA COMUNA CALAMA";"CALAMA";"-22.485174594713424";"-68.82173524804126"
"Antofagasta";"6070-10";"MANZANA 4 C LOTE 2 SECTOR TOPATER COMUNA CALAMA";"CALAMA";"-22.48391991824036";"-68.90927692320437"
"Antofagasta";"6070-37";"MANZANA 6 B LOTE 1 SECTOR TOPATER COMUNA CALAMA";"CALAMA";"-22.488150068224627";"-68.91398287607217"
"Antofagasta";"5328-5";"MANZANA 12 SITIO 5 EXTENSION PUERTO SECO COMUNA CALAMA";"CALAMA";"-22.44299882826756";"-68.88359452728182"
"Antofagasta";"5004-5";"MANZANA 1 SITIO 5-B COMUNA CALAMA";"CALAMA";"-22.442389409539096";"-68.89359683458794"
"Antofagasta";"5301-16";"LUIS CALLEJAS ROJAS SIN NUMERO SITIO 5 MANZANA A-1 SECTOR AMPLIACION PUERTO SECO COMUNA CALAM";"CALAMA";"-22.434302704130587";"-68.90619289697939"
"Antofagasta";"5303-7";"LUIS CALLEJAS ROJAS SIN NUMERO LOTE 7 MANZANA C 1 SECTOR PUERTO SECO COMUNA CALAMA";"CALAMA";"-22.437928327848795";"-68.90220894742247"
"Antofagasta";"5317-9";"LUIS CALLEJA ROJAS SIN NUMERO SECTOR PUERTO SECO MANZANA A-2 LOTE 1 COMUNA CALAMA";"CALAMA";"-22.432833358655895";"-68.90688784009498"
"Antofagasta";"5305-18";"SITIO 18 MANZANA E-1 SECTOR AMPLIACION PUERTO SECO COMUNA CALAMA";"CALAMA";"-22.435396676376037";"-68.90068726839766"
"Antofagasta";"6078-2";"SITIO 2 MANZANA G EL VERGEL COMUNA CALAMA";"CALAMA";"-22.483519570750584";"-68.91686550080695"
"Antofagasta";"6080-4";"SITIO 4 MANZANA I EL VERGEL COMUNA CALAMA";"CALAMA";"-22.48336781847138";"-68.91752897379648"
"Antofagasta";"6080-7";"SITIO 7 MANZANA I EL VERGEL COMUNA CALAMA";"CALAMA";"-22.48346726267492";"-68.91777940181649"
"Antofagasta";"2007-139";"SITIO 4 MANZANA I SECTOR CERRO NEGRO COMUNA CALAMA";"CALAMA";"-22.456860974769125";"-68.95351350566612"
"Antofagasta";"NO ENROLADO";"TRANQUE DE CONCHI LOTE A COMUNA CALAMA";"CALAMA";"-22.00598277459246";"-68.61184586713094"
"Antofagasta";"17000-11";"A 25 KM AL SURESTE DE CALAMA COMUNA CALAMA";"CALAMA";"-22.57700410918267";"-68.69460900531556"
"Antofagasta";"740-2";"CALLE ALONSO DE ERCILLA 3208 LOTE 3 COMUNA CALAMA";"CALAMA";"-22.45106147468317";"-68.94357301105015"
"Antofagasta";"6074-6";"SITIO 6 MANZANA C EL VERGEL COMUNA CALAMA";"CALAMA";"-22.482310671562786";"-68.91499706866878"
"Antofagasta";"6080-1";"SITIO 1 MANZANA I EL VERGEL COMUNA CALAMA";"CALAMA";"-22.48326446800153";"-68.91729407839598"
"Antofagasta";"740-7";"CALLE ALONSO DE ERCILLA 3326 LOTE 1 COMUNA CALAMA";"CALAMA";"-22.45119801848731";"-68.94453722501288"
"Antofagasta";"5304-1";"LOTE 1-A MANZANA D AMPLIACION PUERTO SECO COMUNA CALAMA";"CALAMA";"-22.439297666586473";"-68.90460969093382"
"Antofagasta";"2004-372";"SECTOR TOPATER SUR LA CUADRILLA COMUNA CALAMA";"CALAMA";"-22.480936999239926";"-68.92559925410076"
"Antofagasta";"16000-31";"A APROX 9 KM AL SURESTE DE LA CIUDAD DE CALAMA COMUNA CALAMA";"CALAMA";"-22.567692761600437";"-68.94952380985768"
"Antofagasta";"5314-8";"MANZANA 11 SITIO 8 EXTENSION PUERTO SECO COMUNA CALAMA";"CALAMA";"-22.442941681695338";"-68.87822773926395"
"Antofagasta";"5301-2";"SECTOR PUERTO SECO MANZANA A-1 SITIO 11 COMUNA CALAMA";"CALAMA";"-22.435801849053846";"-68.90525673174844"
"Antofagasta";"18000-7";"A 41,33 KMS AL SURESTE DE LA CIUDAD DE CALAMA COMUNA CALAMA";"CALAMA";"-22.632314284379074";"-68.5715551087224"
"Antofagasta";"6075-4";"SITIO 4 MANZANA D EL VERGEL COMUNA CALAMA";"CALAMA";"-22.48279870004138";"-68.91571938801684"
"Antofagasta";"5324-3";"MANZANA 4 SITIO 3 EXTENSION PUERTO SECO COMUNA CALAMA";"CALAMA";"-22.43987176879429";"-68.87891550660528"
"Antofagasta";"5324-2";"MANZANA 4 SITIO 2 EXTENSION PUERTO SECO COMUNA CALAMA";"CALAMA";"-22.439981170276546";"-68.87947122841449"
"Antofagasta";"5001-11";"CAMINO A CHIU-CHIU RUTA 21 PUERTO SECO SITIO 36 LOTE 2 COMUNA CALAMA";"CALAMA";"-22.441215636623678";"-68.8960124297713"
"Antofagasta";"5315-2";"BARRIO INDUSTRIAL PUERTO SECO MANZANA E-2 LOTE 10 COMUNA CALAMA";"CALAMA";"-22.436807603593643";"-68.89832750607201"
"Antofagasta";"3313-4";"APROXIMADAMENTE A 11,90 KILOMETROS AL NORTE DE ESTACION CONCHI LUGAR QUINCHAMALE SECTOR CERRO";"CALAMA";"-21.925206830121702";"-68.64110724117879"
"Antofagasta";"5305-8";"LOTE 5 MANZANA E-1 PUERTO SECO COMUNA CALAMA";"CALAMA";"-22.43510255181934";"-68.90012330418567"
"Antofagasta";"740-4";"ALONSO DE ERCILLA 3202 LOTE 4 POBLACION NUEVA ALEMANIA COMUNA CALAMA";"CALAMA";"-22.45103906225815";"-68.94321944697167"
"Antofagasta";"17000-24";"LOTE A A 16 KM AL SURESTE DE CALAMA COMUNA CALAMA";"CALAMA";"-22.47094156208155";"-68.78897926940697"
"Antofagasta";"6400-4";"LOCALIDAD DE MICHILLA SIN NUMERO COMUNA MEJILLONES";"MEJILLONES";"-22.709074116569557";"-70.28022027327516"
"Antofagasta";"2001-75";"SITIO 15 SECTOR CERRO NEGRO COMUNA CALAMA";"CALAMA";"-22.46758065163821";"-68.95165812814076"
"Antofagasta";"5316-2";"MANUEL VILLEGAS MALDONADO SIN NUMERO SITIO 2 MANZANA A-3 PUERTO SECO COMUNA CALAMA";"CALAMA";"-22.43492871154611";"-68.90389907352001"
"Antofagasta";"5317-2";"SECTOR PUERTO SECO MANZANA A-2 LOTE 8 COMUNA CALAMA";"CALAMA";"-22.433643338701245";"-68.9030250553226"
"Antofagasta";"5319-4";"MARTIN VEGA PIZARRO SIN NUMERO LOTE 6 MANZANA C-3 PUERTO SECO COMUNA CALAMA";"CALAMA";"-22.43636558471865";"-68.90151933669314"
"Antofagasta";"5319-8";"JUAN NICOLAS ZALDIVAR SIN NUMERO SITIO 2 MANZANA C-3 SECTOR AMPLIACION PUERTO SECO COMUNA CAL";"CALAMA";"-22.43460152003115";"-68.90193304025989"
"Antofagasta";"17000-22";"A 16 KM AL SURESTE DE CALAMA LOTE A COMUNA CALAMA";"CALAMA";"-22.480601106007086";"-68.75875459356706"
"Antofagasta";"5001-8";"LOTE 39 SECTOR PUERTO SECO COMUNA CALAMA";"CALAMA";"-22.440937068873403";"-68.89459111511609"
"Antofagasta";"5305-20";"LOTE 20 MANZANA E-1 PUERTO SECO COMUNA CALAMA";"CALAMA";"-22.434854132190175";"-68.9008189492488"
"Antofagasta";"5301-1";"SECTOR PUERTO SECO MANZANA A-1 LOTE 10 COMUNA CALAMA";"CALAMA";"-22.436047809362297";"-68.90498054421094"
"Antofagasta";"5319-2";"LOTE 8 MANZANA C-3 SECTOR AMPLIACION PUERTO SECO COMUNA CALAMA";"CALAMA";"-22.437247252345482";"-68.90131269960399"
"Antofagasta";"5318-4";"CALLE LUIS CALLEJAS ROJAS SITIO 7 MANZANA C 2 SECTOR PUERTO SECO COMUNA CALAMA";"CALAMA";"-22.435722527162635";"-68.90367580471904"
"Antofagasta";"5333-1";"MANZANA 9 SITIO 1 EXTENSION PUERTO SECO COMUNA CALAMA";"CALAMA";"-22.44596244876146";"-68.87825672946445"
"Antofagasta";"920-15";"AVENIDA GRANADEROS LOTE A COMUNA CALAMA";"CALAMA";"-22.456929625102244";"-68.92961583787027"
"Antofagasta";"5311-9";"AMPLIACION PUERTO SECO MANZANA K SITIO 9 COMUNA CALAMA";"CALAMA";"-22.439618170658534";"-68.89869046296091"
"Antofagasta";"5311-8";"AVENIDA LAS INDUSTRIAS MANZANA K SITIO 8 COMUNA CALAMA";"CALAMA";"-22.43951266156864";"-68.89818993617531"
"Antofagasta";"1132-38";"CALLE LOS ALGARROBOS 1174 POBLACION LOS PIMIENTOS COMUNA CALAMA";"CALAMA";"-22.454698969703532";"-68.91609017681152"
"Antofagasta";"12000-14";"A APROX 24 KM AL SUROESTE DE LA CIUDAD DE CALAMA COMUNA CALAMA";"CALAMA";"-22.557545834226094";"-69.15469152772758"
"Antofagasta";"3453-4";"AL SUR DE LA ESTACION CONCHI COMUNA CALAMA";"CALAMA";"-22.052120726788157";"-68.64659359208598"
"Antofagasta";"5315-10";"CALLE CINCO SIN NOMBRE PUERTO SECO MANZANA E-2 LOTE 2 COMUNA CALAMA";"CALAMA";"-22.43442627392953";"-68.89890078642982"
"Antofagasta";"5318-7";"SITIO 2 A MANZANA C 2 PUERTO SECO COMUNA CALAMA";"CALAMA";"-22.435319124798546";"-68.90267940444612"
"Antofagasta";"5301-17";"LOTE 4 MANZANA A-1 SECTOR PUERTO SECO COMUNA CALAMA";"CALAMA";"-22.433995747150842";"-68.90652755221629"
"Antofagasta";"5305-1";"MANZANA E-1 SITIO 8 AMPLIACION PUERTO SECO COMUNA CALAMA";"CALAMA";"-22.43732832503191";"-68.89991607127097"
"Antofagasta";"5316-1";"LOTE 3 MANZANA A-3 SECTOR PUERTO SECO COMUNA CALAMA";"CALAMA";"-22.434539696376074";"-68.90346984494259"
"Antofagasta";"25004-3";"SECTOR QUINTAS KM 13 SITIO 99 COMUNA ANTOFAGASTA";"ANTOFAGASTA";"-23.627856737412685";"-70.28683410433035"
"Antofagasta";"5315-17";"SITIO 17 MANZANA E-2 SECTOR PUERTO SECO COMUNA CALAMA";"CALAMA";"-22.435735791126792";"-68.89917524714414"
"Antofagasta";"5315-20";"LOTE 20 MANZANA E-2 PUERTO SECO COMUNA CALAMA";"CALAMA";"-22.434845159859602";"-68.89938979389785"
"Antofagasta";"1240-43";"SITIO 10 AVENIDA TENIENTE MERINO 3551 COMUNA DE CALAMA";"CALAMA";"-22.444952040706525";"-68.90209155020897"
"Antofagasta";"3451-32";"A APROX 67 KM AL NORESTE DE LA CIUDAD DE CALAMA COMUNA CALAMA";"CALAMA";"-21.948058117382736";"-68.52772123102164"
"Antofagasta";"5301-10";"GILBERTO GOMEZ CONTARDO SIN NUMERO LOTE 19 MANZANA A-1 SECTOR AMPLIACION PUERTO SECO COMUNA C";"CALAMA";"-22.433424817139553";"-68.90784505798815"
"Antofagasta";"1240-1";"CHORRILLOS 641 COMUNA CALAMA";"CALAMA";"-22.452326248137222";"-68.90643223978347"
"Antofagasta";"6073-7";"SITIO 7 MANZANA B EL VERGEL COMUNA CALAMA";"CALAMA";"-22.481021751281435";"-68.91431001609928"
"Antofagasta";"5303-4";"GILBERTO GOMEZ CONTARDO SIN NUMERO SITIO 11-A MANZANA C-1 PUERTO SECO COMUNA CALAMA";"CALAMA";"-22.437218591917162";"-68.90371075110257"
"Antofagasta";"930-4";"GRANADEROS 720 MANZANA 930 SITIO 4 COMUNA CALAMA";"CALAMA";"-22.45939311402017";"-68.92818106984555"
"Antofagasta";"5315-21";"MANZANA E-2 LOTE 21 SECTOR PUERTO SECO COMUNA CALAMA";"CALAMA";"-22.434545849248007";"-68.89946121516661"
"Antofagasta";"5315-13";"BARRIO INDUSTRIAL SECTOR PUERTO SECO MANZANA E-2 LOTE 13 COMUNA CALAMA";"CALAMA";"-22.436927007909418";"-68.89888757816773"
"Antofagasta";"5305-9";"LOTE 4 MANZANA E-1 PUERTO SECO COMUNA CALAMA";"CALAMA";"-22.43481329679971";"-68.90019427895702"
"Antofagasta";"15000-26";"PAMPA MOCTEZUMA LOTE B A 12 KM AL SURESTE DE LA CIUDAD DE CALAMA COMUNA CALAMA";"CALAMA";"-22.573348303433036";"-68.87400009544581"
"Antofagasta";"5319-1";"MARTIN VEGA PIZARRO SIN NUMERO SITIO 9 MANZANA C-3 PUERTO SECO COMUNA CALAMA";"CALAMA";"-22.437686331828875";"-68.90120821385047"
"Antofagasta";"5317-5";"ALBERTO TERRAZAS VIRREYRA SIN NUMERO SECTOR PUERTO SECO MANZANA A-2 LOTE 5 COMUNA CALAMA";"CALAMA";"-22.43336880871188";"-68.90491737753639"
"Antofagasta";"5311-6";"SITIO 6 MANZANA K AMPLIACION PUERTO SECO COMUNA CALAMA";"CALAMA";"-22.43872749531985";"-68.89824138143642"
"Antofagasta";"5314-5";"MANZANA 11 SITIO 5 EXTENSION PUERTO SECO COMUNA CALAMA";"CALAMA";"-22.44228544991131";"-68.87956757136628"
"Antofagasta";"5315-14";"LOTE 14 MANZANA E-2 SECTOR PUERTO SECO COMUNA CALAMA";"CALAMA";"-22.436629334181156";"-68.89895934421138"
"Antofagasta";"5305-13";"CALLE TRES SIN NUMERO LOTE 13 MANZANA E-1 PUERTO SECO COMUNA CALAMA";"CALAMA";"-22.436861946334208";"-68.90033258407658"
"Antofagasta";"2009-124";"SECTOR CHUNCHURI SITIO 32 COMUNA CALAMA";"CALAMA";"-22.483591697849093";"-68.9651988986068"
"Antofagasta";"5305-19";"CALLE TRES SIN NUMERO MANZANA E-1 LOTE 19 BARRIO INDUSTRIAL PUERTO SECO COMUNA CALAMA";"CALAMA";"-22.435125430113764";"-68.90075198546813"
"Antofagasta";"2004-371";"SECTOR LA BANDA COMUNA CALAMA";"CALAMA";"-22.481793332265568";"-68.9265258158952"
"Antofagasta";"301-504";"LOTE 5 MANZANA 3 SECTOR SUR DE MEJILLONES COMUNA MEJILLONES";"MEJILLONES";"-23.109317684974112";"-70.44871072957794"
"Antofagasta";"NO ENROLADO";"TRANQUE DE CONCHI LOTE B COMUNA CALAMA";"CALAMA";"-22.027557887408456";"-68.62367305656608"
"Antofagasta";"12000-15";"A 18 KM AL OESTE DE LA CIUDAD DE CALAMA COMUNA CALAMA";"CALAMA";"-22.486111471799543";"-69.11628965635674"
"Antofagasta";"740-1";"CALLE ALONSO DE ERCILLA 3198 LOTE 5 COMUNA CALAMA";"CALAMA";"-22.451025953504008";"-68.94273782080225"
"Antofagasta";"740-2";"CALLE ALONSO DE ERCILLA 3204 POBLACION ALEMANIA LOTE 2 COMUNA CALAMA";"CALAMA";"-22.451074263843473";"-68.94394165431905"
"Antofagasta";"5315-12";"BARRIO INDUSTRIAL SECTOR PUERTO SECO MANZANA E-2 LOTE 12 COMUNA CALAMA";"CALAMA";"-22.437226429480745";"-68.89881489987107"
"Antofagasta";"5315-18";"BARRIO INDUSTRIAL SECTOR PUERTO SECO MANZANA E-2 LOTE 18 COMUNA CALAMA";"CALAMA";"-22.43543886551678";"-68.89924692441274"
"Antofagasta";"347-4";"SECTOR BARRILES COMUNA TOCOPILLA";"TOCOPILLA";"-22.163539091187157";"-70.09190588127268"
"Antofagasta";"5313-16";"MANZANA L SITIO 16 EXTENSION PUERTO SECO COMUNA CALAMA";"CALAMA";"-22.438350207639782";"-68.88138385781268"
"Antofagasta";"5313-16";"MANZANA L SITIO 17 EXTENSION PUERTO SECO COMUNA CALAMA";"CALAMA";"-22.43846268332247";"-68.881959515605"
"Antofagasta";"17000-12";"A 18,84 KM AL SURESTE DE CALAMA COMUNA CALAMA";"CALAMA";"-22.55290422815207";"-68.75904459428304"
"Antofagasta";"5313-19";"MANZANA L SITIO 18 EXTENSION PUERTO SECO COMUNA CALAMA";"CALAMA";"-22.43857503844305";"-68.88253522624267"
"Antofagasta";"5313-20";"MANZANA L SITIO 19 EXTENSION PUERTO SECO COMUNA CALAMA";"CALAMA";"-22.438687385731452";"-68.88311093807737"
"Antofagasta";"5313-21";"MANZANA L SITIO 20 EXTENSION PUERTO SECO COMUNA CALAMA";"CALAMA";"-22.438799657243152";"-68.8836865756536"
"Antofagasta";"2001-467";"SITIO 10 CERRO NEGRO COMUNA CALAMA";"CALAMA";"-22.464840093186975";"-68.94945585672168"
"Antofagasta";"6080-8";"SITIO 8 MANZANA I EL VERGEL COMUNA CALAMA";"CALAMA";"-22.483498423139203";"-68.91787267587115"
"Antofagasta";"6080-6";"SITIO 6 MANZANA I EL VERGEL COMUNA CALAMA";"CALAMA";"-22.483438589546797";"-68.9176901328548"
"Antofagasta";"3309-4";"A APROX 40 KM NORESTE DE LA CIUDAD DE CALAMA COMUNA CALAMA";"CALAMA";"-22.26001156952131";"-68.56786510514573"
"Antofagasta";"12000-13";"LOTE B SECTOR CERRO NEGRO SIN NUMERO COMUNA CALAMA";"CALAMA";"-22.474742379943947";"-68.9992666647966"
"Antofagasta";"6080-5";"SITIO 1 MANZANA C EL VERGEL COMUNA CALAMA";"CALAMA";"-22.481635767872834";"-68.91427832359523"
"Antofagasta";"5202-1";"CIRCUNVALACION SIN NUMERO RUTA 23 SECCIONAL TOPATER COMUNA CALAMA";"CALAMA";"-22.471483857265756";"-68.90033733027964"
"Antofagasta";"3325-69";"PUEBLO CUPO ESCUELA G-19 COMUNA CALAMA";"CALAMA";"-22.114912972655343";"-68.31687609856039"
"Antofagasta";"5302-19";"AVENIDA COLECTORA 1 SIN NUMERO SITIO 19 MANZANA B AMPLIACION PUERTO SECO COMUNA CALAMA";"CALAMA";"-22.43378035688508";"-68.9087296617334"
"Antofagasta";"5306-1";"SITIO 1-A MANZANA F AMPLIACION PUERTO SECO COMUNA CALAMA";"CALAMA";"-22.4347409802393";"-68.89792402598607"
"Antofagasta";"12000-2";"AREA C1 A 16,5 KM AL OESTE DE CALAMA COMUNA CALAMA";"CALAMA";"-22.504292457787894";"-69.08077842622303"
"Antofagasta";"6904-6 6904-7 6904-1 6904-2 6904-3";"SECTOR CHUG CHUG COMUNA MARIA ELENA COMUNA CALAMA";"CALAMA";"-22.19990626174571";"-69.18447596613983"
"Antofagasta";"17000-5";"LOTE B A 11 KM AL ESTE DE LA CIUDAD DE CALAMA COMUNA CALAMA";"CALAMA";"-22.52182567259209";"-68.80752042035846"
"Antofagasta";"3801-17";"ACCESO SUR DE CALAMA LOTE C COMUNA CALAMA";"CALAMA";"-22.504656019088188";"-68.91849510354484"
"Antofagasta";"NO ENROLADO";"RUTA PUBLICA B-24 COMUNA CALAMA";"CALAMA";"-22.384114286931123";"-68.92663110767353"
"Antofagasta";"5302-1";"SITIO 1 MANZANA B AMPLIACION PUERTO SECO COMUNA CALAMA";"CALAMA";"-22.43423761935738";"-68.90924982994098"
"Antofagasta";"5301-4";"SECTOR PUERTO SECO MANZANA A-1 SITIO 13 COMUNA CALAMA";"CALAMA";"-22.435274258759883";"-68.90582829246682"
"Antofagasta";"5301-15";"CALLE LUIS CALLEJAS ROJAS MANZANA A-1 LOTE 6 SECTOR PUERTO SECO COMUNA CALAMA";"CALAMA";"-22.434641051909015";"-68.90582263491511"
"Antofagasta";"2001-76";"SITIO 7 CERRO NEGRO COMUNA CALAMA";"CALAMA";"-22.465372613558536";"-68.94753237813748"
"Antofagasta";"5301-5";"SITIO 14 MANZANA A 1 SECTOR PUERTO SECO COMUNA CALAMA";"CALAMA";"-22.434967210063995";"-68.90616016801039"
"Antofagasta";"5302-18";"LOTE 18 MANZANA B BARRIO INDUSTRIAL COMUNA CALAMA";"CALAMA";"-22.43425437524336";"-68.90820871119716"
"Antofagasta";"5302-2";"SITIO 2 MANZANA B AMPLIACION PUERTO SECO COMUNA CALAMA";"CALAMA";"-22.434720729653012";"-68.90871199729645"
"Antofagasta";"3455-1";"AL ESTE DE LA LOCALIDAD DE OLLAGUE COMUNA OLLAGUE";"OLLAGUE";"-21.2201713794594";"-68.23796803958338"
"Antofagasta";"3421-14";"PUEBLO DE OLLAGUE SITIO 10 MANZANA G COMUNA OLLAGUE";"OLLAGUE";"-21.222934564622015";"-68.25223175657725"
"Antofagasta";"3413-2";"SITIO 1 MANZANA N PUEBLO DE OLLGUE COMUNA OLLAGUE";"OLLAGUE";"-21.226211694194703";"-68.25348548672338"
"Antofagasta";"4100-68";"RUTA 21 CH KILOMETROS 178000 - KILOMETROS 193000 COMUNA OLLAGUE";"OLLAGUE";"-21.326410927342177";"-68.27866711316996"
"Antofagasta";"3426-1";"LOTE A SIN NUMERO PUEBLO DE OLLAGUE COMUNA OLLAGUE";"OLLAGUE";"-21.225394232898147";"-68.25563062365588"
"Antofagasta";"3419-2";"SITIO 1 MANZANA C COMUNA OLLAGUE";"OLLAGUE";"-21.225095605656016";"-68.25589671796249"
"Antofagasta";"3414-1";"PUEBLO DE OLLAGUE COMUNA OLLAGUE";"OLLAGUE";"-21.22326112655792";"-68.24934139566778"
"Antofagasta";"3429-2";"MANZANA P SITIO 1 PUEBLO OLLAGUE COMUNA OLLAGUE";"OLLAGUE";"-21.224165547453175";"-68.2547763061709"
"Antofagasta";"3419-11";"SITIO 5 MANZANA C PUEBLO DE OLLAGUE COMUNA OLLAGUE";"OLLAGUE";"-21.22435813330255";"-68.25597496007533"
"Antofagasta";"3453-5";"ASCOTAN A 52 KILOMETROS AL SUR DE LA LOCALIDAD DE OLLAGUE COMUNA OLLAGUE";"OLLAGUE";"-21.69558066945829";"-68.25010101299013"
"Antofagasta";"3419-3";"SITIO 2 MANZANA C COMUNA OLLAGUE";"OLLAGUE";"-21.22500838684528";"-68.25572245787711"
"Antofagasta";"NO ENROLADO";"BARRERA FITOSANITARIA INTERNACIONAL COMUNA OLLAGUE";"OLLAGUE";"-21.223418448891053";"-68.25003312492964"
"Antofagasta";"4100-71";"PLANTA DE ALCANTARILLADO DEL POBLADO DE OLLAGUE COMUNA OLLAGUE";"OLLAGUE";"-21.229894611054657";"-68.24867716791674"
"Antofagasta";"4100-65";"A 700 MTS AL SURESTE DE LA LOCALIDAD DE OLLAGUE COMUNA OLLAGUE";"OLLAGUE";"-21.231907581584483";"-68.2515429947854"
"Antofagasta";"3434-1";"PUEBLO DE OLLAGUE SIN NUMERO COMUNA OLLAGUE";"OLLAGUE";"-21.22588401901937";"-68.25132556190752"
"Antofagasta";"590-17";"APROX A 5 KM AL SURESTE DE LA CIUDAD DE MEJILLONES LOTE A COMUNA DE MEJILLONES";"MEJILLONES";"-23.14019823879185";"-70.37908922816375"
"Antofagasta";"3545-387";"SITIO 15 MANZANA I VILLA SOLOR COMUNA SAN PEDRO DE ATACAMA";"SAN PEDRO DE ATACAMA";"-22.939106455339175";"-68.18454360213224"
"Antofagasta";"3443-6";"SITIO 6 MANZANA D POBLACION LICANCABUR COMUNA SAN PEDRO DE ATACAMA";"SAN PEDRO DE ATACAMA";"-22.91498837563631";"-68.19236450898988"
"Antofagasta";"1037-5";"LOTE A CIUDAD DE ANTOFAGASTA COMUNA ANTOFAGASTA";"ANTOFAGASTA";"-23.644816362283006";"-70.38962794642116"
"Antofagasta";"1037-4";"LOTE B CIUDAD DE ANTOFAGASTA COMUNA ANTOFAGASTA";"ANTOFAGASTA";"-23.64499394009249";"-70.389832194979"
"Antofagasta";"3411-10";"SITIO 7 MANZANA L PUEBLO OLLAGUE COMUNA OLLAGUE";"OLLAGUE";"-21.225144426700354";"-68.25152028859627"
"Antofagasta";"3416-5";"PUEBLO DE OLLAGUE SITIO 5 MANZANA J COMUNA OLLAGUE";"OLLAGUE";"-21.224093709498373";"-68.2506940440147"
"Antofagasta";"590-18";"APROX A 5 KM AL SURESTE DE LA CIUDAD DE MEJILLONES LOTE B COMUNA DE MEJILLONES";"MEJILLONES";"-23.14780661174608";"-70.38863795320907"
"Antofagasta";"3419-12";"SITIO 4 MANZANA C PUEBLO DE OLLAGUE COMUNA OLLAGUE";"OLLAGUE";"-21.22459513930989";"-68.25616139213635"
"Antofagasta";"3429-3";"MANZANA P SITIO 2 COMUNA OLLAGUE";"OLLAGUE";"-21.223961340907056";"-68.25463578038782"
"Antofagasta";"3515-139";"LOTE 3 AYLLO DE CONDE DUQUE COMUNA SAN PEDRO DE ATACAMA";"SAN PEDRO DE ATACAMA";"-22.91191202758461";"-68.19623606809292"
"Antofagasta";"3515-166";"AYLLO CONDE DUQUE COMUNA SAN PEDRO DE ATACAMA";"SAN PEDRO DE ATACAMA";"-22.902766653852538";"-68.2032794954361"
"Antofagasta";"4103-18";"SITIO 4 MANZANA C POBLACION ALTO JAMA COMUNA SAN PEDRO DE ATACAMA";"SAN PEDRO DE ATACAMA";"-22.9115366465239";"-68.19459210575118"
"Antofagasta";"4504-5";"MANZANA E SITIO 9 LOTEO VILLA ALTO MIRADOR COMUNA SAN PEDRO DE ATACAMA";"SAN PEDRO DE ATACAMA";"-22.91068120659968";"-68.19251893380931"
"Antofagasta";"3614-1";"SITIO 12 MANZANA L CALLE HUAYTIQUINA S/N LOCALIDAD DE TOCONAO COMUNA DE SAN PEDRO DE ATACAMA";"SAN PEDRO DE ATACAMA";"-23.19168754891767";"-68.00637548981186"
"Antofagasta";"3452-7";"SITIO 7 MANZANA H POBLACION PUNTA DE DIAMANTE LOCALIDAD DE SAN PEDRO DE ATACAMA COMUNA SAN PE";"SAN PEDRO DE ATACAMA";"-22.91512419644512";"-68.195761029235"
"Antofagasta";"3575-34";"COSTADO SUR DE RUTA B-245 KM 30 COMUNA SAN PEDRO DE ATACAMA";"SAN PEDRO DE ATACAMA";"-22.713843687874824";"-68.00478781106442"
"Antofagasta";"4504-14";"MANZANA E SITIO 16 LOTEO VILLA ALTO MIRADOR COMUNA SAN PEDRO DE ATACAMA";"SAN PEDRO DE ATACAMA";"-22.91097999129871";"-68.19238040597514"
"Antofagasta";"10001-1";"RUTA 27-CH SAN PEDRO DE ATACAMA-PASO JAMA COMUNA SAN PEDRO DE ATACAMA";"SAN PEDRO DE ATACAMA";"-22.91339733685953";"-68.19050130501782"
"Antofagasta";"6000-1";"RUTA 27 CH CON RUTA B-241 COMUNA SAN PEDRO DE ATACAMA";"SAN PEDRO DE ATACAMA";"-22.914487201531834";"-68.19121909787773"
"Antofagasta";"4100-2";"CALLE SOCAIRE COMUNA SAN PEDRO DE ATACAMA";"SAN PEDRO DE ATACAMA";"-22.91230244151803";"-68.1949968534618"
"Antofagasta";"3748-17";"CALLE PEDRO LAGOS PUEBLO DE CAMAR COMUNA SAN PEDRO DE ATACAMA";"SAN PEDRO DE ATACAMA";"-23.406811186273323";"-67.96003135209627"
"Antofagasta";"3560-95";"PARTE DEL SITIO 51 EX ESCUELA DE COYO AYLLO DE COYO COMUNA SAN PEDRO DE ATACAMA";"SAN PEDRO DE ATACAMA";"-22.95432931928949";"-68.23312356953262"
"Antofagasta";"4302-6";"SITIO 6 MANZANA C SECTOR ADUANA COMUNA SAN PEDRO DE ATACAMA";"SAN PEDRO DE ATACAMA";"-22.906703846726188";"-68.19302648545187"
"Antofagasta";"4521-2";"SITIO 17 MANZANA R LOTEO VILAMA COMUNA SAN PEDRO DE ATACAMA";"SAN PEDRO DE ATACAMA";"-22.90768438034615";"-68.19047819623941"
"Antofagasta";"10001-13";"LOTE B SECTOR PAMPA LA BOLA COMUNA SAN PEDRO DE ATACAMA";"SAN PEDRO DE ATACAMA";"-22.985639949025764";"-67.74042275442781"
"Antofagasta";"10001-15";"LOTE D SECTOR PAMPA LA BOLA COMUNA SAN PEDRO DE ATACAMA";"SAN PEDRO DE ATACAMA";"-22.990790739834015";"-67.73116001425257"
"Antofagasta";"3540-192";"SITIO D-2 MANZANA D AYLLU DE SEQUITOR COMUNA SAN PEDRO DE ATACAMA";"SAN PEDRO DE ATACAMA";"-22.937958428265926";"-68.21043525980487"
"Antofagasta";"4504-12";"MANZANA E SITIO 18 LOTEO VILLA ALTO MIRADOR COMUNA SAN PEDRO DE ATACAMA";"SAN PEDRO DE ATACAMA";"-22.911273377098734";"-68.193016165541"
"Antofagasta";"3490-2";"PUEBLO DE SAN PEDRO DE ATACAMA COMUNA SAN PEDRO DE ATACAMA";"SAN PEDRO DE ATACAMA";"-22.909828671613568";"-68.19784880057388"
"Antofagasta";"4508-3";"MANZANA L SITIO 3 LOTEO VILLA ALTO MIRADOR COMUNA SAN PEDRO DE ATACAMA";"SAN PEDRO DE ATACAMA";"-22.912409271011217";"-68.19211455131261"
"Antofagasta";"3510-150";"CALLEJON FLORES AYLLO DE QUITOR COMUNA SAN PEDRO DE ATACAMA";"SAN PEDRO DE ATACAMA";"-22.89479631191591";"-68.2132627421419"
"Antofagasta";"3545-402";"COSTADO SUR ESCUELA G-25 COMUNA SAN PEDRO DE ATACAMA";"SAN PEDRO DE ATACAMA";"-22.9460811674139";"-68.18578662487377"
"Antofagasta";"3560-86";"AYLLO DE COYO CAMPO DE PASTOREO YAMALA-BALTINACHE LOTE A COMUNA SAN PEDRO DE ATACAMA";"SAN PEDRO DE ATACAMA";"-22.984039340052462";"-68.22284706889505"
"Antofagasta";"3545-362";"SITIO 2 MANZANA H VILLA SOLOR COMUNA SAN PEDRO DE ATACAMA";"SAN PEDRO DE ATACAMA";"-22.938625290997223";"-68.185444147559"
"Antofagasta";"5000-5";"LOTE A HITO CAJON SIN NUMERO COMUNA SAN PEDRO DE ATACAMA";"SAN PEDRO DE ATACAMA";"-22.914897020383094";"-67.79724882957248"
"Antofagasta";"4525-1";"RUTA 27 POBLACION ALTO MIRADOR EQUIPAMINETO 2 COMUNA SAN PEDRO DE ATACAMA";"SAN PEDRO DE ATACAMA";"-22.912277665215754";"-68.19102495189057"
"Antofagasta";"3545-395";"SITIO 7 MANZANA G AYLLO DE SOLOR COMUNA SAN PEDRO DE ATACAMA";"SAN PEDRO DE ATACAMA";"-22.938156672592836";"-68.18320977226284"
"Antofagasta";"3516-6";"POBLACION CONDE DUQUE MANZANA G SITIO 6 SAN PEDRO DE ATACAMA";"SAN PEDRO DE ATACAMA";"-22.90954111318933";"-68.19589680149457"
"Antofagasta";"3523-3";"AVENIDA DEL INCA LOTE 2 COMUNA SAN PEDRO DE ATACAMA";"SAN PEDRO DE ATACAMA";"-22.909538423090122";"-68.19792811848322"
"Antofagasta";"3545-368";"MANZANA H SITIO 8 AYLLO DE SOLOR COMUNA SAN PEDRO DE ATACAMA";"SAN PEDRO DE ATACAMA";"-22.93959784799437";"-68.18534080754115"
"Antofagasta";"3545-358";"SITIO 10 MANZANA E VILLA SOLOR COMUNA SAN PEDRO DE ATACAMA";"SAN PEDRO DE ATACAMA";"-22.938231105667416";"-68.18610883730692"
"Antofagasta";"3545-389";"MANZANA G SITO 1 AYLLO DE SOLOR COMUNA SAN PEDRO DE ATACAMA";"SAN PEDRO DE ATACAMA";"-22.937194084032196";"-68.18373904439349"
"Antofagasta";"3545-391";"MANZANA G SITIO 3 AYLLO DE SOLOR COMUNA SAN PEDRO DE ATACAMA";"SAN PEDRO DE ATACAMA";"-22.937512696923186";"-68.18356354479552"
"Antofagasta";"3545-363";"SITIO 3 MANZANA H VILLA SOLOR COMUNA SAN PEDRO DE ATACAMA";"SAN PEDRO DE ATACAMA";"-22.938786047904987";"-68.18535659767765"
"Antofagasta";"NO ENROLADO";"LAGUNA LEJIA LOTE B COMUNA SAN PEDRO DE ATACAMA";"SAN PEDRO DE ATACAMA";"-23.506523913732668";"-67.68241974293812"
"Antofagasta";"3451-35";"MANZANA B SITIO 35 POBLACION PUNTA DE DIAMANTE COMUNA SAN PEDRO DE ATACAMA";"SAN PEDRO DE ATACAMA";"-22.915699839494586";"-68.19505486741961"
"Antofagasta";"3545-392";"MANZANA G SITO 4 AYLLO DE SOLOR COMUNA SAN PEDRO DE ATACAMA";"SAN PEDRO DE ATACAMA";"-22.937672524500442";"-68.18347586222104"
"Antofagasta";"3545-320";"MANZANA A SITIO 1 AYLLO DE SOLOR COMUNA SAN PEDRO DE ATACAMA";"SAN PEDRO DE ATACAMA";"-22.937468896343653";"-68.186626089541"
"Antofagasta";"4537-4";"MANZANA K SITIO 4 NORTE POBLACION CONDE DUQUE COMUNA SAN PEDRO DE ATACAMA";"SAN PEDRO DE ATACAMA";"-22.906373910241147";"-68.19433739353643"
"Antofagasta";"3751-238";"EQUIPAMIENTO 6 SITIO 84 MANZANA Ñ LOCALIDAD DE SOCAIRE COMUNA SAN PEDRO DE ATACAMA";"SAN PEDRO DE ATACAMA";"-23.5907113982053";"-67.89128008109594"
"Antofagasta";"3510-145";"CERRO LA CRUZ DE QUITOR COMUNA SAN PEDRO DE ATACAMA";"SAN PEDRO DE ATACAMA";"-22.892680201159436";"-68.21718119616102"
"Antofagasta";"10001-14";"LOTE C SECTOR PAMPA LA BOLA COMUNA SAN PEDRO DE ATACAMA";"SAN PEDRO DE ATACAMA";"-22.990182956643803";"-67.73125570598746"
"Antofagasta";"3463-19";"PUEBLO DE SAN PEDRO DE ATACAMA COMUNA SAN PEDRO DE ATACAMA";"SAN PEDRO DE ATACAMA";"-22.91176726634895";"-68.20000430209494"
"Antofagasta";"3505-68";"SAN PEDRO DE ATACAMA AYLLO DE CATARPE COMUNA SAN PEDRO DE ATACAMA";"SAN PEDRO DE ATACAMA";"-22.855113008911626";"-68.21346688704747"
"Antofagasta";"4504-7";"MANZANA E SITIO 11 LOTEO VILLA ALTO MIRADOR COMUNA SAN PEDRO DE ATACAMA";"SAN PEDRO DE ATACAMA";"-22.910479922743743";"-68.19223650895808"
"Antofagasta";"8950-2";"CERRO TOCOPILLA SUR COMUNA TOCOPILLA";"TOCOPILLA";"-22.10371088631053";"-70.20360092224482"
"Antofagasta";"3510-170";"AYLLO DE QUITOR COMUNA SAN PEDRO DE ATACAMA";"SAN PEDRO DE ATACAMA";"-22.891083892794505";"-68.21708117206238"
"Antofagasta";"10001-2";"LOTE A SECTOR PAMPA LA BOLA COMUNA SAN PEDRO DE ATACAMA";"SAN PEDRO DE ATACAMA";"-22.986034977286543";"-67.7421595852266"
"Antofagasta";"5000-6";"LOTE B SECTOR HITO CAJON COMUNA SAN PEDRO DE ATACAMA";"SAN PEDRO DE ATACAMA";"-22.915347118133763";"-67.79541405384761"
"Antofagasta";"3517-5";"POBLACION CONDE DUQUE SITIO 5 MANZANA C COMUNA SAN PEDRO DE ATACAMA";"SAN PEDRO DE ATACAMA";"-22.90801743378661";"-68.1965855139324"
"Antofagasta";"4508-2";"MANZANA L SITIO 2 LOTEO VILLA ALTO MIRADOR COMUNA SAN PEDRO DE ATACAMA";"SAN PEDRO DE ATACAMA";"-22.912262019377554";"-68.19217983178125"
"Antofagasta";"3451-34";"MANZANA B SITIO 34 COMUNA SAN PEDRO DE ATACAMA";"SAN PEDRO DE ATACAMA";"-22.91562860678307";"-68.19509538374308"
"Antofagasta";"3517-9";"LAS PARINAS 470 MANZANA C SITIO 9 POBLACION CONDE DUQUE COMUNA SAN PEDRO DE ATACAMA";"SAN PEDRO DE ATACAMA";"-22.90802170808788";"-68.19726977048649"
"Antofagasta";"4100-76";"CERRO SAN MARTIN (SALAR DE CARCOTE) COMUNA OLLAGUE";"OLLAGUE";"-21.417905930710504";"-68.3438751277156"
"Antofagasta";"3490-6";"LOTE A PUEBLO SOLOR CAMPOS DE PASTOREO SIN NUMERO COMUNA SAN PEDRO DE ATACAMA";"SAN PEDRO DE ATACAMA";"-23.00716161260356";"-68.20032787129892"
"Antofagasta";"590-19";"APROX A 5 KM AL SURESTE DE LA CIUDAD DE MEJILLONES LOTE C COMUNA DE MEJILLONES";"MEJILLONES";"-23.14526299831794";"-70.39643782103384"
"Antofagasta";"327-27";"AL SURESTE DE LA CIUDAD DE TOCOPILLA COMUNA TOCOPILLA";"TOCOPILLA";"-22.11742651656836";"-70.09143419862315"
"Antofagasta";"3701-591";"PUEBLO DE TOCONAO SIN NUMERO COMUNA SAN PEDRO DE ATACAMA";"SAN PEDRO DE ATACAMA";"-23.190616900419762";"-67.99189657981346"
"Antofagasta";"3760-355";"CALLE LATORRE 143 PUEBLO DE PEINE COMUNA SAN PEDRO DE ATACAMA";"SAN PEDRO DE ATACAMA";"-23.683155615629445";"-68.06549403265963"
"Antofagasta";"NO ENROLADO";"FAJA DE TERRENO FISCAL EN LA LOCALIDAD DE SAN PEDRO DE ATACAMA COMUNA SAN PEDRO DE ATACAMA";"SAN PEDRO DE ATACAMA";"-22.931634595544114";"-68.20677441319215"
"Antofagasta";"4104-7";"SITIO 7 MANZANA D POBLACION ALTO JAMA SECTOR ADUANA COMUNA SAN PEDRO DE ATACAMA";"SAN PEDRO DE ATACAMA";"-22.911248354196083";"-68.19504420461632"
"Antofagasta";"3582-1";"CALLE CANDELARIA CON RUTA B-245 COMUNA SAN PEDRO DE ATACAMA";"SAN PEDRO DE ATACAMA";"-22.90501180893605";"-68.19969154490012"
"Antofagasta";"4306-13";"SITIO 13 MANZANA G SECTOR ADUANA COMUNA SAN PEDRO DE ATACAMA";"SAN PEDRO DE ATACAMA";"-22.909552255711848";"-68.19447287988075"
"Antofagasta";"5000-7";"LOTE C SECTOR HITO CAJON COMUNA SAN PEDRO DE ATACAMA";"SAN PEDRO DE ATACAMA";"-22.916824009510403";"-67.79847558439695"
"Antofagasta";"3510-125";"PUKARA DE QUITOR COMUNA SAN PEDRO DE ATACAMA";"SAN PEDRO DE ATACAMA";"-22.891059464490358";"-68.21526193653087"
"Antofagasta";"4526-1";"PUEBLO DE SAN PEDRO DE ATACAMA COMUNA SAN PEDRO DE ATACAMA";"SAN PEDRO DE ATACAMA";"-22.910504938577038";"-68.19372310753704"
"Antofagasta";"8000-73";"APROX A 550 M AL SURESTE DEL LIMITE DE LA COMUNA DE MARIA ELENA COMUNA DE SIERRA GORDA";"SIERRA GORDA";"-22.74631401805208";"-69.3613150193498"
"Antofagasta";"10001-16";"CAMINO DE ACCESO CUMBRE CERRO CHAJNANTOR A 46 KM AL ESTE DEL PUEBLO DE SAN PEDRO DE ATACAMA C";"SAN PEDRO DE ATACAMA";"-22.986218491974764";"-67.7359449534944"
"Antofagasta";"3490-7";"LOTE B PUEBLO SOLOR CAMPOS DE PASTOREO COMUNA SAN PEDRO DE ATACAMA";"SAN PEDRO DE ATACAMA";"-23.106391269061138";"-68.17156466228315"
"Antofagasta";"6201-33";"A 8 KM AL SURESTE DE MINERA LOMAS BAYAS LOTE C COMUNA SIERRA GORDA";"SIERRA GORDA";"-23.491858089348533";"-69.42011802190139"
"Antofagasta";"NO ENROLADO";"CERRO LIMON VERDE A 29 KM AL SUR DE LA CIUDAD DE CALAMA COMUNA SIERRA GORDA";"SIERRA GORDA";"-22.75250627009892";"-68.99574999696475"
"Antofagasta";"6035-1";"RUTA 25 SIN NUMERO COMUNA SIERRA GORDA";"SIERRA GORDA";"-22.899449852221647";"-69.32638317212793"
"Antofagasta";"6202-1";"SUBESTACION LABERINTO LOTE A SIN NUMERO COMUNA SIERRA GORDA";"SIERRA GORDA";"-23.429723795788348";"-69.43114950541808"
"Antofagasta";"6202-2";"SUBESTACION LABERINTO LOTE B SIN NUMERO COMUNA SIERRA GORDA";"SIERRA GORDA";"-23.42558367790739";"-69.40710295900189"
"Antofagasta";"10000-25";"OASIS RELLENO SANITARIO COMUNA SIERRA GORDA";"SIERRA GORDA";"-23.18599266694851";"-69.58903168268536"
"Antofagasta";"6201-22";"A 8 KM AL SURESTE DE LA MINERA LOMAS BAYAS LOTE A COMUNA SIERRA GORDA";"SIERRA GORDA";"-23.472016576658923";"-69.42044788157608"
"Antofagasta";"6201-32";"A 8 KM AL SURESTE DE MINERA LOMAS BAYAS LOTE B COMUNA SIERRA GORDA";"SIERRA GORDA";"-23.48570686906603";"-69.42010715116376"
"Antofagasta";"6330-2";"A 13 METROS DE CALLE JAIME GUZMAN LOCALIDAD DE BAQUEDANO COMUNA SIERRA GORDA";"SIERRA GORDA";"-23.331877512987788";"-69.84020251586975"
"Antofagasta";"6301-4";"AVENIDA SALVADOR ALLENDE LOCALIDAD BAQUEDANO COMUNA SIERRA GORDA";"SIERRA GORDA";"-23.335761497283865";"-69.8446689906554"
"Antofagasta";"6322-5";"SITIO 4 CENTRO COMERCIAL BAQUEDANO COMUNA SIERRA GORDA";"SIERRA GORDA";"-23.33699904916877";"-69.84846475339806"
"Antofagasta";"6051-1";"A 197 M AL NORESTE DE LA CALLE ARTURO PRAT COMUNA SIERRA GORDA";"SIERRA GORDA";"-22.893157525591537";"-69.3164914876917"
"Antofagasta";"5128-6";"LOCALIDAD DE MICHILLA SIN NUMERO COMUNA MEJILLONES";"MEJILLONES";"-22.71271646602926";"-70.27830910371289"
"Antofagasta";"5128-4";"LOCALIDAD DE MICHILLA SIN NUMERO COMUNA MEJILLONES";"MEJILLONES";"-22.710312233119556";"-70.2783981763056"
"Antofagasta";"8000-68";"RUTA 25 SIN NUMERO LOCALIDAD DE SIERRA GORDA COMUNA SIERRA GORDA";"SIERRA GORDA";"-22.98492084952264";"-69.39045408918807"
"Antofagasta";"6201-28";"A 8 KMS AL SURESTE DE MINERA LOMAS BAYAS LOTE A COMUNA SIERRA GORDA";"SIERRA GORDA";"-23.482483909954887";"-69.40555077635084"
"Antofagasta";"6025-1";"A 43 M AL SURESTE DE CALLE ARTURO PRAT COMUNA SIERRA GORDA";"SIERRA GORDA";"-22.891631517555492";"-69.3178087088311"
"Antofagasta";"6050-3";"PROLONGACION CALLE OHIGGINS 05 LOCALIDAD DE SIERRA GORDA COMUNA SIERRA GORDA";"SIERRA GORDA";"-22.891883871798694";"-69.31720233715579"
"Antofagasta";"6201-24";"A 8 KM AL SURESTE DE LA MINERA LOMAS BAYAS LOTE C COMUNA SIERRA GORDA";"SIERRA GORDA";"-23.47897315826173";"-69.42153319703074"
"Antofagasta";"6037-1";"AL SUROESTE DE AVENIDA OHIGGINS COMUNA SIERRA GORDA";"SIERRA GORDA";"-22.89419000656126";"-69.31786499471077"
"Antofagasta";"8000-60";"AREA D2 SECTOR MINERA EL TESORO COMUNA SIERRA GORDA";"SIERRA GORDA";"-22.88436451372428";"-69.0262076341601"
"Antofagasta";"6330-5";"CALLE JAIME GUZMAN COMUNA SIERRA GORDA";"SIERRA GORDA";"-23.332157004161708";"-69.84107984194623"
"Antofagasta";"6029-1";"AL SURESTE DE LA LOCALIDAD DE SIERRA GORDA COMUNA DE SIERRA GORDA";"SIERRA GORDA";"-22.89302285613133";"-69.31800839910156"
"Antofagasta";"8000-66";"SECTOR PAMPA UNION COMUNA SIERRA GORDA";"SIERRA GORDA";"-23.08906971112798";"-69.36660403498668"
"Antofagasta";"6101-8";"AL NOROESTE DE LA LOCALIDAD DE SIERRA GORDA COMUNA SIERRA GORDA";"SIERRA GORDA";"-23.037332567386873";"-69.00622741523556"
"Antofagasta";"6322-4";"SITIO 3 CENTRO COMERCIAL BAQUEDANO COMUNA SIERRA GORDA";"SIERRA GORDA";"-23.3369187363052";"-69.84831604658243"
"Antofagasta";"6201-30";"A 8 KMS AL SURESTE DE MINERA LOMAS BAYAS LOTE C COMUNA SIERRA GORDA";"SIERRA GORDA";"-23.48275611080453";"-69.40983688220771"
"Antofagasta";"6322-7";"SITIO 6 CENTRO COMERCIAL BAQUEDANO COMUNA SIERRA GORDA";"SIERRA GORDA";"-23.337128175196074";"-69.84870613690242"
"Antofagasta";"6201-25";"A 8KM. AL SURESTE DE MINERA LOMAS BAYAS LOTE A COMUNA SIERRA GORDA";"SIERRA GORDA";"-23.469804937988926";"-69.40986109788128"
"Antofagasta";"6201-31";"A 8 KM AL SURESTE DE MINERA LOMAS BAYAS LOTE A COMUNA SIERRA GORDA";"SIERRA GORDA";"-23.488801929110636";"-69.41453468054581"
"Antofagasta";"5128-3";"LOCALIDAD DE MICHILLA SIN NUMERO COMUNA MEJILLONES";"MEJILLONES";"-22.712303552134912";"-70.27739865622391"
"Antofagasta";"6202-3";"SUBESTACION LABERINTO LOTE C SIN NUMERO COMUNA SIERRA GORDA";"SIERRA GORDA";"-23.404144723338774";"-69.37282930118144"
"Antofagasta";"6302-3";"CALLE ACONCAGUA ENTRE AVENIDA SALVADOR ALLENDE Y CALLE JAIME GUZMAN PUEBLO BAQUEDANO COMUNA S";"SIERRA GORDA";"-23.33600387206995";"-69.84672315652139"
"Antofagasta";"6322-3";"SITIO 2 CENTRO COMERCIAL BAQUEDANO COMUNA SIERRA GORDA";"SIERRA GORDA";"-23.33685018023865";"-69.84818724158197"
"Antofagasta";"6322-10";"LOTE C LOCALIDAD DE BAQUEDANO COMUNA SIERRA GORDA";"SIERRA GORDA";"-23.33741494340799";"-69.84915333737202"
"Antofagasta";"6033-1";"CALLE ELEUTERIO RAMIREZ CON AVENIDA EDUARDO FREI MONTALVA LOTE 1 COMUNA SIERRA GORDA";"SIERRA GORDA";"-22.889163304973323";"-69.31808307021407"
"Antofagasta";"6322-8";"LOTE A SALVADOR ALLENDE SIN NUMERO COMUNA SIERRA GORDA";"SIERRA GORDA";"-23.336812088498807";"-69.84847111180385"
"Antofagasta";"6201-29";"A 8 KMS AL SURESTE DE MINERA LOMAS BAYAS LOTE B COMUNA SIERRA GORDA";"SIERRA GORDA";"-23.489362715873458";"-69.40603025598665"
"Antofagasta";"6420-1";"AVENIDA SALVADOR ALLENDE 452 COMUNA SIERRA GORDA";"SIERRA GORDA";"-23.337624999118145";"-69.84868417949745"
"Antofagasta";"8000-82";"CAMINO A MINERA CENTINELA COMUNA SIERRA GORDA";"SIERRA GORDA";"-22.889961108696802";"-69.28834869329509"
"Antofagasta";"8000-83";"CAMINO A MINERA CENTINELA COMUNA SIERRA GORDA";"SIERRA GORDA";"-22.891121967440938";"-69.27895823246881"
"Antofagasta";"8000-84";"CAMINO A MINERA CENTINELA COMUNA SIERRA GORDA";"SIERRA GORDA";"-22.89313543561702";"-69.26841701365434"
"Antofagasta";"6410-1";"A 554 MT AL SURESTE DE AVENIDA SALVADOR ALLENDE BAQUEDANO COMUNA SIERRA GORDA";"SIERRA GORDA";"-23.341049698277853";"-69.84282091841425"
"Antofagasta";"6301-5";"ACCESO SUR DE LA LOCALIDAD DE BAQUEDANO SALVADOR ALLENDE SIN NUMERO COMUNA SIERRA GORDA";"SIERRA GORDA";"-23.335810752845862";"-69.8450665638698"
"Antofagasta";"6420-2";"AL ESTE DE AVENIDA SALVADOR ALLENDE LOCALIDAD BAQUEDANO COMUNA SIERRA GORDA";"SIERRA GORDA";"-23.33813310378349";"-69.84940617760641"
"Antofagasta";"6502-17";"RUTA 5 KM 1405 COMUNA SIERRA GORDA";"SIERRA GORDA";"-23.409367279270075";"-69.98713131846226"
"Antofagasta";"6330-3";"CALLE JAIME GUZMAN COMUNA SIERRA GORDA";"SIERRA GORDA";"-23.33237252389989";"-69.84017959238263"
"Antofagasta";"6201-21";"A 8 KM AL SURESTE DE MINERA LOMAS BAYAS COMUNA SIERRA GORDA";"SIERRA GORDA";"-23.466334008807145";"-69.41218313529788"
"Antofagasta";"NO ENROLADO";"SECTOR MINA SPENCER COMUNA SIERRA GORDA";"SIERRA GORDA";"-22.813602333505102";"-69.23924929914172"
"Antofagasta";"6201-23";"A 8 KM AL SURESTE DE LA MINERA LOMAS BAYAS LOTE B COMUNA SIERRA GORDA";"SIERRA GORDA";"-23.479322593267714";"-69.41762781668236"
"Antofagasta";"NO ENROLADO";"CERRO ENNINSON COMUNA SIERRA GORDA";"SIERRA GORDA";"-23.249990974897518";"-69.59334306089029"
"Antofagasta";"6319-1";"A 81,50 M AL NORESTE DE LA CALLE RAMON BARROS LUCO LOCALIDAD DE BAQUEDANO COMUNA SIERRA GORDA";"SIERRA GORDA";"-23.33134479586714";"-69.84185204770509"
"Antofagasta";"6365-2";"LOTE 2 A 600 M AL OESTE DE AVENIDA SALVADOR ALLENDE COMUNA SIERRA GORDA";"SIERRA GORDA";"-23.337117829680903";"-69.85360044666508"
"Antofagasta";"6032-1";"A 0.5 KM AL SUROESTE DE SIERRA GORDA COMUNA SIERRA GORDA";"SIERRA GORDA";"-22.89629012213092";"-69.3251098820341"
"Antofagasta";"6201-26";"A 8KM. AL SURESTE DE MINERA LOMAS BAYAS LOTE B COMUNA SIERRA GORDA";"SIERRA GORDA";"-23.475237333615336";"-69.40631281771466"
"Antofagasta";"6050-2";"PROLONGACION CALLE OHIGGINS 03 COMUNA SIERRA GORDA";"SIERRA GORDA";"-22.89164358556749";"-69.31632340751005"
"Antofagasta";"6501-6";"OFICINA SALITRERA DE CHACABUCO UBICADO A 4 KM DE LA INTERSECCION RUTA 5 Y RUTA 25 COMUNA SIER";"SIERRA GORDA";"-23.143925444809906";"-69.61336135629666"
"Antofagasta";"6040-1";"CALLE BOLIVAR COMUNA SIERRA GORDA";"SIERRA GORDA";"-22.89169143406462";"-69.319411681232"
"Antofagasta";"6201-27";"A 8KM. AL SURESTE DE MINERA LOMAS BAYAS LOTE C COMUNA SIERRA GORDA";"SIERRA GORDA";"-23.474983578429768";"-69.41218422590988"
"Antofagasta";"6300-2";"LOCALIDAD DE BAQUEDANO COMUNA SIERRA GORDA";"SIERRA GORDA";"-23.333454074031078";"-69.81826859604683"
"Antofagasta";"6322-9";"LOTE B AL SUR LOCALIDAD DE BAQUEDANO COMUNA SIERRA GORDA";"SIERRA GORDA";"-23.33723932260732";"-69.84889322459543"
"Antofagasta";"6319-2";"LOTE B LOCALIDAD DE BAQUEDANO COMUNA SIERRA GORDA";"SIERRA GORDA";"-23.332009193091416";"-69.84276594969998"
"Antofagasta";"6365-3";"A 560 MTS AL OESTE DE LA LOCALIDAD DE BAQUEDANO COMUNA SIERRA GORDA";"SIERRA GORDA";"-23.335910356912034";"-69.85466548940842"
"Antofagasta";"6404-1";"LOCALIDAD DE BAQUEDANO COMUNA SIERRA GORDA";"SIERRA GORDA";"-23.32817178700077";"-69.83424906389637"
"Antofagasta";"6101-28";"AL NORESTE DE LA LOCALIDAD DE SIERRA GORDA COMUNA SIERRA GORDA";"SIERRA GORDA";"-22.780747742865845";"-68.99334615762902"
"Antofagasta";"6105-3";"LOTE A A APROX 19 KM AL NORESTE DE LA LOCALIDAD DE SIERRA GORDA COMUNA SIERRA GORDA";"SIERRA GORDA";"-22.71624152873804";"-69.31574750378059"
"Antofagasta";"6105-4";"LOTE B A APROX 19 KM AL NORESTE DE LA LOCALIDAD DE SIERRA GORDA COMUNA SIERRA GORDA";"SIERRA GORDA";"-22.714551444972084";"-69.3077011664669"
"Antofagasta";"8000-60";"AREA D1 SECTOR MINERA EL TESORO COMUNA SIERRA GORDA";"SIERRA GORDA";"-22.876786622108074";"-68.96676371475284"
"Antofagasta";"6430-1";"CALLE ELEUTERIO RAMIREZ COMUNA SIERRA GORDA";"SIERRA GORDA";"-22.88995647319858";"-69.3169981919001"
"Antofagasta";"6500-10";"CARMEN ALTO COMUNA SIERRA GORDA";"SIERRA GORDA";"-23.227658037479216";"-69.66929568485284"
"Antofagasta";"6101-20";"CERRITO BAYO COMUNA SIERRA GORDA";"SIERRA GORDA";"-22.691477411950903";"-69.16656235669734"
"Antofagasta";"6350-1";"A 41.15 METROS AL NOROESTE DE LA AVENIDA SALVADOR ALLENDE LOCALIDAD DE BAQUEDANO COMUNA SIERR";"SIERRA GORDA";"-23.33719811664748";"-69.84974799229593"
"Antofagasta";"8000-86";"APROX A 12 KMS AL NORESTE DE MINERA GABY CODELCO COMUNA SIERRA GORDA";"SIERRA GORDA";"-23.3172128105614";"-68.74293242362974"
"Antofagasta";"10000-35";"APROX A 24 KM AL NOROESTE DE SIERRA GORDA SIN NUMERO COMUNA SIERRA GORDA";"SIERRA GORDA";"-22.80641497943133";"-69.42366852435494"
"Antofagasta";"541-10";"PUERTO DE MEJILLONES SIN NUMERO COMUNA MEJILLONES";"MEJILLONES";"-23.061739270472966";"-70.37092279123219"
"Antofagasta";"25049-2";"APROX A 4 KM AL SUR DEL NUDO URIBE COMUNA ANTOFAGASTA";"ANTOFAGASTA";"-23.635796044759996";"-70.26326141678092"
"Antofagasta";"5127-1";"LOCALIDAD DE MICHILLA COMUNA MEJILLONES";"MEJILLONES";"-22.71512765237725";"-70.27563099716897"
"Antofagasta";"5128-5";"LOCALIDAD DE MICHILLA SIN NUMERO COMUNA MEJILLONES";"MEJILLONES";"-22.712686242554415";"-70.27777772009888"
"Antofagasta";"6101-31";"APROX A 29 KM AL SURESTE DE LA LOCALIDAD DE SIERRA GORDA COMUNA SIERRA GORDA";"SIERRA GORDA";"-23.034230308088894";"-69.08386132574802"
"Antofagasta";"6800-28";"APROX A 80 KM AL SURESTE DE LA CIUDAD DE TOCOPILLA COMUNA MARIA ELENA";"MARIA ELENA";"-22.2665305673365";"-69.4310582978618"
"Antofagasta";"1000-6";"BALNEARIO ALTOS HORNITOS SITIO 6 MANZANA A COMUNA MEJILLONES";"MEJILLONES";"-22.920039476493134";"-70.29564129677925"
"Antofagasta";"4525-2";"CAMINO A PASO JAMA COSTADO NORTE RUTA 27 COMUNA SAN PEDRO DE ATACAMA";"SAN PEDRO DE ATACAMA";"-22.91229090480587";"-68.19034757251653"
"Antofagasta";"6502-19";"APROX A 20 KM AL SUROESTE DE LA LOCALIDAD DE BAQUEDANO COMUNA SIERRA GORDA";"SIERRA GORDA";"-23.46848309076318";"-69.97429055390725"
"Antofagasta";"6902-5";"OFICINA SALITRERA PEDRO DE VALDIVIA APROX A 77 KM AL SURESTE DE LA CIUDAD DE TOCOPILLA COMUNA";"MARIA ELENA";"-22.59105789884777";"-69.67348325828739"
"Antofagasta";"6052-1";"LOCALIDAD DE SIERRA GORDA COMUNA SIERRA GORDA";"SIERRA GORDA";"-22.89080790440306";"-69.3139047325536"
"Antofagasta";"16819-1";"SECTOR LA CHIMBA BAJO COMUNA ANTOFAGASTA";"ANTOFAGASTA";"-23.54119312572263";"-70.39595636616212"
"Antofagasta";"4002-12";"APROX A 47 KM AL SURESTE DE LA CIUDAD DE TALTAL COMUNA TALTAL";"TALTAL";"-25.82966701837997";"-70.41083303638241"
"Antofagasta";"5000-30";"APROX A 93 KM AL NORESTE DE LA CIUDAD DE TALTAL COMUNA TALTAL";"TALTAL";"-24.693611102943684";"-69.99286115221983"
"Antofagasta";"6800-3 6800-4 6800-5";"LOTES A B C SECTOR CRUCERO SIN NUMERO COMUNA MARIA ELENA";"MARIA ELENA";"-22.239046740352773";"-69.50632898018753"
"Antofagasta";"17015-13";"LOTE B ALTO LA PORTADA COMUNA ANTOFAGASTA";"ANTOFAGASTA";"-23.512644544948273";"-70.39698885281615"
"Antofagasta";"17015-15";"LOTE D ALTO LA PORTADA COMUNA ANTOFAGASTA";"ANTOFAGASTA";"-23.5136948848574";"-70.39667338865904"
"Antofagasta";"301-8";"LOTE 2 MANZANA 4 SECTOR SUR DE MEJILLONES COMUNA MEJILLONES";"MEJILLONES";"-23.1096994292118";"-70.44626605498621"
"Antofagasta";"301-506";"LOTE 4 MANZANA 4 SECTOR SUR DE MEJILLONES COMUNA MEJILLONES";"MEJILLONES";"-23.1098116651156";"-70.44551688329803"
"Antofagasta";"301-507";"LOTE 5 MANZANA 4 SECTOR SUR DE MEJILLONES COMUNA MEJILLONES";"MEJILLONES";"-23.109915867574195";"-70.44482130965181"
"Antofagasta";"15000-56";"APROX A 13,5 KM AL SUROESTE DE LA CIUDAD DE CALAMA COMUNA CALAMA";"CALAMA";"-22.58752493521208";"-69.00875295884258"
"Antofagasta";"6901-22";"APROX A 77 KM AL SURESTE DE LA CIUDAD DE TOCOPILLA COMUNA MARIA ELENA";"MARIA ELENA";"-22.590717375673";"-69.67380525251012"
"Antofagasta";"347-5";"LOTE A APROX A 15 KM AL SURESTE DE LA CIUDAD DE TOCOPILLA COMUNA TOCOPILLA";"TOCOPILLA";"-22.162405116404372";"-70.05051946458435"
"Antofagasta";"347-6";"LOTE B APROX A 15 KM AL SURESTE DE LA CIUDAD DE TOCOPILLA COMUNA TOCOPILLA";"TOCOPILLA";"-22.157653636601825";"-70.06400455978394"
"Antofagasta";"507-67";"LOTE A APROX A 90 KM AL NORESTE DE LA CIUDAD DE TALTAL COMUNA TALTAL";"TALTAL";"-24.797497022002222";"-69.95407214525088"
"Antofagasta";"507-68";"LOTE B APROX A 90 KM AL NORESTE DE LA CIUDAD DE TALTAL COMUNA TALTAL";"TALTAL";"-24.780213980157452";"-69.92518100253893"
"Antofagasta";"507-69";"LOTE C APROX A 90 KM AL NORESTE DE LA CIUDAD DE TALTAL COMUNA TALTAL";"TALTAL";"-24.767391497701237";"-69.87785336201588"
"Antofagasta";"333-1";"PUEBLO DE QUILLAGUA SITIO 144 COMUNA MARIA ELENA";"MARIA ELENA";"-21.660116249848105";"-69.53489830815381"
"Antofagasta";"32-12";"MANZANA 11 SITIO 6 COMUNA MEJILLONES";"MEJILLONES";"-23.099787817950713";"-70.44919247085055"
"Antofagasta";"24-6";"MANZANA 13 SITIO 11 COMUNA MEJILLONES";"MEJILLONES";"-23.100266287970726";"-70.45211424568585"
"Antofagasta";"20005-5";"A APROX 21,5 KM AL NORESTE DE LA CIUDAD DE ANTOFAGASTA COMUNA ANTOFAGASTA";"ANTOFAGASTA";"-23.439090238127957";"-70.21550508908425"
"Antofagasta";"17000-9";"APROX A 27 KM AL SURESTE DE LA CIUDAD DE CALAMA COMUNA CALAMA";"CALAMA";"-22.613107340249037";"-68.68553579679282"
"Antofagasta";"5661-2";"SECTOR CHANIDA COMUNA ANTOFAGASTA";"ANTOFAGASTA";"-23.50236242780757";"-70.36827611684438"
"Antofagasta";"3301-716";"PUEBLO DE LASANA COMUNA CALAMA";"CALAMA";"-22.26165479088501";"-68.62532954797419"
"Antofagasta";"6403-7";"APROX A 21 KM AL NORESTE DE LA CIUDAD DE ANTOFAGASTA COMUNA ANTOFAGASTA";"ANTOFAGASTA";"-23.442463920264768";"-70.21378351250243"
"Antofagasta";"3301-714";"LOCALIDAD DE CHIU-CHIU COMUNA CALAMA";"CALAMA";"-22.316155978477315";"-68.64682352487857"
"Antofagasta";"45001-15";"APROX A 31 KM AL NORESTE DESDE BARRIO INDUSTRIAL LA NEGRA COMUNA ANTOFAGASTA";"ANTOFAGASTA";"-23.7635277659539";"-70.00557477945371"
"Antofagasta";"16052-4";"LA CHIMBA SECTOR III MANZANA A SITIO 4 COMUNA ANTOFAGASTA";"ANTOFAGASTA";"-23.559301773610088";"-70.38593535907425"
"Antofagasta";"45001-14";"APROX A 35 KM AL ESTE DESDE BARRIO INDUSTRIAL LA NEGRA COMUNA ANTOFAGASTA";"ANTOFAGASTA";"-23.76334286107155";"-70.0046468745436"
"Antofagasta";"3301-715";"LOCALIDAD DE CHIU-CHIU COMUNA CALAMA";"CALAMA";"-22.316154917174437";"-68.64627082625526"
"Antofagasta";"18000-16";"CAMINO DEL YESO COMUNA ANTOFAGASTA";"ANTOFAGASTA";"-23.42680030053571";"-70.55771642899674"
"Antofagasta";"4005-15";"APROX A 1,2 KM AL NORESTE DE LA CIUDAD DE TALTAL COMUNA TALTAL";"TALTAL";"-25.390598707082134";"-70.46320937996745"
"Antofagasta";"4002-9";"APROX A 54 KM AL SUROESTE DE LA CIUDAD DE TALTAL COMUNA TALTAL";"TALTAL";"-25.90052776628197";"-70.50966668701427"
"Antofagasta";"3301-713";"LOCALIDAD DE CHIU-CHIU COMUNA CALAMA";"CALAMA";"-22.315290015937887";"-68.64630787553561"
"Antofagasta";"8004-37";"A 500 M AL SUR DE LA INTERSECCION DE LA RUTA 25 CON AVENIDA CIRCUNVALACION COMUNA CALAMA";"CALAMA";"-22.49861500513206";"-68.92576992836962"
"Antofagasta";"6027-2";"LOTE B LOCALIDAD DE SIERRA GORDA COMUNA SIERRA GORDA";"SIERRA GORDA";"-22.890794095588948";"-69.31669226873318"
"Antofagasta";"10000-14";"ACUEDUCTO SIN NUMERO RUTA 1 SECTOR LAS BREAS COMUNA TALTAL";"TALTAL";"-25.462806154850032";"-70.43291372738338"
"Antofagasta";"5128-10";"CALETA MICHILLA COMUNA MEJILLONES";"MEJILLONES";"-22.714471481065605";"-70.27695537161439"
"Antofagasta";"45004-22";"APROX A 1 KM AL NORESTE DE CAMINO A MINERA ESCONDIDA COMUNA ANTOFAGASTA";"ANTOFAGASTA";"-24.022817215277765";"-69.58391807808749"
"Antofagasta";"2004-17";"SECTOR LA BANDA COMUNA CALAMA";"CALAMA";"-22.475428088811903";"-68.92400978130571"
"Antofagasta";"25008-1";"SECTOR NUDO URIBE COMUNA ANTOFAGASTA";"ANTOFAGASTA";"-23.654118917869294";"-70.32752181987973"
"Antofagasta";"848-54";"SECTOR CENTRO ANTOFAGASTA COMUNA ANTOFAGASTA";"ANTOFAGASTA";"-23.64725573015583";"-70.39852026003793"
"Antofagasta";"NO ENROLADO";"LOTES A Y B CIUDAD DE ANTOFAGASTA COMUNA ANTOFAGASTA";"ANTOFAGASTA";"-23.592661874811842";"-70.36602401622054"
"Antofagasta";"70000-29";"AL SUROESTE DE LA LOCALIDAD DE SIERRA GORDA COMUNA SIERRA GORDA";"SIERRA GORDA";"-22.990315124636655";"-69.55297046488121"
"Antofagasta";"NO ENROLADO";"QUEBRADA BONILLA COMUNA ANTOFAGASTA";"ANTOFAGASTA";"-23.591597149248813";"-70.37159036891377"
"Antofagasta";"8100-26";"APROX A 23 KM AL NOROESTE DE LA CIUDAD DE CALAMA COMUNA CALAMA";"CALAMA";"-22.289998276078727";"-69.09457074499383"
"Antofagasta";"45004-23";"APROX A 61 KM AL SURESTE DE BARRIO INDUSTRIAL LA NEGRA COMUNA ANTOFAGASTA";"ANTOFAGASTA";"-24.05686083849727";"-69.80094357006521"
"Antofagasta";"508-4";"LOTE B KM 7 DE LA RUTA B-262 BARRIO INDUSTRIAL COMUNA MEJILLONES";"MEJILLONES";"-23.095150184211743";"-70.36451035279529"
"Antofagasta";"6105-24";"APROX A 9,1 KM AL SURESTE DE LA LOCALIDAD DE SIERRA GORDA COMUNA SIERRA GORDA";"SIERRA GORDA";"-22.930143745117785";"-69.23953246168267"
"Antofagasta";"4002-10";"APROX A 29 KM AL SURESTE DE LA CIUDAD TALTAL COMUNA TALTAL";"TALTAL";"-25.641997882167875";"-70.35582432137853"
"Antofagasta";"3309-10";"APROX A 52 KM AL NORESTE DE LA CIUDAD DE CALAMA COMUNA CALAMA";"CALAMA";"-22.1004834038649";"-68.59611148475719"
"Antofagasta";"16096-1";"AVENIDA DE LA ADUCCION LA CHIMBA COMUNA ANTOFAGASTA";"ANTOFAGASTA";"-23.548577385728418";"-70.37880958873876"
"Antofagasta";"45003-19";"APROX A 74 KM AL SUROESTE DE LA CIUDAD DE ANTOFAGASTA COMUNA ANTOFAGASTA";"ANTOFAGASTA";"-24.31071741354231";"-70.46227423342694"
"Antofagasta";"45004-25";"APROX A 63 KM AL SURESTE DE LA CIUDAD DE ANTOFAGASTA COMUNA ANTOFAGASTA";"ANTOFAGASTA";"-24.206735749724622";"-70.2817843092251"
"Antofagasta";"509-37";"APROX A 51,30 KMS AL ESTE DE LA CIUDAD DE TALTAL COMUNA TALTAL";"TALTAL";"-25.399492797294094";"-69.96514354938174"
"Antofagasta";"45004-26";"APROX A 68 KM AL SURESTE DE LA CIUDAD DE ANTOFAGASTA COMUNA ANTOFAGASTA";"ANTOFAGASTA";"-24.082448729758795";"-69.92279593499084"
"Antofagasta";"NO ENROLADO";"SITIO 8 MANZANA C SECTOR ADUANA COMUNA SAN PEDRO DE ATACAMA";"SAN PEDRO DE ATACAMA";"-22.90695953280171";"-68.1928643120938"
"Antofagasta";"508-3";"LOTE A KM 7 DE LA RUTA B-262 BARRIO INDUSTRIAL COMUNA MEJILLONES";"MEJILLONES";"-23.095094993398334";"-70.36779923046542"
"Antofagasta";"17000-91";"APROX A 56 KM AL SURESTE DE LA CIUDAD DE CALAMA COMUNA CALAMA";"CALAMA";"-22.70450902905507";"-68.44086107455351"
"Antofagasta";"1320-1";"PARAGUAY POBLACION VILLA EL SALAR COMUNA ANTOFAGASTA";"ANTOFAGASTA";"-23.63001136905318";"-70.37703805171527"
"Antofagasta";"45004-24";"SECTOR OFICINA ROSARIO APROX A 87 KM AL SURESTE DE LA CIUDAD DE ANTOFAGASTA COMUNA ANTOFAGAST";"ANTOFAGASTA";"-24.35503093362402";"-69.94272285978926"
"Antofagasta";"45002-30";"APROX A 117 KM AL SURESTE DE LA CIUDAD DE ANTOFAGASTA COMUNA ANTOFAGASTA";"ANTOFAGASTA";"-24.54587524551587";"-69.79526112727521"
"Antofagasta";"45004-30";"APROX A 80 KM AL SURESTE DE LA INTERSECCION DE LA RUTA 28 Y LA RUTA 5 COMUNA ANTOFAGASTA";"ANTOFAGASTA";"-24.04162291179968";"-69.58745867817538"
"Antofagasta";"45004-29";"APROX A 74 KM AL SURESTE DE LA CIUDAD DE ANTOFAGASTA COMUNA ANTOFAGASTA";"ANTOFAGASTA";"-24.236516962816655";"-70.05172825634752"
"Antofagasta";"3524-1";"LOCALIDAD DE SAN PEDRO DE ATACAMA COMUNA SAN PEDRO DE ATACAMA";"SAN PEDRO DE ATACAMA";"-22.920418851392377";"-68.1875477980485"
"Antofagasta";"36000-31";"APROX A 58 KM AL NORESTE DE MINERA ESCONDIDA COMUNA ANTOFAGASTA";"ANTOFAGASTA";"-24.244428438362643";"-68.49999097208031"
"Antofagasta";"804-3";"APROX A 4,3 KM AL NORESTE DE LA CIUDAD DE TOCOPILLA COMUNA TOCOPILLA";"TOCOPILLA";"-22.08519749180571";"-70.16004233066478"
"Antofagasta";"6201-42";"APROX A 44 KM AL SURESTE DE LA LOCALIDAD DE BAQUEDANO COMUNA SIERRA GORDA";"SIERRA GORDA";"-23.44649852375985";"-69.4284054195994"
"Antofagasta";"3550-128";"APROX A 8 KM AL SURESTE DEL PUEBLO DE SAN PEDRO DE ATACAMA COMUNA SAN PEDRO DE ATACAMA";"SAN PEDRO DE ATACAMA";"-22.97979564019534";"-68.16152323165926"
"Antofagasta";"15000-42";"APROX A 15 KM AL SURESTE DE LA CIUDAD DE CALAMA COMUNA CALAMA";"CALAMA";"-22.598648042534936";"-68.91268939338518"
"Antofagasta";"3750-1";"PUEBLO DE TALABRE COMUNA SAN PEDRO DE ATACAMA";"SAN PEDRO DE ATACAMA";"-23.315571815012078";"-67.88962562458053"
"Antofagasta";"550-9";"APROX A 6,1 KM AL SURESTE DE LA CIUDAD TALTAL COMUNA TALTAL";"TALTAL";"-25.418109266011644";"-70.42549932111923"
"Antofagasta";"6700-69";"APROX A 16 KM AL NORESTE DE LA INTERSECCION DE RUTA 5 Y RUTA 24 COMUNA MARIA ELENA";"MARIA ELENA";"-22.13612324074379";"-69.57136536254687"
"Antofagasta";"NO ENROLADO";"APROX A 15 KM AL SURESTE DE LA CIUDAD DE CALAMA COMUNA CALAMA";"CALAMA";"-22.619107974731016";"-68.9652037667545"
"Antofagasta";"6901-24";"APROX A 32,5 KM AL SURESTE DESDE LA OFICINA SALITRERA DE MARIA ELENA COMUNA MARIA ELENA";"MARIA ELENA";"-22.63394900227431";"-69.60480457247297"
"Antofagasta";"3423-2";"PUEBLO DE OLLAGUE SITIO 1 MANZANA E COMUNA OLLAGUE";"OLLAGUE";"-21.224482753621416";"-68.25462085846604"
"Antofagasta";"6335-1";"LOCALIDAD DE BAQUEDANO COMUNA SIERRA GORDA";"SIERRA GORDA";"-23.336571662048463";"-69.84841812328888"
"Antofagasta";"6039-1";"LOCALIDAD DE SIERRA GORDA COMUNA SIERRA GORDA";"SIERRA GORDA";"-22.89484279767622";"-69.3193561343608"
"Antofagasta";"6103-3";"SECTOR CERRO LIMON VERDE COMUNA SIERRA GORDA";"SIERRA GORDA";"-22.776531129497446";"-69.03078438180482"
"Antofagasta";"381-2";"SECTOR QUEBRADA BARRILES COMUNA TOCOPILLA";"TOCOPILLA";"-22.082276036788134";"-70.18120893738833"
"Antofagasta";"1037-3";"LOTE A SECTOR ALTO LA PORTADA COMUNA ANTOFAGASTA";"ANTOFAGASTA";"-23.503962125257488";"-70.38189904245874"
"Antofagasta";"NO ENROLADO";"LOTE B SECTOR ALTO LA PORTADA COMUNA ANTOFAGASTA";"ANTOFAGASTA";"-23.508371065702306";"-70.37938905869444"
"Antofagasta";"110-3";"SECTOR QUEBRADA CARRIZO LOTE A COMUNA ANTOFAGASTA";"ANTOFAGASTA";"-23.697607468430242";"-70.40505885673099"
"Antofagasta";"6200-13";"LOCALIDAD DE BAQUEDANO COMUNA SIERRA GORDA";"SIERRA GORDA";"-23.33099019344408";"-69.8430402850637"
"Antofagasta";"27-19";"MANZANA 26 SITIO 3 COMUNA MEJILLONES";"MEJILLONES";"-23.0991404971205";"-70.44976236439662"
"Antofagasta";"6053-1";"LOCALIDAD DE SIERRA GORDA COMUNA SIERRA GORDA";"SIERRA GORDA";"-22.892339075816803";"-69.31529953949442"
"Antofagasta";"2001-437";"SECTOR CERRO NEGRO PARCELA 34 COMUNA CALAMA";"CALAMA";"-22.466191804862646";"-68.95593314672267"
"Antofagasta";"02001-226";"SITIO 20 CERRO NEGRO COMUNA CALAMA";"CALAMA";"-22.473881634169032";"-68.95118583022719"
"Antofagasta";"8004-27";"CAMINO AL AEROPUERTO - COMUNA CALAMA";"CALAMA";"-22.492006548796397";"-68.92043396405856"
"Antofagasta";"2001-258";"SITIO 27 G SECTOR CERRO NEGRO COMUNA CALAMA";"CALAMA";"-22.46890169613193";"-68.95290715607713"
"Antofagasta";"2001-429";"SITIO 23 CERRO NEGRO COMUNA CALAMA";"CALAMA";"-22.47046141517749";"-68.9543691111071"
"Antofagasta";"2001-432";"SITIO 26 CERRO NEGRO COMUNA CALAMA";"CALAMA";"-22.47136295381076";"-68.95167728265143"
"Antofagasta";"2001-252";"SITIO 27 A SECTOR CERRO NEGRO COMUNA CALAMA";"CALAMA";"-22.466520165296703";"-68.95417783603719"
"Antofagasta";"2007-115";"CERRO NEGRO SECTOR LIKANTATAY VERDES CAMPINAS SITIO 5 MANZANA E COMUNA CALAMA";"CALAMA";"-22.46289454154225";"-68.95221633129644"
"Antofagasta";"2001-428";"SITIO 22 CERRO NEGRO COMUNA CALAMA";"CALAMA";"-22.471906374125904";"-68.95349372392208"
"Antofagasta";"2001-427";"SITIO 21 CERRO NEGRO COMUNA CALAMA";"CALAMA";"-22.474047564636404";"-68.95234166505452"
"Antofagasta";"5006-1";"LOTE 1 MANZANA 3 YALQUINCHA BARRIO INDUSTRIAL COMUNA CALAMA";"CALAMA";"-22.441327908630385";"-68.88665858380348"
"Antofagasta";"6309-5";"SITIO 5 MANZANA 8 BAQUEDANO COMUNA SIERRA GORDA";"SIERRA GORDA";"-23.33442861399447";"-69.84464895928129"
"Antofagasta";"6309-1";"SITIO 1 MANZANA 8 BAQUEDANO COMUNA SIERRA GORDA";"SIERRA GORDA";"-23.334241276312063";"-69.84427527503097"
"Antofagasta";"2477-1";"HUANTAJAYA SIN NUMERO INTERSECCION AVENIDA IRARRAZABAL COMUNA ANTOFAGASTA";"ANTOFAGASTA";"-23.60355509253285";"-70.37222939231374"
"Antofagasta";"6309-4";"SITIO 4 MANZANA 8 BAQUEDANO COMUNA SIERRA GORDA";"SIERRA GORDA";"-23.334308721312027";"-69.84440910204069"
"Antofagasta";"3301-720";"PUEBLO DE CHIU-CHIU COMUNA CALAMA";"CALAMA";"-22.35502407277669";"-68.66287724644657"
"Antofagasta";"6026-2";"LOTE A LOCALIDAD DE SIERRA GORDA COMUNA SIERRA GORDA";"SIERRA GORDA";"-22.890528731472887";"-69.31704149636558"
"Antofagasta";"6054-1";"LOCALIDAD DE SIERRA GORDA COMUNA SIERRA GORDA";"SIERRA GORDA";"-22.892570199568215";"-69.31744643699976"
"Antofagasta";"45004-32";"APROX A 94,5 KM AL SUR ESTE DE LA CIUDAD DE ANTOFAGASTA COMUNA ANTOFAGASTA";"ANTOFAGASTA";"-24.450164208460926";"-70.08723848499515"
"Antofagasta";"8300-7";"LOCALIDAD DE CHIU CHIU COMUNA CALAMA";"CALAMA";"-22.334706609307403";"-68.60096299760227"
"Antofagasta";"6334-1";"LOCALIDAD DE BAQUEDANO COMUNA SIERRA GORDA";"SIERRA GORDA";"-23.33326463773076";"-69.84570078804597"
"Antofagasta";"NO ENROLADO";"SECTOR CERRO LIMON VERDE COMUNA SIERRA GORDA";"SIERRA GORDA";"-22.779716660012973";"-69.02103718415638"
"Antofagasta";"6024-1";"LOCALIDAD DE SIERRA GORDA COMUNA SIERRA GORDA";"SIERRA GORDA";"-22.89372415149836";"-69.32122953484182"
"Antofagasta";"6019-15";"LOCALIDAD DE SIERRA GORDA COMUNA SIERRA GORDA";"SIERRA GORDA";"-22.892891296439256";"-69.32055021364508"
"Antofagasta";"1955-1";"POBLACION MANUEL RODRIGUEZ COMUNA ANTOFAGASTA";"ANTOFAGASTA";"-23.61498167331412";"-70.38341895483839"
"Antofagasta";"3752-2";"PUEBLO SOCAIRE COMUNA SAN PEDRO DE ATACAMA";"SAN PEDRO DE ATACAMA";"-23.590889267562165";"-67.89036179031883"
"Antofagasta";"4103-14";"SITIO 11 MANZANA C POBLACION ALTO JAMA SECTOR ADUANA COMUNA SAN PEDRO DE ATACAMA";"SAN PEDRO DE ATACAMA";"-22.912079580220805";"-68.194368218703"
"Antofagasta";"6366-1";"LOCALIDAD DE BAQUEDANO COMUNA SIERRA GORDA";"SIERRA GORDA";"-23.336734287759157";"-69.85223958497278"
"Antofagasta";"6038-2";"LOCALIDAD DE SIERRA GORDA COMUNA SIERRA GORDA";"SIERRA GORDA";"-22.888426566933997";"-69.31752913991524"
"Antofagasta";"6041-1";"LOCALIDAD DE SIERRA GORDA COMUNA SIERRA GORDA";"SIERRA GORDA";"-22.88876063407353";"-69.31854151589614"
"Antofagasta";"6032-2";"LOCALIDAD DE SIERRA GORDA COMUNA SIERRA GORDA";"SIERRA GORDA";"-22.89642855145107";"-69.32390077975975"
"Antofagasta";"3426-2";"LOCALIDAD DE OLLAGUE COMUNA OLLAGUE";"OLLAGUE";"-21.225391775736178";"-68.2552655933935"
"Antofagasta";"6367-1";"LOCALIDAD DE BAQUEDANO COMUNA SIERRA GORDA";"SIERRA GORDA";"-23.336161460426773";"-69.85393480444134"
"Antofagasta";"1240-27";"SITIO 20 MANZANA A POBLACION EDUARDO FREI COMUNA CALAMA";"CALAMA";"-22.447972741625733";"-68.90391305878133"
"Antofagasta";"101-306";"BALNEARIO HORNITOS SITIO 306 COMUNA MEJILLONES";"MEJILLONES";"-22.921024782623036";"-70.294391058769"
"Antofagasta";"NO ENROLADO";"MANZANA 25 SITIO 2 VILLA INDEPENDENCIA COMUNA ANTOFAGASTA";"ANTOFAGASTA";"-23.69214681976021";"-70.4115519474603"
"Antofagasta";"827-4";"UNIDAD 1 CIUDAD DE CALAMA COMUNA CALAMA";"CALAMA";"-22.45758293708471";"-68.92948997570653"
"Antofagasta";"827-5";"UNIDAD 2 CIUDAD DE CALAMA COMUNA CALAMA";"CALAMA";"-22.45773639871658";"-68.92956644939733"
"Antofagasta";"827-2";"UNIDAD 3 CIUDAD DE CALAMA COMUNA CALAMA";"CALAMA";"-22.45786851192972";"-68.92955167599229"
"Antofagasta";"827-1";"UNIDAD 5 CIUDAD DE CALAMA COMUNA CALAMA";"CALAMA";"-22.458076754031964";"-68.92926162820419"
"Antofagasta";"713-2";"CIUDAD DE ANTOFAGASTA MANZANA 462 COMUNA ANTOFAGASTA";"ANTOFAGASTA";"-23.650886680193103";"-70.40135612615684"
"Antofagasta";"NO ENROLADO";"SECTOR CERRO GEMELOS COMUNA SIERRA GORDA";"SIERRA GORDA";"-23.073771154032357";"-69.17476884500616"
"Antofagasta";"NO ENROLADO";"SECTOR QUEBRADA DE PAQUI COMUNA CALAMA";"CALAMA";"-22.13870579189447";"-68.776269020069"
"Antofagasta";"190-6";"LOTE A5 SECTOR FERTILIZANTES COMUNA MEJILLONES";"MEJILLONES";"-23.107656816140935";"-70.44337843586844"
"Antofagasta";"NO ENROLADO";"PUERTO DE MEJILLONES COMUNA MEJILLONES";"MEJILLONES";"-23.109078358815378";"-70.44301274615212"
"Antofagasta";"948-22";"CIUDAD DE ANTOFAGASTA COMUNA ANTOFAGASTA";"ANTOFAGASTA";"-23.64528301970783";"-70.39515278180914"
"Antofagasta";"1479-1";"LOTE 2 POBLACION PABLO KRUGGER COMUNA ANTOFAGASTA";"ANTOFAGASTA";"-23.627728876562884";"-70.38727292861269"
"Antofagasta";"6400-1";"LOCALIDAD DE BAQUEDANO COMUNA SIERRA GORDA";"SIERRA GORDA";"-23.332116440921613";"-69.83876680573762"
"Antofagasta";"6101-7";"LOCALIDAD DE SIERRA GORDA COMUNA SIERRA GORDA";"SIERRA GORDA";"-23.031780489152958";"-69.01179298741378"
"Antofagasta";"6800-33";"SECTOR MINERA ZALDIVAR COMUNA ANTOFAGASTA";"ANTOFAGASTA";"-24.165508537054198";"-69.03327649838576"
"Antofagasta";"3540-171";"AYLLO DE SEQUITOR COMUNA SAN PEDRO DE ATACAMA";"SAN PEDRO DE ATACAMA";"-22.9319854739911";"-68.21146447390775"
"Antofagasta";"16000-49";"APROX A 17,50 KM AL SUROESTE DE LA INTERSECCION DE LA RUTA 5 CON RUTA 23 CH";"CALAMA";"-22.606320703362414";"-68.98566195048912"
"Antofagasta";"NO ENROLADO";"SECTOR CERRO ABRA COMUNA MARIA ELENA";"MARIA ELENA";"-22.289808398073166";"-69.17132337407354"
"Antofagasta";"NO ENROLADO";"SECTOR CERRO ABRA COMUNA MARIA ELENA";"MARIA ELENA";"-22.291800978722275";"-69.19816959436535"
"Antofagasta";"507-79";"SECTOR CERRO LAS TORTOLAS COMUNA TALTAL";"TALTAL";"-24.806422925387277";"-69.83999746846217"
"Antofagasta";"521-7";"AL ESTE DE LA CIUDAD DE MEJILLONES COMUNA MEJILLONES";"MEJILLONES";"-23.081167592067683";"-70.34601466723248"
"Antofagasta";"1003-1";"SECTOR BALNEARIO HORNITOS COMUNA MEJILLONES";"MEJILLONES";"-22.92065730371226";"-70.29810711069065"
"Antofagasta";"1001-2";"BALNEARIO HORNITOS COMUNA MEJILLONES";"MEJILLONES";"-22.919896944397784";"-70.29718686710264"
"Antofagasta";"NO ENROLADO";"SECTOR CERRO CASTILLA COMUNA ANTOFAGASTA";"ANTOFAGASTA";"-23.877083522502346";"-69.88763892210166"
"Antofagasta";"874-5 Y 874-106";"EX EDIFICIO CORREOS COMUNA ANTOFAGASTA";"ANTOFAGASTA";"-23.645880254752008";"-70.39873252309582"
"Antofagasta";"6026-1";"LOTE A LOCALIDAD DE SIERRA GORDA COMUNA SIERRA GORDA";"SIERRA GORDA";"-22.890929261354675";"-69.31736875082163"
"Antofagasta";"6027-1";"LOTE B LOCALIDAD DE SIERRA GORDA COMUNA SIERRA GORDA";"SIERRA GORDA";"-22.891256787998966";"-69.31679768666153"
"Antofagasta";"6036-1";"LOCALIDAD DE SIERRA GORDA COMUNA SIERRA GORDA";"SIERRA GORDA";"-22.892019667923947";"-69.31819002060696"
"Antofagasta";"6365-1";"LOTE 1 A 600 METROS AL OESTE DE AVENIDA SALVADOR ALLENDE COMUNA SIERRA GORDA";"SIERRA GORDA";"-23.33658625333362";"-69.85384302908213"
"Antofagasta";"106-67";"CALLE GUILLERMO MATTA 1780 DEPARTAMENTO 1 COMUNA TOCOPILLA";"TOCOPILLA";"-22.094026005446285";"-70.19773977662268"
"Antofagasta";"9003-1";"MANZANA EC-2 CALETA URCO COMUNA TOCOPILLA";"TOCOPILLA";"-21.755744814420744";"-70.15272892021105"
"Antofagasta";"3330-116";"AL NORTE DEL PUEBLO TOCONCE COMUNA CALAMA";"CALAMA";"-22.23257115805253";"-68.15857677871158"
"Antofagasta";"10000-11";"COSTADO NORTE DE RUTA 23 KM 305 COMUNA SAN PEDRO DE ATACAMA";"SAN PEDRO DE ATACAMA";"-23.826347651491552";"-67.31861001241565"
"Antofagasta";"3411-21";"MANZANA D PLAN REGULADOR COMUNAL OLLAGUE COMUNA OLLAGUE";"OLLAGUE";"-21.225356002347617";"-68.25126916377725"
"Antofagasta";"4100-79";"PAMPA EL LEON COMUNA OLLAGUE";"OLLAGUE";"-21.264126478866874";"-68.26557084966417"
"Antofagasta";"3416-3";"PUEBLO DE OLLAGUE SITIO 2 MANZANA J COMUNA OLLAGUE";"OLLAGUE";"-21.224251996173127";"-68.25098600143102"
"Antofagasta";"4100-75";"APROX A 2,1 KM AL SURESTE DE LA PLAZA DEL PUEBLO DE OLLAGUE COMUNA OLLAGUE";"OLLAGUE";"-21.240203138968692";"-68.24177282824778"
"Antofagasta";"804-1";"AL NOROESTE DEL LOTEO TRES MARIAS COMUNA TOCOPILLA";"TOCOPILLA";"-22.053936138880236";"-70.1873557712835"
"Antofagasta";"3325-64";"VOLCAN PANIRI COMUNA CALAMA";"CALAMA";"-22.06024353481286";"-68.26057815060695"
"Antofagasta";"3431-1";"PUEBLO DE OLLAGUE COMUNA OLLAGUE";"OLLAGUE";"-21.22314809855602";"-68.25359194252654"
"Antofagasta";"8800-4";"AL NOROESTE DEL LOTEO TRES MARIAS COMUNA TOCOPILLA";"TOCOPILLA";"-22.05303348425208";"-70.18827310994591"
"Antofagasta";"3429-4";"SITIO 3 MANZANA P COMUNA OLLAGUE";"OLLAGUE";"-21.223675754142523";"-68.25421749157016"
"Antofagasta";"3416-4";"PUEBLO DE OLLAGUE SITIO 3 MANZANA J COMUNA OLLAGUE";"OLLAGUE";"-21.224177693380213";"-68.25103182234294"
"Antofagasta";"10001-5";"PAMPA LA BOLA SAN PEDRO DE ATACAMA";"SAN PEDRO DE ATACAMA";"-23.02111083052802";"-67.75951319406434"
"Antofagasta";"NO ENROLADO";"SECTOR VEGA DEL BALEADERO COMUNA ANTOFAGASTA";"ANTOFAGASTA";"-25.26781055702863";"-69.115836113026"
"Antofagasta";"NO ENROLADO";"SECTOR MONTURAQUI COMUNA ANTOFAGASTA";"ANTOFAGASTA";"-24.340527937268266";"-68.44449587117339"
"Antofagasta";"3471-12";"SITIO 64-D COMUNA SAN PEDRO DE ATACAMA";"SAN PEDRO DE ATACAMA";"-22.910585612800634";"-68.19931502719467"
"Antofagasta";"3762-2";"CAMPO QUITOR-CAMPO DE PASTOREO FALDA DE LICANCABUR COMUNA SAN PEDRO DE ATACAMA";"SAN PEDRO DE ATACAMA";"-22.840239088053615";"-67.98839787485184"
"Antofagasta";"5000-10";"A APROX 43 KM AL ESTE DEL PUEBLO DE SAN PEDRO DE ATACAMA COMUNA SAN PEDRO DE ATACAMA";"SAN PEDRO DE ATACAMA";"-22.913292659560582";"-67.76509143326669"
"Antofagasta";"3637-1";"ATACAMA MANZANA K SITIO 3 COMUNA SAN PEDRO DE ATACAMA";"SAN PEDRO DE ATACAMA";"-23.19170099300024";"-68.00552055056954"
"Antofagasta";"3427-5";"PUEBLO DE OLLAGUE COMUNA OLLAGUE";"OLLAGUE";"-21.224843635158315";"-68.25547277375551"
"Antofagasta";"4500-1";"AVENIDA CIRCUNVALACION SUR 069 COMUNA CALAMA";"CALAMA";"-22.492593547902324";"-68.92052367001355"
"Antofagasta";"1000-21";"SECTOR SALAR LOYOQUES O QUISQUIRO COMUNA SAN PEDRO DE ATACAMA";"SAN PEDRO DE ATACAMA";"-23.239773557566043";"-67.23143752514616"
"Antofagasta";"NO ENROLADO";"SECTOR QUEBRADA CALICHE COMUNA ANTOFAGASTA";"ANTOFAGASTA";"-23.68233744392464";"-70.39822838976797"
"Antofagasta";"10001-1";"FAJA SAN PEDRO DE ATACAMA PASO JAMA RUTA 27 COMUNA SAN PEDRO DE ATACAMA";"SAN PEDRO DE ATACAMA";"-23.049152963366524";"-67.60108035615816"
"Antofagasta";"4100-50";"PAMPA OLLAGUE CAMPOS DE PASTOREO COMUNA OLLAGUE";"OLLAGUE";"-21.111085300808224";"-68.35305703493252"
"Antofagasta";"3416-6";"PUEBLO DE OLLAGUE SITIO 6 MANZANA J COMUNA OLLAGUE";"OLLAGUE";"-21.22413893446427";"-68.25077746005908"
"Antofagasta";"6200-11";"LOCALIDAD DE BAQUEDANO COMUNA SIERRA GORDA";"SIERRA GORDA";"-23.33113063876128";"-69.84310440966945"
"Antofagasta";"3415-2";"PUEBLO DE OLLAGUE SITIO 1 MANZANA K COMUNA OLLAGUE";"OLLAGUE";"-21.224810719241706";"-68.25052962009258"
"Antofagasta";"10001-1";"LOTE E Y F PAMPA LA BOLA Y CAMINO DE ACCESO A LA CUMBRE DEL CERRO CHAJNANTOR COMUNA SAN PEDRO";"SAN PEDRO DE ATACAMA";"-23.014573789862116";"-67.73370672670563"
"Antofagasta";"NO ENROLADO";"SECTOR LLANO DE LA PACIENCIA COMUNA SAN PEDRO DE ATACAMA";"SAN PEDRO DE ATACAMA";"-23.10285497197484";"-68.48460361938844"
"Antofagasta";"3560-87";"AYLLO DE COYO CAMPO DE PASTOREO YAMALA-BALTINACHE LOTE B COMUNA SAN PEDRO DE ATACAMA";"SAN PEDRO DE ATACAMA";"-23.000731167630903";"-68.22452086509294"
"Antofagasta";"NO ENROLADO";"SECTOR CERRO MOCTEZUMA COMUNA CALAMA";"CALAMA";"-22.6014271358291";"-68.94713848523104"
"Antofagasta";"NO ENROLADO";"SECTOR PAMPA NEGRA COMUNA ANTOFAGASTA";"ANTOFAGASTA";"-24.535496692714748";"-68.88674127976407"
"Antofagasta";"36000-29";"PUEBLO DE PEINE COMUNA SAN PEDRO DE ATACAMA - ANTOFAGASTA";"SAN PEDRO DE ATACAMA";"-24.01801556340676";"-68.10584260457186"
"Antofagasta";"3416-7";"PUEBLO DE OLLAGUE SITIO 7 MANZANA J COMUNA OLLAGUE";"OLLAGUE";"-21.224184159121656";"-68.25086087667549"
"Antofagasta";"NO ENROLADO";"SECTOR MINERA EL TESORO COMUNA SIERRA GORDA";"SIERRA GORDA";"-22.89872782455354";"-69.06472414720747"
"Antofagasta";"NO ENROLADO";"PUEBLO DE CASPANA COMUNA CALAMA";"CALAMA";"-22.331492080725663";"-68.22004137523284"
"Antofagasta";"NO ENROLADO";"SECTOR CERRO QUEBRADO COMUNA ANTOFAGASTA";"ANTOFAGASTA";"-25.316342354804274";"-68.81922195673197"
"Antofagasta";"NO ENROLADO";"SECTOR CERRO LIMON VERDE COMUNA SIERRA GORDA";"SIERRA GORDA";"-22.82647915658657";"-69.03312835911669"
"Antofagasta";"NO ENROLADO";"MANZANA A SITIO 5-A COMUNA MEJILLONES";"MEJILLONES";"-23.099396925301082";"-70.43892349164197"
"Tarapacá";"SIN ROL";"KILOMETRO 27746.30 AL 28552.90 ALTO HOSPICIO";"ALTO HOSPICIO";"-20.258220864950573";"-70.03180241867355"
"Tarapacá";"PREASIGNADO";"CALETA SAN MARCOS SITIO 16 MANZANA B COMUNA IQUIQUE";"IQUIQUE";"-21.11141261534524";"-70.11942091208671"
"Tarapacá";"PREASIGNADO";"CALLE CANDELARIA SIN NUMERO LOCALIDAD SOTOCA COMUNA HUARA";"HUARA";"-19.595797225834215";"-69.23275134511113"
"Tarapacá";"4118-8";"LOTE 10 MANZANA 12 LA TIRANA COMUNA POZO ALMONTE";"POZO ALMONTE";"-20.319227201009202";"-69.65378735741896"
"Tarapacá";"4118-7";"LOTE 11 MANZANA 12 LA TIRANA COMUNA POZO ALMONTE";"POZO ALMONTE";"-20.31877782011446";"-69.65373805899463"
"Tarapacá";"3107-58";"AVENIDA SALVADOR ALLENDE 2947 DEPARTAMENTO 91 IQUIQUE";"IQUIQUE";"-20.24357600192196";"-70.13396711774364"
"Tarapacá";"3107-63";"AVENIDA SALVADOR ALLENDE 2947 DEPARTAMENTO 96 IQUIQUE";"IQUIQUE";"-20.243675474114422";"-70.1340398564678"
"Tarapacá";"SIN ROL";"SALITRERA SANTIAGO HUMBERSTONE RUTA A-65 COMUNA POZO ALMONTE";"POZO ALMONTE";"-20.193016997341157";"-69.81663277687566"
"Tarapacá";"PREASIGNADO";"CALLE RICARDO LAGOS SIN NUMERO COMUNA ALTO HOSPICIO";"ALTO HOSPICIO";"-20.285639940862204";"-70.088641463092"
"Tarapacá";"2619-24";"CALLE LIBERTAD 883 LOTE 125 MANZANA 28 COMUNA POZO ALMONTE";"POZO ALMONTE";"-20.252238639915305";"-69.78660691856956"
"Tarapacá";"2619-33";"CALLE MARCELO DRAGONI 886 LOTE 108 MANZANA 28 COMUNA POZO ALMONTE";"POZO ALMONTE";"-20.252281231986114";"-69.7864340977462"
"Tarapacá";"3087-22";"PLAYA BLANCA 2286 DEPARTAMENTO 36 COMUNA IQUIQUE";"IQUIQUE";"-20.249437707940466";"-70.1350202835855"
"Tarapacá";"PREASIGNADO";"LOTE 5 MANZANA B LA TIRANA COMUNA POZO ALMONTE";"POZO ALMONTE";"-20.347399869289937";"-69.65074952666708"
"Tarapacá";"PREASIGNADO";"LOTE 8 MANZANA B LA TIRANA COMUNA POZO ALMONTE";"POZO ALMONTE";"-20.346937478412137";"-69.65147248552533"
"Tarapacá";"PREASIGNADO";"CALLE PROYECTADA SECTOR INDUSTRIAL COMUNA POZO ALMONTE";"POZO ALMONTE";"-20.259927684928844";"-69.77791874381862"
"Tarapacá";"PREASIGNADO";"LOTE 1 MANZANA D LA TIRANA COMUNA DE POZO ALMONTE";"POZO ALMONTE";"-20.35004023847372";"-69.65183184460061"
"Tarapacá";"126-2";"CALLE PATRICIO LYNCH NUMERO 53 COMUNA IQUIQUE";"IQUIQUE";"-20.209787020170474";"-70.15097980851468"
"Tarapacá";"SIN ROL";"PARQUE NACIONAL VOLCAN ISLUGA COMUNA COLCHANE, CAMINA, HUARA";"COLCHANE";"-19.31502267287511";"-69.04004345532005"
"Tarapacá";"SIN ROL";"DESEMBOCADURA RIO LOA LOTE A COMUNA IQUIQUE";"IQUIQUE";"-21.427194141578223";"-70.05744078693472"
"Tarapacá";"SIN ROL";"RUTA 1 SIN NUMERO LOTE B COMUNA IQUIQUE";"IQUIQUE";"-21.423753637223637";"-70.03788770294545"
"Tarapacá";"PREASIGNADO";"CERRO PUNTA DE LOBOS COMUNA IQUIQUE";"IQUIQUE";"-21.02324142894875";"-70.16938029431509"
"Tarapacá";"SIN ROL";"RUTA A-5 SIN NUMERO COMUNA POZO ALMONTE";"POZO ALMONTE";"-20.325904885901707";"-69.77397522192891"
"Tarapacá";"PREASIGNADO";"RUTA 1 KILOMETRO 344 DESDE ANTOFAGASTA COMUNA IQUIQUE";"IQUIQUE";"-20.83239026474385";"-70.15880190189334"
"Tarapacá";"514-1";"CALLE ZEGERS NUMERO 157 - 159 COMUNA IQUIQUE";"IQUIQUE";"-20.217181859792845";"-70.1544406332464"
"Tarapacá";"SIN ROL";"CAMINO SIN NOMBRE SIN NUMERO COMUNA IQUIQUE";"IQUIQUE";"-20.219380502298833";"-70.15216741646357"
"Tarapacá";"3264-7";"AVENIDA CHIPANA NUMERO 2040 DEPARTAMENTO 401 COMUNA IQUIQUE";"IQUIQUE";"-20.254213367752698";"-70.13414542492137"
"Tarapacá";"SIN ROL";"CARRETERA PANAMERICANA SIN NUMERO COMUNA POZO ALMONTE";"POZO ALMONTE";"-20.325881804854493";"-69.77374361779185"
"Tarapacá";"SIN ROL";"RUTA A-5 COMUNA POZO ALMONTE";"POZO ALMONTE";"-20.267985097949605";"-69.79285541353568"
"Tarapacá";"SIN ROL";"CERRO TAPA COMUNA HUARA";"HUARA";"-19.56727955260922";"-68.99554619395164"
"Tarapacá";"SIN ROL";"CALLE PUERTO VARAS SIN NUMERO COMUNA COLCHANE";"COLCHANE";"-19.4684541664164";"-68.64443046644888"
"Tarapacá";"SIN ROL";"RUTA A-5 KILOMETRO 1875.6 CRUCE LA TIRANA CON LA PANAMERICANA COMUNA HUARA";"HUARA";"-20.326113213139667";"-69.75184387737266"
"Tarapacá";"SIN ROL";"LADO IZQUIERDO DE LA CARRETERA PANAMERICANA RUTA-5 KILOMERTRO 1831,5 SIN NUMERO COMUNA HUARA";"HUARA";"-20.017472863107134";"-69.76581853294083"
"Tarapacá";"SIN ROL";"LADO S DEL CAMINO TRANSVERSAL KILOMETRO 28 RUTA A-55 COMUNA HUARA";"HUARA";"-19.926198258238916";"-69.51811395168146"
"Tarapacá";"SIN ROL";"CAMINO ARIQUILDA KILOMETRO 10 SIN NUMERO COMUNA HUARA";"HUARA";"-20.247090951639546";"-70.09397556052866"
"Tarapacá";"6502-33";"LOTE 1 ALTO MOLLE COMUNA ALTO HOSPICIO";"ALTO HOSPICIO";"-20.28174213409011";"-70.09093718411286"
"Tarapacá";"SIN ROL";"CERRO NEGRITO COMUNA HUARA";"HUARA";"-19.182553105517396";"-70.20375892540511"
"Tarapacá";"SIN ROL";"BALMACEDA SIN NUMERO COMUNA HUARA";"HUARA";"-19.858327248262167";"-69.34658253538989"
"Tarapacá";"SIN ROL";"COMUNA HUARA";"HUARA";"-19.682948713028196";"-69.28495126598753"
"Tarapacá";"SIN ROL";"CALLE SIN NUMERO COMUNA HUARA";"HUARA";"-19.53436444669002";"-69.20686014701637"
"Tarapacá";"SIN ROL";"CALLE CHINTUYA 54 Y 3 COMUNA HUARA";"HUARA";"-19.920422941782707";"-69.50877055438441"
"Tarapacá";"SIN ROL";"CAMINO PUBLICO SIN NUMERO COMUNA HUARA";"HUARA";"-19.553798097244822";"-69.24737729195587"
"Tarapacá";"SIN ROL";"CALLE ARIQUILDA SIN NUMERO COMUNA HUARA";"HUARA";"-19.53460364527331";"-69.20661238159286"
"Tarapacá";"SIN ROL";"CALLE COMERCIO SIN NUMERO COMUNA HUARA";"HUARA";"-19.869375352416895";"-69.435191711308"
"Tarapacá";"SIN ROL";"PUBLICO COMUNA HUARA";"HUARA";"-19.684954956468687";"-69.18911493657603"
"Tarapacá";"SIN ROL";"CERRO MINI MINI COMUNA HUARA";"HUARA";"-19.186948470366822";"-69.66847420564561"
"Tarapacá";"SIN ROL";"CALLE LIBERTAD 452 COMUNA POZO ALMONTE";"POZO ALMONTE";"-20.23849953282616";"-69.78952822971704"
"Tarapacá";"SIN ROL";"CERRO YABRICOYA COMUNA PICA";"PICA";"-20.11637989304675";"-69.00771516764583"
"Tarapacá";"SIN ROL";"CAMINO SIN NUMERO COMUNA PICA";"PICA";"-20.482715533364484";"-69.31336521537175"
"Tarapacá";"SIN ROL";"CAMINO A CONCOVA SIN NUMERO COMUNA PICA";"PICA";"-20.482645574493";"-69.31307261362238"
"Tarapacá";"SIN ROL";"SECTOR LAS CANTERAS SIN NUMERO COMUNA PICA";"PICA";"-20.493658359136813";"-69.300908527258"
"Tarapacá";"SIN ROL";"BLANCO ENCALADA 567 COMUNA PICA";"PICA";"-20.4882165607595";"-69.32441184335111"
"Tarapacá";"SIN ROL";"18 DE SEPTIEMBRE NUMERO 60 MANZANA I SITIO 24 COMUNA PICA";"PICA";"-20.489431420166614";"-69.33061066243604"
"Tarapacá";"SIN ROL";"CALLE MANUEL RODRIGUEZ CASA 12 COMUNA HUARA";"HUARA";"-19.596474964431845";"-70.2100242821372"
"Tarapacá";"SIN ROL";"CALLE ARTURO PRAT CASA 11 COMUNA HUARA";"HUARA";"-19.59656275918011";"-70.2100914150444"
"Tarapacá";"SIN ROL";"PUBLICO A CAMINA RUTA A-45 KILOMETRO 6 DESDE EL CRUCE SIN NUMERO COMUNA HUARA";"HUARA";"-19.603110880454604";"-69.87748633755893"
"Tarapacá";"SIN ROL";"RUTA 5 KM 1742,5 COMUNA POZO ALMONTE";"POZO ALMONTE";"-20.326113213139667";"-69.75184387737266"
"Tarapacá";"SIN ROL";"CARRETERA PANAMERICANA COMUNA POZO ALMONTE";"POZO ALMONTE";"-20.28669257838621";"-69.77680095511464"
"Tarapacá";"SIN ROL";"CALLE BALMACEDA NUMERO 179 COMUNA POZO ALMONTE";"POZO ALMONTE";"-20.260762179378663";"-69.78634488771253"
"Tarapacá";"SIN ROL";"RUTA A-5 KILOMETRO 1801 SIN NUMERO COMUNA POZO ALMONTE";"POZO ALMONTE";"-20.22938751557797";"-69.7842416907389"
"Tarapacá";"SIN ROL";"AL LADO DE LA CARRETERA PANAMERICANA R5 KILOMETRO 1806 COMUNA POZO ALMONTE";"POZO ALMONTE";"-20.198186813956152";"-69.78705723753825"
"Tarapacá";"SIN ROL";"CALLE SIN NOMBRE SIN NUMERO COMUNA POZO ALMONTE";"POZO ALMONTE";"-20.24472474978854";"-69.76113042674984"
"Tarapacá";"SIN ROL";"RUTA A-665 KILOMETRO 30 SIN NUMERO COMUNA POZO ALMONTE";"POZO ALMONTE";"-20.41748984914351";"-69.53843053126829"
"Tarapacá";"SIN ROL";"ACCESO DE TIERRA CON PANAMERICANA COMUNA POZO ALMONTE";"POZO ALMONTE";"-20.451723581548737";"-69.5324130271739"
"Tarapacá";"SIN ROL";"CAMINO DE ACCESO A 6.8 KMS DE LA HUAYCA COMUNA POZO ALMONTE";"POZO ALMONTE";"-20.464769737233542";"-69.53385028616174"
"Tarapacá";"SIN ROL";"RUTA A - 665 KM 30 SIN NUMERO COMUNA POZO ALMONTE";"POZO ALMONTE";"-20.4174557204551";"-69.54165798702644"
"Tarapacá";"SIN ROL";"CALLE LIBERTAD NUMERO 502 COMUNA POZO ALMONTE";"POZO ALMONTE";"-20.25655781318469";"-69.78727057329276"
"Tarapacá";"SIN ROL";"CAMINO A RUTA A-5 SIN NUMERO COMUNA POZO ALMONTE";"POZO ALMONTE";"-21.36447583503015";"-69.43583063336897"
"Tarapacá";"2623-8";"CALLE JUAN LUIS SANFUENTES 332 COMUNA POZO ALMONTE";"POZO ALMONTE";"-20.257636609242084";"-69.78468924791042"
"Tarapacá";"SIN ROL";"CALLE LIBERTAD SIN NUMERO LOTE B COMUNA POZO ALMONTE";"POZO ALMONTE";"-20.258277901606153";"-69.78676632928448"
"Tarapacá";"SIN ROL";"CALLE OFICINA VICTORIA SIN NUMERO LOTE A COMUNA POZO ALMONTE";"POZO ALMONTE";"-20.257815239087005";"-69.78684035474109"
"Tarapacá";"SIN ROL";"CALLE COMERCIO SIN NUMERO COMUNA POZO ALMONTE";"POZO ALMONTE";"-20.25217298028583";"-69.7852890376034"
"Tarapacá";"SIN ROL";"CAMINO A MATILLA A 43 KM DE LA HUAYCA COMUNA POZO ALMONTE";"POZO ALMONTE";"-20.400893091057032";"-69.5726399329918"
"Tarapacá";"SIN ROL";"CALLE LIBERTAD NUMEROS 624 Y 620 COMUNA POZO ALMONTE";"POZO ALMONTE";"-20.337339327603992";"-69.65446667874164"
"Tarapacá";"SIN ROL";"CALLE LIBERTAD NUMERO 624 COMUNA POZO ALMONTE";"POZO ALMONTE";"-20.25768242673986";"-69.78743728937887"
"Tarapacá";"SIN ROL";"CALLE LIBERTAD SIN NUMERO MANZANA 11 LOTE 8 COMUNA POZO ALMONTE";"POZO ALMONTE";"-20.25748997933506";"-69.78701191275225"
"Tarapacá";"SIN ROL";"CALLE ARICA SIN NUMERO COMUNA POZO ALMONTE";"POZO ALMONTE";"-20.252873223662558";"-69.78522738473072"
"Tarapacá";"SIN ROL";"CAMINO SANTA ROSA SIN NUMERO COMUNA POZO ALMONTE";"POZO ALMONTE";"-20.07332964965911";"-69.21931567520821"
"Tarapacá";"SIN ROL";"CAMINO PUBLICO SIN NUMERO COMUNA POZO ALMONTE";"POZO ALMONTE";"-20.083131341570624";"-69.20968340579851"
"Tarapacá";"SIN ROL";"CALLE SIN NOMBRE SIN NUMERO COMUNA POZO ALMONTE";"POZO ALMONTE";"-20.080183000004386";"-69.20220970672197"
"Tarapacá";"SIN ROL";"CAMINO A IPLA SIN NUMERO COMUNA POZO ALMONTE";"POZO ALMONTE";"-20.07779343293938";"-69.2139416818721"
"Tarapacá";"SIN ROL";"CALLE ESPANA SIN NUMERO COMUNA POZO ALMONTE";"POZO ALMONTE";"-20.078170492821123";"-69.20845976028689"
"Tarapacá";"SIN ROL";"RUTA A-65 KILOMETRO 70 SIN NUMERO COMUNA POZO ALMONTE";"POZO ALMONTE";"-20.078621943500583";"-69.2199539086586"
"Tarapacá";"SIN ROL";"RUTA A-65 KM 72 SIN NUMERO COMUNA POZO ALMONTE";"POZO ALMONTE";"-20.24887988703224";"-69.64807269214947"
"Tarapacá";"PREASIGNADO";"CAMINO PROYECTADO SIN NUMERO MANZANA A LOTE 5 COMUNA PICA";"PICA";"-20.493547756095495";"-69.3177313378771"
"Tarapacá";"SIN ROL";"RECINTO PENITENCIAL CIUDAD IQUIQUE";"ALTO HOSPICIO";"-20.239075274529082";"-70.05395851032821"
"Tarapacá";"SIN ROL";"SANTA ROSA SIN NUMERO COMUNA ALTO HOSPICIO";"ALTO HOSPICIO";"-20.298509909132495";"-70.07261171560786"
"Tarapacá";"SIN ROL";"LOTE 2 COMUNA ALTO HOSPICIO";"ALTO HOSPICIO";"-20.28286151595277";"-70.09107851101405"
"Tarapacá";"PREASIGNADO";"PARCELA 13-A COMUNA ALTO HOSPICIO";"ALTO HOSPICIO";"-20.272689432870976";"-70.08679006181185"
"Tarapacá";"SIN ROL";"OHIGGINS MANZANA 516 COMUNA IQUIQUE";"IQUIQUE";"-20.21770732605018";"-70.15256609036841"
"Tarapacá";"683-37";"JUAN MARTINEZ 1544 MANZANA 2 SITIO 2 COMUNA IQUIQUE";"IQUIQUE";"-20.22248230199911";"-70.14624480558308"
"Tarapacá";"831-3";"1 SUR 835 MANZANA B LOTE 16 COMUNA IQUIQUE";"IQUIQUE";"-20.22705897195094";"-70.14808242626007"
"Tarapacá";"SIN ROL";"BARROS ARANA ESQUINA DE OHIGGINS COMUNA IQUIQUE";"IQUIQUE";"-20.21839494963339";"-70.14763748204355"
"Tarapacá";"226-3";"BOLIVAR 355 343 COMUNA IQUIQUE";"IQUIQUE";"-20.2118404148677";"-70.15268547888382"
"Tarapacá";"433-29";"COVADONGA 994 COMUNA IQUIQUE";"IQUIQUE";"-20.215758691680172";"-70.15500392570337"
"Tarapacá";"373-20";"GOROSTIAGA 130 Y 126 COMUNA IQUIQUE";"IQUIQUE";"-20.21458657058832";"-70.15370055555753"
"Tarapacá";"515-7";"BAQUEDANO 1073 COMUNA IQUIQUE";"IQUIQUE";"-20.217974445786304";"-70.15236633310776"
"Tarapacá";"3087-25";"PLAYA BLANCA 2236 PISO 1 DEPARTAMENTO 17 COMUNA IQUIQUE";"IQUIQUE";"-20.24947483029322";"-70.13524042841935"
"Tarapacá";"3087-26";"PLAYA BLANCA 2236 PISO 1 DEPARTAMENTO 18 COMUNA IQUIQUE";"IQUIQUE";"-20.249457041947345";"-70.13513493790299"
"Tarapacá";"3087-28";"PLAYA BLANCA 2236 PISO 2 DEPARTAMENTO 28 COMUNA IQUIQUE";"IQUIQUE";"-20.249457041947345";"-70.13513493790299"
"Tarapacá";"3087-32";"PLAYA BLANCA 2236 PISO 4 DEPARTAMENTO 48 COMUNA IQUIQUE";"IQUIQUE";"-20.249457041947345";"-70.13513493790299"
"Tarapacá";"3087-24";"PLAYA BLANCA 2286 PISO 4 DEPARTAMENTO 46 COMUNA IQUIQUE";"IQUIQUE";"-20.249437707940466";"-70.1350202835855"
"Tarapacá";"3087-19";"PLAYA BLANCA 2286 PISO 2 DEPARTAMENTO 25 COMUNA IQUIQUE";"IQUIQUE";"-20.249419919188192";"-70.13491479333409"
"Tarapacá";"PREASIGNADO";"MANZANA B LOTE 4 COMUNA IQUIQUE";"IQUIQUE";"-20.431222490346308";"-70.14399993494226"
"Tarapacá";"SIN ROL";"COMUNA IQUIQUE";"IQUIQUE";"-20.59597379471971";"-70.18660501955252"
"Tarapacá";"3087-1";"JOSE FRANCISCO VERGARA 3175 DEPARTAMENTO 11 COMUNA IQUIQUE";"IQUIQUE";"-20.2489146587851";"-70.13486179675562"
"Tarapacá";"3087-2";"JOSE FRANCISCO VERGARA 3175 PISO 1 DEPARTAMENTO 12 COMUNA IQUIQUE";"IQUIQUE";"-20.249014055378662";"-70.13484223730144"
"Tarapacá";"3087-7";"JOSE FRANCISCO VERGARA 3175 DEPARTAMENTO 41 COMUNA IQUIQUE";"IQUIQUE";"-20.2489146587851";"-70.13486179675562"
"Tarapacá";"3087-8";"JOSE FRANCISCO VERGARA 3175 PISO 4 DEPARTAMENTO 42 COMUNA IQUIQUE";"IQUIQUE";"-20.249014055378662";"-70.13484223730144"
"Tarapacá";"3085-15";"PLAYA PALO DE BUQUE 3134 COMUNA IQUIQUE";"IQUIQUE";"-20.24813251646469";"-70.13540486248323"
"Tarapacá";"3089-15";"SALITRERA DALMACIA 3190 COMUNA IQUIQUE";"IQUIQUE";"-20.24905174047352";"-70.13395805329857"
"Tarapacá";"3089-16";"SALITRERA DALMACIA 3194 COMUNA IQUIQUE";"IQUIQUE";"-20.249157946340393";"-70.13393433238957"
"Tarapacá";"3089-10";"SALITRERA DALMACIA 3170 COMUNA IQUIQUE";"IQUIQUE";"-20.248521213992685";"-70.13407521676046"
"Tarapacá";"SIN ROL";"ALTO MOLLE COMUNA ALTO HOSPICIO";"ALTO HOSPICIO";"-20.28210732176065";"-70.08325543097449"
"Tarapacá";"SIN ROL";"SECTOR LA NEGRA COMUNA ALTO HOSPICIO";"ALTO HOSPICIO";"-20.278575349654385";"-70.0816040118312"
"Tarapacá";"6502-34";"COMUNA ALTO HOSPICIO";"ALTO HOSPICIO";"-20.281543504887253";"-70.09136695907974"
"Tarapacá";"615-10";"BAQUEDANO 1373 COMUNA IQUIQUE";"IQUIQUE";"-20.2209780313817";"-70.15241987060648"
"Tarapacá";"SIN ROL";"GRUMETE BOLADOS 146 COMUNA IQUIQUE";"IQUIQUE";"-20.215847521710977";"-70.15485471442672"
"Tarapacá";"3086-11";"PLAYA LIGATE 3176 - COMUNA IQUIQUE";"IQUIQUE";"-20.249033812168307";"-70.13584591354358"
"Tarapacá";"3089-5";"JOSE FRANCISCO VERGARA 3174 CASA 3174 COMUNA IQUIQUE";"IQUIQUE";"-20.24884336107506";"-70.13442450268319"
"Tarapacá";"3088-7";"JOSE FRANCISCO VERGARA 3142 COMUNA IQUIQUE";"IQUIQUE";"-20.24805161136463";"-70.13459929974141"
"Tarapacá";"3086-10";"LIGATE 3172 COMUNA IQUIQUE";"IQUIQUE";"-20.248909607515092";"-70.13587120241047"
"Tarapacá";"3085-16";"PALO DE BUQUE ANTES PALO BUQUE 3142 LOTE 16 COMUNA IQUIQUE";"IQUIQUE";"-20.248256654221166";"-70.1353793028625"
"Tarapacá";"3087-3";"JOSE FRANCISCO VERGARA 3175 DEPARTAMENTO 21 COMUNA IQUIQUE";"IQUIQUE";"-20.2489146587851";"-70.13486179675562"
"Tarapacá";"3087-12";"JOSE FRANCISCO VERGARA 3185 DEPARTAMENTO 24 COMUNA IQUIQUE";"IQUIQUE";"-20.249221277901494";"-70.134801054765"
"Tarapacá";"3087-14";"JOSE FRANCISCO VERGARA 3185 DEPARTAMENTO 34 COMUNA IQUIQUE";"IQUIQUE";"-20.249221277901494";"-70.134801054765"
"Tarapacá";"3089-11";"SALITRERA DALMACIA 3174 CASA 3174 COMUNA IQUIQUE";"IQUIQUE";"-20.248627097829644";"-70.13405176610902"
"Tarapacá";"3089-6";"JOSE FRANCISCO VERGARA 3184 COMUNA IQUIQUE";"IQUIQUE";"-20.248958221091073";"-70.13439909779896"
"Tarapacá";"3086-12";"LIGATE 3182 COMUNA IQUIQUE";"IQUIQUE";"-20.249157757374576";"-70.13582048732559"
"Tarapacá";"SIN ROL";"RUTA A-1 KM 398 SIN NUMERO COMUNA IQUIQUE";"IQUIQUE";"-20.414599745128445";"-70.15240395953627"
"Tarapacá";"3107-48";"PEDRO PRADO 2947 DEPARTAMENTO 75 COMUNA IQUIQUE";"IQUIQUE";"-20.24374438746213";"-70.13402740753011"
"Tarapacá";"3107-49";"PEDRO PRADO 2947 DEPARTAMENTO 76 COMUNA IQUIQUE";"IQUIQUE";"-20.24367579623239";"-70.13404035277651"
"Tarapacá";"3107-69";"PEDRO PRADO 2947 DEPARTAMENTO 105 COMUNA IQUIQUE";"IQUIQUE";"-20.24374438746213";"-70.13402740753011"
"Tarapacá";"3107-80";"PEDRO PRADO 2947 DEPARTAMENTO 125 COMUNA IQUIQUE";"IQUIQUE";"-20.24374438746213";"-70.13402740753011"
"Tarapacá";"3107-61";"PEDRO PRADO 2947 DEPARTAMENTO 94 COMUNA IQUIQUE";"IQUIQUE";"-20.243723530336105";"-70.13390348676997"
"Tarapacá";"3107-78";"PEDRO PRADO 2947 DEPARTAMENTO 121 COMUNA IQUIQUE";"IQUIQUE";"-20.24357661434729";"-70.13396755182083"
"Tarapacá";"3107-65";"PEDRO PRADO 2947 DEPARTAMENTO 101 COMUNA IQUIQUE";"IQUIQUE";"-20.24357661434729";"-70.13396755182083"
"Tarapacá";"3088-8";"JOSE FRANCISCO VERGARA 3148 COMUNA IQUIQUE";"IQUIQUE";"-20.248166571957817";"-70.13457371982791"
"Tarapacá";"SIN ROL";"MANZANA E LOTE 2 COMUNA IQUIQUE";"IQUIQUE";"-20.432839275719772";"-70.15131047164702"
"Tarapacá";"SIN ROL";"RANCAGUA 2941 COMUNA IQUIQUE";"IQUIQUE";"-20.242212130109337";"-70.1330279666258"
"Tarapacá";"3085-23 Y 24";"PLAYA LIGATE 3142 Y 3152 SITIO 23 Y 24 COMUNA IQUIQUE";"IQUIQUE";"-20.248319967653945";"-70.13567392450025"
"Tarapacá";"SIN ROL";"ARTURO PRAT SIN NUMERO MANZANA J LOTE 1 Y 5 COMUNA IQUIQUE";"IQUIQUE";"-20.293285921026122";"-70.12455916025048"
"Tarapacá";"PREASIGNADO";"RUTA A-1 KILOMETRO 80 SIN NUMERO COMUNA IQUIQUE";"IQUIQUE";"-20.881631625794537";"-70.13716292378923"
"Tarapacá";"545-15";"BULNES 242 COMUNA IQUIQUE";"IQUIQUE";"-20.219029693714976";"-70.15257583664135"
"Tarapacá";"277-17";"ALESSANDRI 470 OFICINA 110 COMUNA IQUIQUE";"IQUIQUE";"-20.213491441019283";"-70.15044339926352"
"Tarapacá";"277-38";"ALESSANDRI 470 OFICINA 3 COMUNA IQUIQUE";"IQUIQUE";"-20.213452488382508";"-70.15043675438247"
"Tarapacá";"277-37";"ALESSANDRI 470 DEPARTAMENTO 1 COMUNA IQUIQUE";"IQUIQUE";"-20.213497253494225";"-70.15044174438587"
"Tarapacá";"3107-67";"PEDRO PRADO 2947 DEPARTAMENTO 103 COMUNA IQUIQUE";"IQUIQUE";"-20.243631179248208";"-70.13388221821883"
"Tarapacá";"4295-90";"SANTA ROSA SIN NUMERO MANZANA 2 LOTE 3 COMUNA POZO ALMONTE";"POZO ALMONTE";"-20.343710235212548";"-69.65251342708011"
"Tarapacá";"287-46";"TARAPACA 470 COMUNA IQUIQUE";"IQUIQUE";"-20.213761873869757";"-70.15071546288058"
"Tarapacá";"543-1 , 543-2";"COSTANERA 1099 LOTE A B Y C COMUNA IQUIQUE";"IQUIQUE";"-20.218261825773617";"-70.15547616758965"
"Tarapacá";"3087-20";"PLAYA BLANCA 2286 PISO 2 DEPARTAMENTO 26 COMUNA IQUIQUE";"IQUIQUE";"-20.24943820218603";"-70.13502056603546"
"Tarapacá";"3087-18";"PLAYA BLANCA 2286 DEPARTAMENTO 16 COMUNA IQUIQUE";"IQUIQUE";"-20.24943820218603";"-70.13502056603546"
"Tarapacá";"SIN ROL";"RUTA A-16 SECTOR HUANTAJAYA COMUNA ALTO HOSPICIO";"ALTO HOSPICIO";"-20.26110550963494";"-70.0617635993275"
"Tarapacá";"PREASIGNADO";"SECTOR RUTA A-16 SIN NUMERO COMUNA ALTO HOSPICIO";"ALTO HOSPICIO";"-20.265301730386497";"-70.07972505851896"
"Tarapacá";"SIN ROL";"RESERVA NACIONAL PAMPA DEL TAMARUGAL COMUNA HUARA Y POZO ALMONTE";"HUARA";"-20.440492414700607";"-69.67914303967397"
"Tarapacá";"PREASIGNADO";"PARQUE NACIONAL SALAR DEL HUASCO COMUNA PICA";"PICA";"-20.18022206140928";"-68.84071119550818"
"Tarapacá";"SIN ROL";"COMUNA POZO ALMONTE";"POZO ALMONTE";"-20.13392128718662";"-69.18460354739645"
"Tarapacá";"PREASIGNADO";"ALTO CONCOVA SIN NUMERO COMUNA PICA";"PICA";"-20.4876267461428";"-69.31242544760241"
"Tarapacá";"PREASIGNADO";"CAMINO VECINAL COMUNA PICA";"PICA";"-20.510332998632748";"-69.35198423124677"
"Tarapacá";"PREASIGNADO";"CALLE SANTA ROSA COMUNA POZO ALMONTE";"POZO ALMONTE";"-20.343658150159182";"-69.65135075048266"
"Tarapacá";"SIN ROL";"CALLE PROYECTADA COMUNA IQUIQUE";"IQUIQUE";"-20.331767926753148";"-70.14123382889397"
"Tarapacá";"SIN ROL";"CALLE PROYECTADA COMUNA ALTO HOSPICIO";"ALTO HOSPICIO";"-20.247466608522593";"-70.09351131267557"
"Tarapacá";"PREASIGNADO";"LOS ARENEROS SIN NUMERO MANZANA C LOTE 10 COMUNA ALTO HOSPICIO";"ALTO HOSPICIO";"-20.247504078615";"-70.09451096160701"
"Tarapacá";"4122-1";"CALLE TRES SIN NUMERO COMUNA POZO ALMONTE";"POZO ALMONTE";"-20.31621893022601";"-69.65797230802426"
"Tarapacá";"PREASIGNADO";"CAMINO PUBLICO SIN NUMERO COMUNA ALTO HOSPICIO";"ALTO HOSPICIO";"-20.288229587347427";"-70.08516326412311"
"Tarapacá";"PREASIGNADO";"CALLE ALDUNATE SIN NUMERO COMUNA POZO ALMONTE";"POZO ALMONTE";"-20.259063596226767";"-69.77463057661714"
"Tarapacá";"2682-9";"CAMINO PUBLICO SIN NUMERO COMUNA POZO ALMONTE";"POZO ALMONTE";"-20.26050613409151";"-69.77209027598987"
"Tarapacá";"SIN ROL";"AVENIDA LOS AROMOS SIN NUMERO COMUNA ALTO HOSPICIO";"ALTO HOSPICIO";"-20.264171662868698";"-70.09790033213962"
"Tarapacá";"5303-6";"MANZANA A LOTE 3 COMUNA ALTO HOSPICIO";"ALTO HOSPICIO";"-20.24752240615622";"-70.0969123185366"
"Tarapacá";"SIN ROL";"CALLE SANTA ROSA DE HUARA LOTE 5 COMUNA ALTO HOSPICIO";"ALTO HOSPICIO";"-20.27368206620018";"-70.088009798842"
"Tarapacá";"PREASIGNADO";"PROLONGACION AVENIDA LOS AROMOS COMUNA ALTO HOSPICIO";"ALTO HOSPICIO";"-20.291530786943795";"-70.08353862083518"
"Tarapacá";"2580-236";"LOTE A COMUNA HUARA";"HUARA";"-19.86138583256058";"-69.42992783996577"
"Tarapacá";"PREASIGNADO";"LOTE B COMUNA HUARA";"HUARA";"-19.86129512050853";"-69.42952564819552"
"Tarapacá";"PREASIGNADO";"PASAJE BOTES SIN NUMERO COMUNA IQUIQUE";"IQUIQUE";"-20.662954379740782";"-70.1834433065633"
"Tarapacá";"PREASIGNADO";"RUTA 16 SIN NUMERO COMUNA ALTO HOSPICIO";"ALTO HOSPICIO";"-20.26007793729897";"-70.06636735523915"
"Tarapacá";"PREASIGNADO";"RUTA A-65 SIN NUMERO COMUNA POZO ALMONTE";"POZO ALMONTE";"-20.258095253637766";"-69.77572283195305"
"Tarapacá";"PREASIGNADO";"RUTA 5 KILOMETRO 1839 COMUNA HUARA";"HUARA";"-20.000791175256804";"-69.765332023605"
"Tarapacá";"PREASIGNADO";"CALLE PROYECTADA SIN NUMERO COMUNA ALTO HOSPICIO";"ALTO HOSPICIO";"-20.296683639636147";"-70.06890241126844"
"Tarapacá";"PREASIGNADO";"AVENIDA LOS ARENEROS SIN NUMERO COMUNA ALTO HOSPICIO";"ALTO HOSPICIO";"-20.249519673195845";"-70.09412769963096"
"Tarapacá";"PREASIGNADO";"RUTA A-75 SIN NUMERO COMUNA PICA";"PICA";"-20.4963663280625";"-69.34620807722922"
"Tarapacá";"PREASIGNADO";"PASAJE PEATONAL SIN NUMERO COMUNA POZO ALMONTE";"POZO ALMONTE";"-20.13414535007732";"-69.18171119834074"
"Tarapacá";"SIN ROL";"CALLE PROYECTADA SIN NUMERO COMUN ALTO HOSPICIO";"ALTO HOSPICIO";"-20.29699952233008";"-70.06857006238876"
"Tarapacá";"PREASIGNADO";"LOTE 2 COMUNA ALTO HOSPICIO";"ALTO HOSPICIO";"-20.27333787999581";"-70.08783284510571"
"Tarapacá";"PREASIGNADO";"PREDIO IBAQUIZA COMUNA POZO ALMONTE";"POZO ALMONTE";"-20.07321074164463";"-69.20079449550393"
"Tarapacá";"PREASIGNADO";"ALTOS DE TARAPACA COMUNA HUARA";"HUARA";"-19.92307311018769";"-69.51471143385419"
"Tarapacá";"SIN ROL";"CALLE PROYECTADA SIN NUMERO COMUNA IQUIQUE";"IQUIQUE";"-20.706565847962136";"-70.19155258323211"
"Tarapacá";"SIN ROL";"AVENIDA LAS PARCELAS SIN NUMERO COMUNA ALTO HOSPICIO";"ALTO HOSPICIO";"-20.29237762130856";"-70.08277520253537"
"Tarapacá";"PREASIGNADO";"SITIO DOS MANZANA E COMUNA ALTO HOSPICIO";"ALTO HOSPICIO";"-20.297075129330818";"-70.0700267121345"
"Tarapacá";"PREASIGNADO";"SITIO 25 COMUNA ALTO HOSPICIO";"ALTO HOSPICIO";"-20.273472014575564";"-70.08552348943762"
"Tarapacá";"PREASIGNADO";"CERRO ESMERALDA COMUNA IQUIQUE";"IQUIQUE";"-20.23918484099546";"-70.12597598316029"
"Tarapacá";"SIN ROL";"RUTA A-1 KILOMETRO 17 COMUNA IQUIQUE";"IQUIQUE";"-20.357454095060437";"-70.16449843432765"
"Tarapacá";"PREASIGNADO";"RUTA 16 KILOMETRO 34.500 COMUNA ALTO HOSPICIO";"ALTO HOSPICIO";"-20.262337440079335";"-70.07342048949774"
"Tarapacá";"SIN ROL";"RUTA A-45 KILOMETRO 48.000 COMUNA CAMINA";"CAMINA";"-19.38157248387864";"-69.5707708829923"
"Tarapacá";"PREASIGNADO";"RUTA A-616 SITIO 3 HUANTAJAYA COMUNA ALTO HOSPICIO";"ALTO HOSPICIO";"-20.245822734764214";"-70.06590843981816"
"Tarapacá";"PREASIGNADO";"CALLE ALDUNATE SIN NUMERO COMUNA POZO ALMONTE";"POZO ALMONTE";"-20.25783298830651";"-69.77755423486656"
"Tarapacá";"PREASIGNADO";"PASAJE PUBLICO SIN NUEMRO COMUNA ALTO HOSPICIO";"ALTO HOSPICIO";"-20.24727673663288";"-70.0939587521082"
"Tarapacá";"PREASIGNADO";"RUTA A-1 KILOMETRO 10 COMUNA IQUIQUE";"IQUIQUE";"-20.295519494045926";"-70.12744399036404"
"Tarapacá";"PREASIGNADO";"CAMINO VECINAL SIN NUMERO COMUNA PICA";"PICA";"-20.464582703102327";"-69.33249911609279"
"Tarapacá";"5362-6 PREASIGNADO";"LOTE 8 MANZANA A COMUNA ALTO HOSPICIO";"ALTO HOSPICIO";"-20.2512145726686";"-70.06631868764296"
"Tarapacá";"SIN ROL";"AVENIDA SUR SIN NUMERO COMUNA ALTO HOSPICIO";"ALTO HOSPICIO";"-20.284761973283196";"-70.10108223199381"
"Tarapacá";"PREASIGNADO";"BIENES NACIONALES PROTEGIDOS ALTO PATACHE COMUNA DE IQUIQUE";"IQUIQUE";"-20.83239026474385";"-70.15880190189334"
"Tarapacá";"SIN ROL";"CAMINO A COSCAYA SIN NUMERO COMUNA HUARA";"HUARA";"-19.863931056101627";"-69.1380683684754"
"Tarapacá";"SIN ROL";"CAMINO PUBLICO SIN NUMERO COMUNA PICA";"PICA";"-20.491799933091368";"-69.3236672287258"
"Tarapacá";"SIN ROL";"RUTA A-665 KILOMETRO 30 SIN NUMERO COMUNA POZO ALMONTE";"POZO ALMONTE";"-20.439618666365654";"-69.51971126104652"
"Tarapacá";"SIN ROL";"CAMINO PUBLICO SIN NUMERO COMUNA POZO ALMONTE";"POZO ALMONTE";"-20.4139337627138";"-69.80466902613476"
"Tarapacá";"PREASIGNADO";"LOS VERDES COMUNA IQUIQUE";"IQUIQUE";"-20.43047465931894";"-70.14842810157917"
"Tarapacá";"3053-2";"VICTOR GARRIDO SIN NUMERO - LOTE A-2 COMUNA IQUIQUE";"IQUIQUE";"-20.239318094913028";"-70.1379074736865"
"Tarapacá";"SIN ROL";"CAMINO PROYECTADO SIN NUMERO COMUNA IQUIQUE";"IQUIQUE";"-20.99503791790589";"-70.15702135842935"
"Tarapacá";"PREASIGNADO";"CALLE ALTO MOLLE SIN NUMERO COMUNA ALTO HOSPICIO";"ALTO HOSPICIO";"-20.281412774561485";"-70.09167607319156"
"Tarapacá";"PREASIGNADO";"RUTA 5 A 1 KILOMETRO DEL PUEBLO DE HUARA COMUNA HUARA";"HUARA";"-20.0058700810072";"-69.76338058081274"
"Tarapacá";"PREASIGNADO";"LOTE 2 COMUNA PICA";"PICA";"-20.510245800085126";"-69.35519760817513"
"Tarapacá";"PREASIGNADO";"AVENIDA LOS AROMOS SIN NUMERO ALTO HOSPICIO";"ALTO HOSPICIO";"-20.29056239478391";"-70.08348354491605"
"Tarapacá";"5305-3";"LOTE 6 MANZANA C COMUNA ALTO HOSPICIO";"ALTO HOSPICIO";"-20.24836696568772";"-70.09342942614015"
"Tarapacá";"SIN ROL";"CALLE JERUSALEN SIN NUMERO COMUNA ALTO HOSPICIO";"ALTO HOSPICIO";"-20.250308331718934";"-70.10423186542"
"Tarapacá";"PREASIGNADO";"KILOMETRO 4 DE LA RUTA A-65 CAMINO A MAMINA";"POZO ALMONTE";"-20.268584952266078";"-69.75219555948222"
"Tarapacá";"PREASIGNADO";"AVENIDA LAS PARCELAS 2951 COMUNA ALTO HOSPICIO";"ALTO HOSPICIO";"-20.262290494433284";"-70.09926509307064"
"Tarapacá";"5529-1";"RUTA 616 KILOMETRO 12 SECTOR EL BORO";"ALTO HOSPICIO";"-20.25578172740926";"-70.11066453532551"
"Tarapacá";"2421-1";"CALLE ESTACION SIN NUMERO COMUNA HUARA";"HUARA";"-20.000864302521585";"-69.7721905481468"
"Tarapacá";"94-1";"CALETA JUNIN 9,6 KILOMETROS APROXIMADOS AL SUR DE PISAGUA";"HUARA";"-19.65868133944137";"-70.16764610752921"
"Tarapacá";"4432-6";"SECTOR NORTE SARA KILOMETRO 1798 RUTA 5";"POZO ALMONTE";"-20.296423121726654";"-69.76302204812653"
"Tarapacá";"6327-1";"AVENIDA LAS AMERICAS SIN NUMERO ESQUINA CALLE CONTINENTAL";"ALTO HOSPICIO";"-20.285313455743147";"-70.10198115574757"
"Tarapacá";"PREASIGNADO";"CALLLE JERUSALEN SIN NUMERO EX PARCELA 18 LOTE B ALTO HOSPICIO";"ALTO HOSPICIO";"-20.250167936058517";"-70.1043008613133"
"Tarapacá";"6701-4 PREASIGNADO";"CALLE PUBLICA NUMERO 2329 COMUNA DE ALTO HOSPICIO";"ALTO HOSPICIO";"-20.247710018838735";"-70.08431517298226"
"Tarapacá";"551-22";"CALLE BARROS ARANA 1196 COMUNA IQUIQUE";"IQUIQUE";"-20.219325460535384";"-70.1473594814311"
"Tarapacá";"5302-10";"CALLE LUIS EMILIO RECABARREN ESQUINA ITALO SCIARAFFIA LOTE B SECTOR EL BORO";"ALTO HOSPICIO";"-20.24911443067812";"-70.09435736191568"
"Tarapacá";"4700-89";"CALLE VIA 5 COMUNA IQUIQUE";"IQUIQUE";"-20.29074997018688";"-70.12000933989815"
"Tarapacá";"4110-5";"LOTE 5 MANZANA 22 LA TIRANA COMUNA POZO ALMONTE";"POZO ALMONTE";"-20.327335775674392";"-69.65557761789616"
"Tarapacá";"2681-2";"CALLE ALDUNATE SIN NUMERO COMUNA POZO ALMONTE";"POZO ALMONTE";"-20.2595120520695";"-69.77038445620971"
"Tarapacá";"5302-6";"SITIO 8 MANZANA C COMUNA ALTO HOSPICIO";"ALTO HOSPICIO";"-20.248219316387853";"-70.09439423129703"
"Tarapacá";"5301-5";"SITIO 2 MANZANA E COMUNA ALTO HOSPICIO";"ALTO HOSPICIO";"-20.249443687075484";"-70.09548789556743"
"Tarapacá";"5350-06";"CALLE ITALO SCIARAFFIA COMUNA ALTO HOSPICIO";"ALTO HOSPICIO";"-20.249549303381805";"-70.09672789977803"
"Tarapacá";"5394-1";"SITIO 1 COMUNA ALTO HOSPICIO";"ALTO HOSPICIO";"-20.24904543205487";"-70.07709584495205"
"Tarapacá";"7001-14";"LOTE 14 COMUNA ALTO HOSPICIO";"ALTO HOSPICIO";"-20.27096758413251";"-70.08659360882967"
"Tarapacá";"2806-10";"RUTA A-65 KILOMETRO 8 COMUNA POZO ALMONTE";"IQUIQUE";"-20.25856750939145";"-69.71639706285522"
"Tarapacá";"2668-4";"RUTA 5 SIN NUMERO COMUNA POZO ALMONTE";"POZO ALMONTE";"-20.275495547752143";"-69.78047060145907"
"Tarapacá";"2422-3";"LOTE 3 MANZANA G COMUNA IQUIQUE";"IQUIQUE";"-20.432346143711182";"-70.15435346066282"
"Tarapacá";"2422-4";"LOTE 4 MANZANA G COMUNA IQUIQUE";"IQUIQUE";"-20.432474588699524";"-70.15481274451857"
"Tarapacá";"7000-13";"LOTE 1 COMUNA ALTO HOSPICIO";"ALTO HOSPICIO";"-20.272142548606904";"-70.08702345479124"
"Tarapacá";"2666-16";"RUTA A-65 KILOMETRO 2 BARRIO INDUSTRIAL COMUNA POZO ALMONTE";"POZO ALMONTE";"-20.255775595257557";"-69.76833694494803"
"Tarapacá";"PREASIGNADO";"SECTOR SANTA ROSA RUTA 16 KILOMETRO 34,10 CALLE PUBLICA COMUNA DE ALTO HOSPICIO";"ALTO HOSPICIO";"-20.264640730393708";"-70.06691436374285"
"Tarapacá";"SIN ROL";"RUTA A-616 SIN NUMERO LOTE A Y LOTE B COMUNA ALTO HOSPICIO";"ALTO HOSPICIO";"-20.23898171908553";"-70.05751827507973"
"Tarapacá";"PREASIGNADO";"SECTOR DE HUANTAJAYA RUTA 16 KILOMETRO 33.2";"ALTO HOSPICIO";"-20.265104410504694";"-70.06274664770055"
"Tarapacá";"PREASIGNADO";"SECTOR DE HUANTAJAYA RUTA 16 KILOMETRO 33.2";"ALTO HOSPICIO";"-20.265249711580985";"-70.06151917186358"
"Tarapacá";"PREASIGNADO";"MANZANA 8 LOTE 13 COMUNA DE POZO ALMONTE";"POZO ALMONTE";"-20.356875844773256";"-69.65420319917945"
"Tarapacá";"SIN ROL";"PASAJE PUBLICO SIN NUMERO AL OESTE DE PLAZA COMUNA HUARA";"HUARA";"-19.742623194429488";"-69.21985586400898"
"Tarapacá";"SIN ROL";"PASAJE PUBLICO SIN NUMERO COMUNA HUARA";"HUARA";"-19.742585719162314";"-69.21974073769556"
"Tarapacá";"PREASIGNADO";"RUTA A-651 KILOMETRO 24 COMUNA POZO ALMONTE";"POZO ALMONTE";"-20.24403443867523";"-69.57253818512305"
"Tarapacá";"PREASIGNADO";"CAMINO PUBLICO SIN NUMERO COMUNA PICA";"PICA";"-20.491748098790694";"-69.31892751333574"
"Tarapacá";"SIN ROL";"CALLE LAUTARO SIN NUMERO COMUNA PICA";"PICA";"-20.51539618667787";"-69.36043692362621"
"Tarapacá";"2427-1";"MANZANA L, COMUNA IQUIQUE";"IQUIQUE";"-20.425757050883572";"-70.15447952434526"
"Tarapacá";"SIN ROL";"SECTOR BAJO MATILLA SIN NUMERO LOTE 5 COMUNA PICA";"PICA";"-20.503508955516793";"-69.37628770389252"
"Tarapacá";"PREASIGNADO";"LOTE 3 MANZANA H COMUNA IQUIQUE";"IQUIQUE";"-20.431045475761078";"-70.155492741809"
"Tarapacá";"PREASIGNADO";"LOTE 4 COMUNA ALTO HOSPICIO";"ALTO HOSPICIO";"-20.272658889282457";"-70.0872515619003"
"Tarapacá";"PREASIGNADO";"RUTA A-1 KILOMETRO 335 COMUNA IQUIQUE";"IQUIQUE";"-20.881445096928203";"-70.13753374701133"
"Tarapacá";"PREASIGNADO";"CERRO ESTEBAN POZO ALMONTE";"POZO ALMONTE";"-20.325456887023623";"-69.77515334656516"
"Tarapacá";"PREASIGNADO";"CALLE LOS AROMOS SIN NUMERO COMUNA DE ALTO HOSPICIO";"ALTO HOSPICIO";"-20.282557459481463";"-70.08843815677898"
"Tarapacá";"4300-65";"MANZANA 8 SITIO 3 CALETA CHANAVAYITA IQUIQUE";"IQUIQUE";"-20.705480841557186";"-70.18816428386013"
"Tarapacá";"ROL PREASIGNADO";"CALLE PROYECTADA SIN NUMERO POZO ALMONTE";"POZO ALMONTE";"-20.258921349710445";"-69.78049692715521"
"Tarapacá";"PREASIGNADO";"RUTA 85 KILOMETO 90 COMUNA DE PICA";"PICA";"-20.973728593472405";"-68.85034473673839"
"Tarapacá";"PREASIGNADO";"CALLE ALDUNATE NUMERO 913 COMUNA DE POZO ALMONTE";"POZO ALMONTE";"-20.258725000120094";"-69.78049784307377"
"Tarapacá";"SIN ROL";"RUTA A-65 KILOMETRO 89 COMUNA DE PICA";"PICA";"-20.311385944876164";"-69.01900419586192"
"Tarapacá";"PREASIGNADO";"CERRO DRAGON IQUIQUE";"IQUIQUE";"-20.261682885652526";"-70.11992533606083"
"Tarapacá";"PREASIGNADO";"AVENIDA RICARDO LAGOS NUMERO 47 COMUNA ALTO HOSPICIO";"ALTO HOSPICIO";"-20.284174288193096";"-70.08812388173556"
"Tarapacá";"PREASIGNADO";"PASAJE LOS CONQUISTADORES SIN NUMERO COMUNA DE ALTO HOSPICIO";"ALTO HOSPICIO";"-20.282876236303057";"-70.0910742228545"
"Tarapacá";"6003-2";"CALLE LOS AROMOS SIN NUMERO COMUNA DE ALTO HOSPICIO";"ALTO HOSPICIO";"-20.264865331890952";"-70.09740662106795"
"Tarapacá";"PREASIGNADO";"CALLE PUBLICA SIN NUMERO RUTA 16 COMUNA DE ALTO HOSPICIO";"ALTO HOSPICIO";"-20.265580766719356";"-70.06722773390479"
"Tarapacá";"SIN ROL";"CALLE PUBLICA SIN NUMERO COMUNA POZO ALMONTE";"POZO ALMONTE";"-20.260687267953475";"-69.76753534647654"
"Tarapacá";"3085-8";"JOSÃƒ? FRANCISCO VERGARA 3149 SITIO 8 COMUNA IQUIQUE";"IQUIQUE";"-20.24842553366327";"-70.13504671676489"
"Tarapacá";"SIN ROL";"SECTOR LA PAMPA - ALTO MOLLE SIN NUMERO COMUNA ALTO HOSPICIO";"ALTO HOSPICIO";"-20.294514431122277";"-70.10705324805947"
"Tarapacá";"PREASIGNADO";"AVENIDA SANTIAGO POLANCO NUMERO 2227 COMUNA IQUIQUE";"IQUIQUE";"-20.24762427354708";"-70.13582862410118"
"Tarapacá";"PREASIGNADO";"RUTA 1 KILOMETRO 402 COMUNA IQUIQUE";"IQUIQUE";"-20.33207555173607";"-70.14109711903049"
"Tarapacá";"PREASIGNADO";"ESQUINA PASAJE 8 Y CALLE 7 COMUNA ALTO HOSPICIO";"ALTO HOSPICIO";"-20.249321039707688";"-70.10134117684385"
"Tarapacá";"4700-58";"VIA 8 COMUNA IQUIQUE";"IQUIQUE";"-20.28885451565807";"-70.1231858693262"
"Tarapacá";"PREASIGNADO";"LOTE 1 MANZANA 4 COMUNA POZO ALMONTE";"POZO ALMONTE";"-20.254864101740452";"-69.77813167379384"
"Tarapacá";"PREASIGNADO";"CALLE 4 SIN NUMERO COMUNA POZO ALMONTE";"POZO ALMONTE";"-20.359062094914393";"-69.6536287473651"
"Tarapacá";"PREASIGNADO";"HUATACONDO COMUNA POZO ALMONTE";"POZO ALMONTE";"-20.93123861581941";"-69.05054970335607"
"Tarapacá";"PREASIGNADO";"CALLE PROYECTADA SIN NUMERO COMUNA IQUIQUE";"IQUIQUE";"-20.70757052692154";"-70.19091839255417"
"Tarapacá";"PREASIGNADO";"SECTOR CHOJA COMUNA PICA";"PICA";"-21.028195345440366";"-68.87675944517595"
"Tarapacá";"PREASIGNADO";"QUEBRADA DE CHACARILLA COMUNA PICA";"PICA";"-20.68413260009469";"-69.35603802000028"
"Tarapacá";"PRESIGNADO";"SECTOR CUMBRE PENINSULA PISAGUA COMUNA HUARA";"HUARA";"-19.603963151741326";"-70.21465171117306"
"Tarapacá";"PREASIGNADO";"RUTA A-616 KILOMETRO 33.5 COMUNA ALTO HOSPICIO";"ALTO HOSPICIO";"-20.25177813543397";"-70.06160334231329"
"Tarapacá";"PREASIGNADO";"CALLE PROYECTADA SIN NUMERO COMUNA POZO ALMONTE";"POZO ALMONTE";"-20.257314588961776";"-69.7757822885015"
"Tarapacá";"PREASIGNADO";"CALLE ALDUNATE SIN NUMERO COMUNA POZO ALMONTE";"POZO ALMONTE";"-20.258063880557096";"-69.77632280130916"
"Tarapacá";"PREASIGNADO";"CALLE TAMARUGAL SIN NUMERO COMUNA HUARA";"HUARA";"-19.948709022270208";"-69.53970839843322"
"Tarapacá";"PREASIGNADO";"VIA 6 COMUNA IQUIQUE";"IQUIQUE";"-20.283787755013723";"-70.12351847141095"
"Tarapacá";"320-12";"TARAPACA 781 IQUIQUE";"IQUIQUE";"-20.214367128775145";"-70.14745128022753"
"Tarapacá";"PREASIGNADO";"CALLE LUIS YANEZ BRICENO ESQUINA CALLE ANDRES FARIAS COMUNA DE POZO ALMONTE";"POZO ALMONTE";"-20.26526859719625";"-69.77845487792948"
"Tarapacá";"PREASIGNADO";"PREDIO 1 COMUNA IQUIQUE";"IQUIQUE";"-21.1121279109498";"-70.11985009326311"
"Tarapacá";"PREASIGNADO";"PREDIO 3 COMUNA IQUIQUE";"IQUIQUE";"-21.116305600080807";"-70.11942815457498"
"Tarapacá";"PREASIGNADO";"PREDIO 5 COMUNA IQUIQUE";"IQUIQUE";"-20.70565384143638";"-70.1827205324624"
"Tarapacá";"PREASIGNADO";"PREDIO 6 COMUNA IQUIQUE";"IQUIQUE";"-20.331254738846425";"-70.14332794052505"
"Tarapacá";"PREASIGNADO";"CALLE SANTA ROSA DE MOLLE SIN NUMERO COMUNA ALTO HOSPICIO";"ALTO HOSPICIO";"-20.274784212374136";"-70.08708748227119"
"Tarapacá";"SIN ROL";"LOTE 5 COMUNA PICA";"PICA";"-20.51216235048069";"-69.35624194508854"
"Tarapacá";"SIN ROL";"CALLE PROYECTADA SIN NUMERO COMUNA DE ALTO HOSPICIO";"ALTO HOSPICIO";"-20.246826947408557";"-70.05923200679288"
"Tarapacá";"PREASIGNADO";"RUTA 665 KILOMETRO 47 COMUNA DE PICA";"PICA";"-20.499818787056025";"-69.34802494310628"
"Tarapacá";"SIN ROL";"CUMBRE CERRO TARAPACA COMUNA DE IQUIQUE";"IQUIQUE";"-20.350722637565635";"-70.11058709029027"
"Tarapacá";"PREASIGNADO";"RUTA 1 KILOMETRO 320.600 COMUNA IQUIQUE";"IQUIQUE";"-20.99299717853915";"-70.1553892654525"
"Tarapacá";"PREASIGNADO";"CRUCE RUTA 5 Y RUTA A-40 COMUNA HUARA";"HUARA";"-19.61313241461262";"-69.9405599180936"
"Tarapacá";"NO MENCIONA";"HUANTAJAYA SUR COMUNA ALTO HOSPICIO";"ALTO HOSPICIO";"-20.26687917100159";"-70.06656514211664"
"Tarapacá";"PREASIGNADO";"CAMINO PUBLICO SIN NUMERO COMUNA PICA";"PICA";"-20.515955213738554";"-69.34581324178775"
"Tarapacá";"PREASIGNADO";"SECTOR VALLE DE QUISCA COMUNA DE PICA";"PICA";"-20.481170069340344";"-69.34181864650543"
"Tarapacá";"PREASIGNADO";"RUTA 1 KILOMETRO 361.220 CALETA CARAMUCHO COMUNA DE IQUIQUE";"IQUIQUE";"-20.659014574128435";"-70.17984977568818"
"Tarapacá";"PREASIGNADO";"RUTA 1 KILOMETRO 304 COMUNA IQUIQUE";"IQUIQUE";"-21.12110436113859";"-70.12402240116124"
"Tarapacá";"PREASIGNADO";"SECTOR ALTO COMINA COMUNA DE PICA";"PICA";"-20.48664827629136";"-69.345260906663"
"Tarapacá";"PREASIGNADO";"RUTA A-750 KILOMETRO 27 COMUNA IQUIQUE";"IQUIQUE";"-20.884460352123238";"-70.03910786838185"
"Tarapacá";"PREASIGNADO";"LOTE C COMUNA POZO ALMONTE";"POZO ALMONTE";"-21.631158546835007";"-69.54997766112699"
"Tarapacá";"PREASIGNADO 1057-122";"CALLE VECINAL SIN NUMERO COMUNA HUARA";"HUARA";"-19.77131638619882";"-69.79679471383463"
"Tarapacá";"1057-121";"CAMINO VECINAL SIN NUMERO COMUNA HUARA";"HUARA";"-19.77113782703287";"-69.79869441920599"
"Tarapacá";"PREASIGNADO";"CALLE VECINA SIN NUMERO COMUNA ALTO HOSPICIO";"ALTO HOSPICIO";"-20.262600451333295";"-70.07364509587815"
"Tarapacá";"PREASIGNADO";"RUTA 5 SIN NUMERO COMUNA POZO ALMONTE";"POZO ALMONTE";"-20.270420233161566";"-69.78285863445399"
"Tarapacá";"SIN ROL";"CUMBRE CERRO TARAPACA COMUNA POZO ALMONTE";"POZO ALMONTE";"-20.35201066233741";"-70.10846202202077"
"Tarapacá";"PREASIGNADO";"CALETA CHANAVAYA IQUIQUE";"IQUIQUE";"-20.896979087441796";"-70.13749477712437"
"Tarapacá";"PREASIGNADO";"RUTA A-65 KILOMETRO 7 POZO ALMONTE";"POZO ALMONTE";"-20.261702616949762";"-69.72774267065442"
"Tarapacá";"2537-1 PREASIGNADO";"CALLE 1 SIN NUMERO ESQUINA CALLE 5 COMUNA IQUIQUE";"IQUIQUE";"-21.112320157602372";"-70.11994768463937"
"Tarapacá";"PREASIGNADO";"KILOMETRO 349.9 RUTA 1 COMUNA IQUIQUE";"IQUIQUE";"-20.760764991754705";"-70.17990774042799"