REGION;COMUNA;ROL_SII;NOMBRE;SUP_M2;MODO;TIER;VALOR_UF;VALOR_USD
"13- REGION METROPOLITANA";"SAN BERNARDO";"4590-1";"HIJUELA LA OBRA DE CHENA LOTE A Y LOTE B COMUNA SAN BERNARDO";"4497500";"..";"1-disponible/recuperable";"26985000";"1147799874"
"13- REGION METROPOLITANA";"NUNOA";"6115-1";"GRECIA 2001 COMUNA NUNOA";"576602";"CONCESION GRATUITA A LARGO PLAZO";"2-posible";"24217284";"1030075802"
"05- REGION DE VALPARAÍSO";"SAN ANTONIO";"9060-2";"SOTERO DEL RIO INTERIOR LOCALIDAD SAN JUAN COMUNA SAN ANTONIO";"1219200";"PERMISO OCUPACION";"2-posible";"9753600";"414866809"
"13- REGION METROPOLITANA";"SANTIAGO";"3812-1";"PEDRO MONTT 1606 COMUNA SANTIAGO - ISABEL RIQUELME 1651 COMUNA PEDRO AGUIRRE CERDA";"94260";"..";"1-disponible/recuperable";"3299084";"140325670"
"13- REGION METROPOLITANA";"NUNOA";"6133-217 - 6133-67";"PEDRO DE VALDIVIA 4650 COMUNA NUNOA";"57569";"CONCESION GRATUITA A CORTO PLAZO";"1-disponible/recuperable";"2417889";"102844272"
"13- REGION METROPOLITANA";"LO BARNECHEA";"3519-1";"LA DEHESA 215 LOTE B-2 COMUNA LO BARNECHEA";"59157";"CONCESION GRATUITA A LARGO PLAZO";"2-posible";"2366300";"100649948"
"08- REGION DEL BIOBIO";"TALCAHUANO";"1530-2";"LOTE 1-3 SECTOR EL MORRO COMUNA TALCAHUANO";"179396";"CONCESION GRATUITA A CORTO PLAZO";"1-disponible/recuperable";"2152747";"91566527"
"13- REGION METROPOLITANA";"QUINTA NORMAL";"11018";"PARQUE DE LA FAMILIA COMUNA QUINTA NORMAL";"115832";"CONCESION GRATUITA A CORTO PLAZO";"1-disponible/recuperable";"1853312";"78830138"
"05- REGION DE VALPARAÍSO";"SAN ANTONIO";"8000-18";"AVENIDA LA PLAYA 332 LOTE U IV COMUNA SAN ANTONIO";"228904";"CONCESION GRATUITA A LARGO PLAZO";"2-posible";"1831231";"77890929"
"05- REGION DE VALPARAÍSO";"VINA DEL MAR";"2023-66";"RANCAGUA PROYECTADA COMUNA VINA DEL MAR";"60000";"CONCESION GRATUITA A CORTO PLAZO";"1-disponible/recuperable";"1500000";"63802105"
"08- REGION DEL BIOBIO";"TALCAHUANO";"1530-3";"LOTE 1-5 CRISTOBAL COLON 2511 SECTOR EL MORRO COMUNA TALCAHUANO";"124926";"CONCESION GRATUITA A LARGO PLAZO";"2-posible";"1499109";"63764207"
"13- REGION METROPOLITANA";"SAN JOAQUIN";"5110-1";"VICUNA MACKENNA 5065 COMUNA SAN JOAQUIN";"84835";"..";"1-disponible/recuperable";"1442188";"61343087"
"13- REGION METROPOLITANA";"LO BARNECHEA";"3519-18";"LOTE F-2 COMUNA LO BARNECHEA";"35838";"..";"1-disponible/recuperable";"1433513";"60974098"
"13- REGION METROPOLITANA";"SANTIAGO";"84-1";"TEATINOS 120 COMUNA SANTIAGO";"40446";"..";"1-disponible/recuperable";"1415594";"60211918"
"13- REGION METROPOLITANA";"NUNOA";"51-1";"BROWN NORTE 105 COMUNA NUNOA";"30760";"PERMISO OCUPACION";"2-posible";"1291899";"54950584"
"08- REGION DEL BIOBIO";"CHIGUAYANTE";"1425-2";"CAMINO PUBLICO DE CONCEPCION A CHIGUAYANTE KILOMETRO 66 AL 67 FFCC DE SAN ROSENDO A CONCEPCIO";"127400";"..";"1-disponible/recuperable";"1274000";"54189255"
"13- REGION METROPOLITANA";"SAN JOAQUIN";"1010-3";"CARLOS VALDOVINOS 279 COMUNA SAN JOAQUIN";"73000";"..";"1-disponible/recuperable";"1241000";"52785608"
"13- REGION METROPOLITANA";"INDEPENDENCIA";"2150-1";"SAN JOSE 1053 Y BELISARIO PRATS 1587 COMUNA INDEPENDENCIA";"56149";"..";"1-disponible/recuperable";"1235269";"52541842"
"13- REGION METROPOLITANA";"QUINTA NORMAL";"4044-38";"COSTANERA SUR LOTE 4 COMUNA QUINTA NORMAL";"74142";"CONCESION GRATUITA A LARGO PLAZO";"2-posible";"1186272";"50457767"
"05- REGION DE VALPARAÍSO";"VINA DEL MAR";"2360-8/2360-17/2360-18";"ALESSANDRI SIN NUMERO RESTO DEL PREDIO 8 LOTE 3 COMUNA VINA DEL MAR";"36074";"..";"1-disponible/recuperable";"901846";"38359782"
"08- REGION DEL BIOBIO";"CHIGUAYANTE";"1425-2";"CAMINO PUBLICO CONCEPCION A CHIGUAYANTE KILOMETRO 66 AL 67 FFCC DE SAN ROSENDO A CONCEPCION M";"86722";"..";"1-disponible/recuperable";"867217";"36886847"
"13- REGION METROPOLITANA";"SANTIAGO";"51-1";"PLAZA DE LA CIUDADANIA COMUNA SANTIAGO";"23974";"CONCESION GRATUITA A LARGO PLAZO";"2-posible";"839088";"35690387"
"13- REGION METROPOLITANA";"INDEPENDENCIA";"631-4";"FERMIN VIVACETA 649 RIVERA 1561 LOTE 1 B Y 1 C COMUNA INDEPENDENCIA";"37387";"CONCESION GRATUITA A LARGO PLAZO";"2-posible";"822521";"34985714"
"13- REGION METROPOLITANA";"SAN JOAQUIN";"1016-1";"CARLOS VALDOVINOS 497 COMUNA SAN JOAQUIN";"46400";"CONCESION GRATUITA A LARGO PLAZO";"2-posible";"788800";"33551400"
"05- REGION DE VALPARAÍSO";"CARTAGENA";"1001-37";"IGNACIO CARRERA PINTO SIN NUMERO LOTE 5 COMUNA CARTAGENA";"152742";"CONCESION GRATUITA A CORTO PLAZO";"1-disponible/recuperable";"763710";"32484204"
"13- REGION METROPOLITANA";"SANTIAGO";"44933";"BERNARDO OHIGGINS 189-199 VILLAVICENCIO 21 Y BERNARDO OHIGGINS ESQUINA NOROESTE CON CALLE NAM";"19856";"..";"1-disponible/recuperable";"694961";"29559983"
"05- REGION DE VALPARAÍSO";"VINA DEL MAR";"615-1/612-3/612-4";"CALLAO 398 IBERIA 252 COMUNA VINA DEL MAR";"27439";"..";"1-disponible/recuperable";"685965";"29177341"
"08- REGION DEL BIOBIO";"TALCAHUANO";"7019-30";"LATORRE FUERTE BENAVENTE LOTE 2 COMUNA TALCAHUANO";"54636";"CONCESION GRATUITA A LARGO PLAZO";"2-posible";"655632";"27887135"
"13- REGION METROPOLITANA";"LA FLORIDA";"2516-39";"SANTA AMALIA 1022 COMUNA LA FLORIDA";"42728";"..";"1-disponible/recuperable";"598192";"25443939"
"13- REGION METROPOLITANA";"SAN BERNARDO";"NO TIENE";"FUNDO CERRO NEGRO LOTES 1 Y LOTE 2 ANTES LOTE A, B Y C COMUNA SAN BERNARDO";"96200";"..";"1-disponible/recuperable";"577200";"24551050"
"05- REGION DE VALPARAÍSO";"VINA DEL MAR";"2472-311";"GOMEZ CARRENO ESQUINA INDICO LOTE 236-A COMUNA VINA DEL MAR";"20480";"CONCESION GRATUITA A CORTO PLAZO";"1-disponible/recuperable";"512000";"21777785"
"08- REGION DEL BIOBIO";"SAN PEDRO DE LA PAZ";"12681-1";"CALLE LOS PENSAMIENTOS MANZANA LOTE 1 Y 2 COMUNA SAN PEDRO DE LA PAZ";"36209";"..";"1-disponible/recuperable";"506926";"21561964"
"13- REGION METROPOLITANA";"SANTIAGO";"33-4";"BANDERA 46 - 52 COMUNA SANTIAGO";"12551";"PERMISO OCUPACION";"2-posible";"439271";"18684276"
"13- REGION METROPOLITANA";"SANTIAGO";"159-1";"CATEDRAL 1150 COMUNA SANTIAGO";"12299";"..";"1-disponible/recuperable";"430451";"18309120"
"13- REGION METROPOLITANA";"LO ESPEJO";"4600-14";"JORGE ALESSANDRI RODRIGUEZ 8887 LOTE B COMUNA LO ESPEJO";"50140";"PERMISO OCUPACION";"2-posible";"401120";"17061534"
"13- REGION METROPOLITANA";"QUINTA NORMAL";"4055-35";"LOTE 1C COMUNA QUINTA NORMAL";"24859";"CONCESION GRATUITA A LARGO PLAZO";"2-posible";"397748";"16918107"
"13- REGION METROPOLITANA";"SAN JOAQUIN";"3325-3";"COMERCIO 251 COMUNA SAN JOAQUIN";"22680";"CONCESION GRATUITA A LARGO PLAZO";"2-posible";"385560";"16399693"
"08- REGION DEL BIOBIO";"CONCEPCION";"SIN ROL";"GENERAL OSCAR BONILLA LOTE 2 COMUNA CONCEPCION";"20317";"CONCESION GRATUITA A CORTO PLAZO";"1-disponible/recuperable";"365702";"15555038"
"05- REGION DE VALPARAÍSO";"CARTAGENA";"SIN ROL";"COSTANERA DEL MAR SIN NUMERO LOTE 4 COMUNA CARTAGENA";"71048";"CONCESION GRATUITA A CORTO PLAZO";"1-disponible/recuperable";"355242";"15110125"
"13- REGION METROPOLITANA";"PADRE HURTADO";"334-910 - 334-911 - 334-912";"CAMINO A MELIPILLA 641 COMUNA PADRE HURTADO";"58112";"..";"1-disponible/recuperable";"348670";"14830587"
"05- REGION DE VALPARAÍSO";"VALPARAISO";"5131-1";"PASAJE LAS QUINTAS MANZANA Q LOTE 1 COMUNA VALPARAISO";"21473";"CONCESION GRATUITA A CORTO PLAZO";"1-disponible/recuperable";"322095";"13700226"
"05- REGION DE VALPARAÍSO";"CARTAGENA";"1099-9";"RUTA G-98-F INTERIOR LOTE B COMUNA CARTAGENA";"61399";"..";"1-disponible/recuperable";"306997";"13058037"
"13- REGION METROPOLITANA";"SANTIAGO";"278-6";"MATUCANA 501 - 573 COMUNA SANTIAGO";"8766";"CONCESION GRATUITA A LARGO PLAZO";"2-posible";"306821";"13050550"
"05- REGION DE VALPARAÍSO";"VINA DEL MAR";"4659-812";"ESMERALDA SIN NUMERO COMUNA VINA DEL MAR";"11409";"CONCESION GRATUITA A CORTO PLAZO";"1-disponible/recuperable";"285225";"12131970"
"13- REGION METROPOLITANA";"LA GRANJA";"2214-4";"LA VICTORIA 036 AL 0356 LOTE B LOTE C LOTE D Y LOTE E COMUNA LA GRANJA";"28345";"..";"1-disponible/recuperable";"283453";"12056599"
"13- REGION METROPOLITANA";"NUNOA";"1571-3";"ROSITA RENARD 1179 LOTE A COMUNA NUNOA";"6707";"CONCESION GRATUITA A CORTO PLAZO";"1-disponible/recuperable";"281677";"11981057"
"13- REGION METROPOLITANA";"RECOLETA";"5396-2";"DUQUE DE KENT 1020 COMUNA RECOLETA";"14080";"CONCESION GRATUITA A CORTO PLAZO";"1-disponible/recuperable";"281600";"11977782"
"05- REGION DE VALPARAÍSO";"VINA DEL MAR";"2360-14/2360-19";"ALESSANDRI SIN NUMERO RESTO DEL PREDIO 9 LOTE 9B COMUNA VINA DEL MAR";"11210";"..";"1-disponible/recuperable";"280246";"11920190"
"08- REGION DEL BIOBIO";"CONCEPCION";"603-1";"PAICAVI 1320 LOTE 1 COMUNA CONCEPCION";"14987";"..";"1-disponible/recuperable";"269762";"11474256"
"13- REGION METROPOLITANA";"SANTIAGO";"1005-4";"BASCUNAN GUERRERO 910 COMUNA SANTIAGO";"7568";"..";"1-disponible/recuperable";"264894";"11267197"
"05- REGION DE VALPARAÍSO";"EL TABO";"670-264 Y 670-265";"ARMANDO CELIS SIN NUMERO LOTES NUMEROS 1, 2, 3, 5, 6 Y 7 COMUNA EL TABO";"52816";"..";"1-disponible/recuperable";"264081";"11232616"
"13- REGION METROPOLITANA";"SANTIAGO";"107-254";"AGUSTINAS 1269 COMUNA SANTIAGO";"7494";"..";"1-disponible/recuperable";"262281";"11156053"
"08- REGION DEL BIOBIO";"CHIGUAYANTE";"1425-2";"CAMINO PUBLICO DE CONCEPCION A CHIGUAYANTE COMUNA CHIGUAYANTE";"25813";"CONCESION GRATUITA A CORTO PLAZO";"1-disponible/recuperable";"258130";"10979492"
"13- REGION METROPOLITANA";"RECOLETA";"2576-1 - 2576-13 - 2576-14";"ARZOBISPO VALDIVIESO 0186 COMUNA RECOLETA";"11857";"CONCESION GRATUITA A CORTO PLAZO";"1-disponible/recuperable";"237139";"10086645"
"05- REGION DE VALPARAÍSO";"EL TABO";"335-34/335-9";"DAGOBERTO GODOY SIN NUMERO LOTE 1-A LOTE 1-B LOTE 2 LOTE 3-A LOTE 3-B COMUNA EL TABO";"43043";"..";"1-disponible/recuperable";"215215";"9154113"
"05- REGION DE VALPARAÍSO";"VALPARAISO";"3063-1";"CARCEL 491 LOTE 3A COMUNA VALPARAISO";"14236";"CONCESION GRATUITA A LARGO PLAZO";"2-posible";"213537";"9082740"
"05- REGION DE VALPARAÍSO";"VALPARAISO";"3159-5";"LO VENEGAS SIN NUMERO COMUNA VALPARAISO";"14155";"CONCESION GRATUITA A CORTO PLAZO";"1-disponible/recuperable";"212325";"9031188"
"05- REGION DE VALPARAÍSO";"VINA DEL MAR";"2440-90";"CIRCUNVALACION NORTE SIN NUMERO LOTE 1 Y 2 COMUNA VINA DEL MAR";"8305";"CONCESION GRATUITA A LARGO PLAZO";"2-posible";"207625";"8831275"
"05- REGION DE VALPARAÍSO";"SAN ANTONIO";"1530-1";"IGNACIO VICUNA COMUNA SAN ANTONIO";"25927";"..";"1-disponible/recuperable";"207414";"8822300"
"13- REGION METROPOLITANA";"LA REINA";"6030-5";"LARRAIN 9900 LOTE A COMUNA LA REINA";"6512";"CONCESION GRATUITA A LARGO PLAZO";"2-posible";"195346";"8308991"
"13- REGION METROPOLITANA";"NUNOA";"5962-4";"RAMON CRUZ MONTT 1099 ENTRE RAUL SILVA CASTRO Y PASAJE LAS OLAS COMUNA NUNOA";"4597";"CONCESION GRATUITA A LARGO PLAZO";"2-posible";"193059";"8211714"
"05- REGION DE VALPARAÍSO";"VILLA ALEMANA";"229-8";"BAQUEDANO 1151 Y VICTORIA 50 LOTE 1-A 1-B 1-C COMUNA VILLA ALEMANA";"21397";"..";"1-disponible/recuperable";"192569";"8190872"
"05- REGION DE VALPARAÍSO";"VINA DEL MAR";"366-42/366-43";"SANTA INES MANZANA I LOTE 1 COMUNA VINA DEL MAR";"7400";"CONCESION GRATUITA A LARGO PLAZO";"2-posible";"185000";"7868926"
"13- REGION METROPOLITANA";"NUNOA";"6403-1";"VIA OCHO 1065 COMUNA NUNOA";"4249";"CONCESION GRATUITA A CORTO PLAZO";"1-disponible/recuperable";"178450";"7590324"
"05- REGION DE VALPARAÍSO";"CARTAGENA";"1099-9";"LO ABARCA LOTE A COMUNA CARTAGENA";"34900";"..";"1-disponible/recuperable";"174500";"7422312"
"05- REGION DE VALPARAÍSO";"VINA DEL MAR";"2282-29, 2282-30, 2282-31 Y 2282-32";"ANTONIO FERNANDEZ SIN NUMERO LOTE 1, LOTE 2, LOTE 3, Y LOTE 4 COMUNA VINA DEL MAR";"6846";"..";"1-disponible/recuperable";"171161";"7280288"
"13- REGION METROPOLITANA";"QUINTA NORMAL";"4044-36";"COSTANERA SUR LOTE 2 COMUNA QUINTA NORMAL";"10385";"CONCESION GRATUITA A LARGO PLAZO";"2-posible";"166158";"7067487"
"13- REGION METROPOLITANA";"QUINTA NORMAL";"4034-33";"LOTE 1A COMUNA QUINTA NORMAL";"10180";"CONCESION GRATUITA A LARGO PLAZO";"2-posible";"162874";"6927803"
"05- REGION DE VALPARAÍSO";"VINA DEL MAR";"2309-1";"ESTANISLAO LOAIZA LOTE 1 Y 2 COMUNA VINA DEL MAR";"6500";"CONCESION GRATUITA A LARGO PLAZO";"2-posible";"162500";"6911895"
"13- REGION METROPOLITANA";"VITACURA";"111-5";"DAG HAMMARSKJOLD 3209 LOTE 2B2 COMUNA VITACURA";"1750";"CONCESION GRATUITA A LARGO PLAZO";"2-posible";"157500";"6699221"
"05- REGION DE VALPARAÍSO";"VINA DEL MAR";"SIN ROL";"INTERNACIONAL MANZANA H SITIO 1 COMUNA VINA DEL MAR";"6250";"CONCESION GRATUITA A CORTO PLAZO";"1-disponible/recuperable";"156258";"6646393"
"05- REGION DE VALPARAÍSO";"VINA DEL MAR";"708-1";"LIMACHE 4755 EL SALTO COMUNA VINA DEL MAR";"6211";"..";"1-disponible/recuperable";"155275";"6604581"
"05- REGION DE VALPARAÍSO";"VALPARAISO";"1107-1/1107-13/1107-14/1107-15/1107-16/1107-17";"SANTA MARTA 183 LOTE 1 Y ALCALDE BARRIOS 289 LOTE 2 COMUNA VALPARAISO";"10319";"..";"1-disponible/recuperable";"154782";"6583612"
"05- REGION DE VALPARAÍSO";"VINA DEL MAR";"2469-902 / 2469-903 / 2469-904";"VEINTITRES PONIENTE LOTE 1 COMUNA VINA DEL MAR";"6017";"ARRENDAMIENTO";"2-posible";"150425";"6398288"
"13- REGION METROPOLITANA";"PUDAHUEL";"3747-1";"EL COBRE 8605 LOTE A Y EL SALITRE 748 LOTE B COMUNA PUDAHUEL";"18760";"CONCESION GRATUITA A LARGO PLAZO";"2-posible";"150079";"6383571"
"13- REGION METROPOLITANA";"NUNOA";"6406-19";"VIA TRECE 1084 COMUNA NUNOA";"3420";"CONCESION GRATUITA A LARGO PLAZO";"2-posible";"143640";"6109690"
"13- REGION METROPOLITANA";"PENALOLEN";"9005-4";"JOSE ARRIETA 8200 COMUNA PENALOLEN";"8895";"CONCESION GRATUITA A LARGO PLAZO";"2-posible";"142320";"6053544"
"13- REGION METROPOLITANA";"RECOLETA";"78-2";"BELLAVISTA 180 COMUNA RECOLETA";"7051";"CONCESION GRATUITA A LARGO PLAZO";"2-posible";"141011";"5997866"
"08- REGION DEL BIOBIO";"HUALPEN";"5318-21";"COLON 9922 CERRO VERDE COMUNA HUALPEN";"13755";"CONCESION GRATUITA A CORTO PLAZO";"1-disponible/recuperable";"137545";"5850440"
"05- REGION DE VALPARAÍSO";"VALPARAISO";"1506-1";"PASAJE VEINTISEIS SIN NUMERO COMUNA VALPARAISO";"9049";"CONCESION GRATUITA A CORTO PLAZO";"1-disponible/recuperable";"135728";"5773155"
"05- REGION DE VALPARAÍSO";"VALPARAISO";"1089-1";"SUBIDA AL CEMENTERIO SIN NUMERO COMUNA VALPARAISO";"8906";"CONCESION GRATUITA A CORTO PLAZO";"1-disponible/recuperable";"133589";"5682173"
"13- REGION METROPOLITANA";"SANTIAGO";"35-4";"LIBERTAD 1560 COMUNA SANTIAGO";"3700";"CONCESION GRATUITA A LARGO PLAZO";"2-posible";"129516";"5508929"
"13- REGION METROPOLITANA";"LA FLORIDA";"710-33";"VOLCAN CALBUCO 5850 COMUNA LA FLORIDA";"9240";"CONCESION GRATUITA A CORTO PLAZO";"1-disponible/recuperable";"129360";"5502294"
"05- REGION DE VALPARAÍSO";"VINA DEL MAR";"2466-461/2466-468/2466-469";"PACIFICO 4321 LOTE 1 2 Y 3 COMUNA VINA DEL MAR";"5035";"..";"1-disponible/recuperable";"125875";"5354060"
"13- REGION METROPOLITANA";"QUINTA NORMAL";"4044-37";"COSTANERA SUR LOTE 3 COMUNA QUINTA NORMAL";"7797";"CONCESION GRATUITA A LARGO PLAZO";"2-posible";"124759";"5306591"
"05- REGION DE VALPARAÍSO";"CARTAGENA";"1001-22";"COSTANERA DEL MAR SECTOR PLAYA GRANDE LOTE 10 COMUNA CARTAGENA";"24944";"CONCESION GRATUITA A CORTO PLAZO";"1-disponible/recuperable";"124721";"5304975"
"05- REGION DE VALPARAÍSO";"VINA DEL MAR";"SIN ROL";"INTERNACIONAL SIN NUMERO MANZANA H SITIO 2 COMUNA VINA DEL MAR";"4970";"CONCESION GRATUITA A CORTO PLAZO";"1-disponible/recuperable";"124250";"5284941"
"13- REGION METROPOLITANA";"ESTACION CENTRAL";"450-16";"MATUCANA 100 AL 214 COMUNA ESTACION CENTRAL";"6724";"CONCESION GRATUITA A LARGO PLAZO";"2-posible";"121031";"5148022"
"05- REGION DE VALPARAÍSO";"QUILPUE";"775-2";"CALLE COOPERACION 290 LOTES 1 Y 2 COMUNA QUILPUE";"9902";"CONCESION GRATUITA A CORTO PLAZO";"1-disponible/recuperable";"118822";"5054063"
"08- REGION DEL BIOBIO";"SAN PEDRO DE LA PAZ";"12016-1";"PASAJE SARGENTO ALDEA 918 ESQUINA PASAJE LAS TORRES COMUNA SAN PEDRO DE LA PAZ";"8320";"CONCESION GRATUITA A LARGO PLAZO";"2-posible";"116480";"4954446"
"13- REGION METROPOLITANA";"LA CISTERNA";"3240-1";"INES RIVAS COMUNA LA CISTERNA";"7197";"..";"1-disponible/recuperable";"115152";"4897960"
"05- REGION DE VALPARAÍSO";"VALPARAISO";"6003-1";"JOSE SANTOS OSSA SIN NUMERO COMUNA VALPARAISO";"7628";"..";"1-disponible/recuperable";"114425";"4867037"
"05- REGION DE VALPARAÍSO";"CARTAGENA";"1001-40";"COSTANERA DEL MAR SIN NUMERO LOTE 15 COMUNA CARTAGENA";"22338";"CONCESION GRATUITA A CORTO PLAZO";"1-disponible/recuperable";"111691";"4750747"
"13- REGION METROPOLITANA";"PENALOLEN";"7188-1, 7188-3 Y 7188-4";"GRECIA 6891 COMUNA PENALOLEN";"6826";"..";"1-disponible/recuperable";"109220";"4645644"
"13- REGION METROPOLITANA";"LO ESPEJO";"3930-2";"JOSE JOAQUIN PRIETO 7271 COMUNA LO ESPEJO";"13650";"CONCESION GRATUITA A CORTO PLAZO";"1-disponible/recuperable";"109200";"4644793"
"13- REGION METROPOLITANA";"SANTIAGO";"36-10";"MONEDA 1326 LOTE A COMUNA SANTIAGO";"2999";"..";"1-disponible/recuperable";"104971";"4464914"
"05- REGION DE VALPARAÍSO";"CARTAGENA";"4303-6";"FERNANDO CALVO Y SEXTA Y SEPTIMA ORIENTE LOTES 1, 2, 3, 4 Y 5 COMUNA CARTAGENA";"19496";"..";"1-disponible/recuperable";"97480";"4146286"
"08- REGION DEL BIOBIO";"SAN PEDRO DE LA PAZ";"12680-1";"LAS VIOLETAS ESQUINA ENRIQUE SORO COMUNA SAN PEDRO DE LA PAZ";"6782";"CONCESION GRATUITA A CORTO PLAZO";"1-disponible/recuperable";"94949";"4038631"
"13- REGION METROPOLITANA";"LO BARNECHEA";"4065-10";"LO BARNECHEA 1280 COMUNA LO BARNECHEA";"2296";"CONCESION GRATUITA A CORTO PLAZO";"1-disponible/recuperable";"91844";"3906560"
"05- REGION DE VALPARAÍSO";"VINA DEL MAR";"3705-2";"SAN PEDRO DE ATACAMA SIN NUMERO LOTE 2 COMUNA VINA DEL MAR";"3554";"CONCESION GRATUITA A LARGO PLAZO";"2-posible";"88857";"3779509"
"13- REGION METROPOLITANA";"LA FLORIDA";"793-11";"ACONCAGUA 8289 COMUNA LA FLORIDA";"6300";"CONCESION GRATUITA A CORTO PLAZO";"1-disponible/recuperable";"88200";"3751564"
"13- REGION METROPOLITANA";"NUNOA";"2462-1";"PASAJE NUEVE 4850 COMUNA NUNOA";"2098";"CONCESION GRATUITA A LARGO PLAZO";"2-posible";"88121";"3748204"
"13- REGION METROPOLITANA";"SANTIAGO";"393-7";"BERNARDO OHIGGINS 1642 LOTE A Y ALONSO OVALLE 1637 LOTE B COMUNA SANTIAGO";"2488";"CONCESION GRATUITA A LARGO PLAZO";"2-posible";"87063";"3703202"
"13- REGION METROPOLITANA";"LA REINA";"6706-50";"MAMINA 9621 COMUNA LA REINA";"2885";"CONCESION GRATUITA A LARGO PLAZO";"2-posible";"86537";"3680829"
"13- REGION METROPOLITANA";"SANTIAGO";"1012-256";"MARCOLETA HOY BARON PIERRE DE COUBERTIN COMUNA SANTIAGO";"2456";"CONCESION GRATUITA A CORTO PLAZO";"1-disponible/recuperable";"85976";"3656967"
"13- REGION METROPOLITANA";"LA REINA";"6200-3";"QUILLAGUA 81 Y SALAR DEL CARMEN 81 COMUNA LA REINA";"2830";"CONCESION GRATUITA A LARGO PLAZO";"2-posible";"84901";"3611242"
"13- REGION METROPOLITANA";"SAN JOAQUIN";"5496-1";"CONIMO 286 COMUNA SAN JOAQUIN";"4949";"CONCESION GRATUITA A LARGO PLAZO";"2-posible";"84129";"3578405"
"13- REGION METROPOLITANA";"SANTIAGO";"308-2";"CHACABUCO 430 COMUNA SANTIAGO";"2348";"CONCESION GRATUITA A LARGO PLAZO";"2-posible";"82163";"3494782"
"13- REGION METROPOLITANA";"NUNOA";"3963-7 Y 3963-8";"SAN JORGE 57 MANZANA TERCERA SITIO 2; IRARRAZAVAL 4957 MANZANA 3 SITIO 1 PARTE; COMUNA NUNOA";"1926";"..";"1-disponible/recuperable";"80882";"3440295"
"13- REGION METROPOLITANA";"EL BOSQUE";"4601-3";"ALEJANDRO GUZMAN 735 LOTE 3 COMUNA EL BOSQUE";"8864";"CONCESION GRATUITA A LARGO PLAZO";"2-posible";"79779";"3393379"
"08- REGION DEL BIOBIO";"CORONEL";"5004-224";"BY PASS CORONEL LOTE SIN NUMERO LOTE A FUNDO ESCUADRON COMUNA CORONEL";"11331";"..";"1-disponible/recuperable";"79314";"3373600"
"13- REGION METROPOLITANA";"LA FLORIDA";"1101-2";"LIRCAY 9000 COMUNA LA FLORIDA";"5599";"CONCESION GRATUITA A CORTO PLAZO";"1-disponible/recuperable";"78388";"3334213"
"05- REGION DE VALPARAÍSO";"VALPARAISO";"3063-3";"CARCEL 491 LOTE 3B COMUNA VALPARAISO";"5214";"CONCESION GRATUITA A LARGO PLAZO";"2-posible";"78213";"3326769"
"05- REGION DE VALPARAÍSO";"SAN ANTONIO";"8295-1";"JOSE MIGUEL CARRERA VERDUGO 1053 LOTES 1 2 Y 3 COMUNA SAN ANTONIO";"9774";"..";"1-disponible/recuperable";"78192";"3325876"
"05- REGION DE VALPARAÍSO";"QUILPUE";"3501-10";"COLINA DE ORO SIN NUMERO LOTE Q1 COMUNA QUILPUE";"6481";"CONCESION GRATUITA A LARGO PLAZO";"2-posible";"77774";"3308097"
"13- REGION METROPOLITANA";"SANTIAGO";"176-3 Y 176-4";"MONJITAS 653 - 695 COMUNA SANTIAGO";"2212";"..";"1-disponible/recuperable";"77420";"3293039"
"13- REGION METROPOLITANA";"SAN MIGUEL";"5835-1";"CAMPINAS 578 BELLO HORIZONTE 5891 COMUNA SAN MIGUEL";"3447";"..";"1-disponible/recuperable";"75832";"3225494"
"13- REGION METROPOLITANA";"SAN MIGUEL";"4261-19";"TERESA VIAL 1290 COMUNA SAN MIGUEL";"3378";"CONCESION GRATUITA A LARGO PLAZO";"2-posible";"74318";"3161097"
"05- REGION DE VALPARAÍSO";"VINA DEL MAR";"2360-9";"ALESSANDRI SIN NUMERO RESTO DEL PREDIO 8 LOTE 4 COMUNA VINA DEL MAR";"2960";"..";"1-disponible/recuperable";"74000";"3147571"
"05- REGION DE VALPARAÍSO";"VALPARAISO";"17-1/17-2";"BLANCO 1421 ESQUINA PUDETO 97 COMUNA VALPARAISO";"4727";"..";"1-disponible/recuperable";"70899";"3015670"
"08- REGION DEL BIOBIO";"CONCEPCION";"401-6";"LAS HERAS 171-177 COMUNA CONCEPCION";"3850";"CONCESION GRATUITA A LARGO PLAZO";"2-posible";"69300";"2947657"
"13- REGION METROPOLITANA";"SANTIAGO";"796-1 Y 796-2";"REPUBLICA 301 REPUBLICA 331 COMUNA SANTIAGO";"1820";"CONCESION GRATUITA A LARGO PLAZO";"2-posible";"63705";"2709675"
"05- REGION DE VALPARAÍSO";"VINA DEL MAR";"2292-25";"COLO COLO SIN NUMERO COMUNA VINA DEL MAR";"2533";"CONCESION GRATUITA A CORTO PLAZO";"1-disponible/recuperable";"63318";"2693214"
"13- REGION METROPOLITANA";"ESTACION CENTRAL";"5444-7";"LAS ESTEPAS 845 COMUNA ESTACION CENTRAL";"3506";"..";"1-disponible/recuperable";"63111";"2684410"
"13- REGION METROPOLITANA";"SANTIAGO";"35-58";"TEATINOS 40 COMUNA SANTIAGO";"1800";"..";"1-disponible/recuperable";"63000";"2679688"
"13- REGION METROPOLITANA";"SANTIAGO";"280-20";"SANTO DOMINGO 3320 - 3324 COMUNA SANTIAGO";"1795";"CONCESION GRATUITA A LARGO PLAZO";"2-posible";"62839";"2672840"
"05- REGION DE VALPARAÍSO";"VINA DEL MAR";"1050-122";"HUMACAO SIN NUMERO VINA DEL MAR";"2510";"CONCESION GRATUITA A CORTO PLAZO";"1-disponible/recuperable";"62760";"2669480"
"05- REGION DE VALPARAÍSO";"VALPARAISO";"90-6";"MERLET 195 COMUNA VALPARAISO";"4136";"CONCESION GRATUITA A CORTO PLAZO";"1-disponible/recuperable";"62040";"2638855"
"05- REGION DE VALPARAÍSO";"VINA DEL MAR";"703-406";"LIMACHE SIN NUMERO LOTE 7 COMUNA VINA DEL MAR";"2403";"PERMISO OCUPACION";"2-posible";"60063";"2554764"
"13- REGION METROPOLITANA";"LA REINA";"5513-187";"DETECTIVE SEGUNDO VICENTE BOURQUET 7622 COMUNA LA REINA";"1974";"CONCESION GRATUITA A CORTO PLAZO";"1-disponible/recuperable";"59220";"2518907"
"13- REGION METROPOLITANA";"SAN RAMON";"356-1";"VICUNA MACKENNA 1800 COMUNA SAN RAMON";"6576";"CONCESION GRATUITA A CORTO PLAZO";"1-disponible/recuperable";"59186";"2517461"
"05- REGION DE VALPARAÍSO";"VALPARAISO";"3088-1";"ALEMANIA 5196 COMUNA VALPARAISO";"3945";"CONCESION GRATUITA A CORTO PLAZO";"1-disponible/recuperable";"59178";"2517121"
"08- REGION DEL BIOBIO";"CHIGUAYANTE";"2779-3";"CHIGUAY 543 COMUNA CHIGUAYANTE";"5834";"CONCESION GRATUITA A LARGO PLAZO";"2-posible";"58338";"2481391"
"08- REGION DEL BIOBIO";"TALCAHUANO";"1022-1";"ALMIRANTE LATORRE 1226 SAN VICENTE COMUNA TALCAHUANO";"4847";"PERMISO OCUPACION";"2-posible";"58160";"2473820"
"13- REGION METROPOLITANA";"SAN MIGUEL";"4246-26";"BERLIN 878 MANZANA F COMUNA SAN MIGUEL";"2628";"CONCESION GRATUITA A CORTO PLAZO";"1-disponible/recuperable";"57816";"2459188"
"13- REGION METROPOLITANA";"SANTIAGO";"111-1";"AGUSTINAS 1401 - 1419 COMUNA SANTIAGO";"1651";"CONCESION GRATUITA A LARGO PLAZO";"2-posible";"57779";"2457615"
"13- REGION METROPOLITANA";"RENCA";"1230-8";"CAUPOLICAN 1481 COMUNA RENCA";"5743";"..";"1-disponible/recuperable";"57425";"2442557"
"05- REGION DE VALPARAÍSO";"VALPARAISO";"3110-5";"ALEMANIA NUMERO 5801 LOTE A COMUNA VALPARAISO";"3827";"..";"1-disponible/recuperable";"57403";"2441621"
"13- REGION METROPOLITANA";"EL BOSQUE";"4662-1";"ANTONIO VARAS 1010 COMUNA EL BOSQUE";"6336";"CONCESION GRATUITA A LARGO PLAZO";"2-posible";"57020";"2425331"
"05- REGION DE VALPARAÍSO";"VALPARAISO";"1319-1";"JOSE SEREY 241 COMUNA VALPARAISO";"3739";"..";"1-disponible/recuperable";"56088";"2385688"
"13- REGION METROPOLITANA";"SANTIAGO";"35-32";"TEATINOS 20 Y BERNARDO OHIGGINS 1315 PISO 2 COMUNA SANTIAGO";"1593";"..";"1-disponible/recuperable";"55748";"2371227"
"13- REGION METROPOLITANA";"PUENTE ALTO";"1079-4";"SAN PEDRO 1231 LOTE 4 COMUNA PUENTE ALTO";"5493";"CONCESION GRATUITA A LARGO PLAZO";"2-posible";"54929";"2336391"
"05- REGION DE VALPARAÍSO";"QUILPUE";"3603-16";"SAN FANCISCO DE ASIS Y PAICAVI COMUNA QUILPUE";"4542";"CONCESION GRATUITA A LARGO PLAZO";"2-posible";"54503";"2318271"
"05- REGION DE VALPARAÍSO";"CARTAGENA";"1001-13";"COSTANERA DEL MAR LOTE A-1 (EX LOTE 13) Y LOTE A2 COMUNA CARTAGENA";"10822";"CONCESION GRATUITA A CORTO PLAZO";"1-disponible/recuperable";"54112";"2301640"
"08- REGION DEL BIOBIO";"CONCEPCION";"177-2, 177-4, 177-7, 177-8";"ANIBAL PINTO 450 PISO ENTREPISO LOTE 4 5 6 15 17 103 Y 104 PISO 1 LOTE 4 5 6 7 15 Y 18 COMUNA";"2877";"..";"1-disponible/recuperable";"51786";"2202704"
"13- REGION METROPOLITANA";"PUENTE ALTO";"1079-2";"SAN PEDRO 1203 LOTE 2 COMUNA PUENTE ALTO";"4977";"CONCESION GRATUITA A CORTO PLAZO";"1-disponible/recuperable";"49770";"2116954"
"13- REGION METROPOLITANA";"PENALOLEN";"7040-12";"LITORAL 5960 COMUNA PENALOLEN";"3060";"CONCESION GRATUITA A LARGO PLAZO";"2-posible";"48960";"2082501"
"13- REGION METROPOLITANA";"SANTIAGO";"963-5";"MAQUINISTA ESCOBAR 3173 COMUNA SANTIAGO";"1392";"CONCESION GRATUITA A CORTO PLAZO";"1-disponible/recuperable";"48734";"2072888"
"05- REGION DE VALPARAÍSO";"VALPARAISO";"1134-2";"SANTA MARTA MANZANA C LOTE 1 COMUNA VALPARAISO";"3194";"CONCESION GRATUITA A LARGO PLAZO";"2-posible";"47915";"2038052"
"13- REGION METROPOLITANA";"LA FLORIDA";"12292-76";"TRONCAL SAN FRANCISCO COMUNA LA FLORIDA";"3250";"CONCESION GRATUITA A CORTO PLAZO";"1-disponible/recuperable";"45500";"1935331"
"13- REGION METROPOLITANA";"PENALOLEN";"9524-1";"KENNEDY 4867 COMUNA PENALOLEN";"2810";"CONCESION GRATUITA A LARGO PLAZO";"2-posible";"44960";"1912362"
"05- REGION DE VALPARAÍSO";"VINA DEL MAR";"2130-1";"CURIMON SIN NUMERO LOTE 1 LOTE 2 LOTE 3 LOTE 4 LOTE 5 LOTE 6 LOTE 7 LOTE 8 COMUNA VINA DEL MA";"1783";"CONCESION GRATUITA A CORTO PLAZO";"1-disponible/recuperable";"44583";"1896326"
"08- REGION DEL BIOBIO";"TALCAHUANO";"1590-3";"LAS DALIAS LOTE 2 (EX LOTE C) COMUNA TALCAHUANO";"3661";"CONCESION GRATUITA A CORTO PLAZO";"1-disponible/recuperable";"43928";"1868466"
"05- REGION DE VALPARAÍSO";"QUILPUE";"783-2";"PHILLIPI 337 MANZANA 11 SITIO 18 AL 21 COMUNA QUILPUE";"3650";"..";"1-disponible/recuperable";"43799";"1862979"
"05- REGION DE VALPARAÍSO";"VALPARAISO";"1122-11";"PROYECTADA VIDAURRE MANZANA A LOTE 10 COMUNA VALPARAISO";"2900";"CONCESION GRATUITA A LARGO PLAZO";"2-posible";"43500";"1850261"
"13- REGION METROPOLITANA";"SANTIAGO";"448-4";"DIECIOCHO 133 - 135 COMUNA SANTIAGO";"1230";"CONCESION GRATUITA A LARGO PLAZO";"2-posible";"43050";"1831120"
"08- REGION DEL BIOBIO";"CONCEPCION";"321-292";"SALTO DEL LAJA SIN NUMERO COMUNA CONCEPCION";"2379";"CONCESION GRATUITA A LARGO PLAZO";"2-posible";"42821";"1821380"
"13- REGION METROPOLITANA";"PUENTE ALTO";"2572-26";"MIGUEL ANGEL 1929 COMUNA PUENTE ALTO";"4275";"CONCESION GRATUITA A LARGO PLAZO";"2-posible";"42750";"1818360"
"05- REGION DE VALPARAÍSO";"EL TABO";"620-128";"AVENIDA EL PERAL RUTA G-98-F SIN NUMERO COMUNA EL TABO";"8529";"..";"1-disponible/recuperable";"42643";"1813809"
"08- REGION DEL BIOBIO";"CORONEL";"45262";"AVENIDA GENERAL CARLOS PRATS 70 (EX COSTANERA) LO ROJAS COMUNA CORONEL";"5974";"ARRENDAMIENTO";"2-posible";"41820";"1778803"
"05- REGION DE VALPARAÍSO";"VINA DEL MAR";"280-3 280-155";"19 NORTE 2155 MANZANA 33 SITIO 1 Y 2 COMUNA VINA DEL MAR";"1672";"CONCESION GRATUITA A LARGO PLAZO";"2-posible";"41800";"1777952"
"08- REGION DEL BIOBIO";"SAN PEDRO DE LA PAZ";"12738-2";"PASAJE LAS TORCAZAS 2060 BARRIO CANDELARIA COMUNA SAN PEDRO DE LA PAZ";"2965";"CONCESION GRATUITA A LARGO PLAZO";"2-posible";"41503";"1765319"
"13- REGION METROPOLITANA";"EL BOSQUE";"117-2";"JORGE LUCO 1170 LOTE 1 COMUNA EL BOSQUE";"4557";"CONCESION GRATUITA A LARGO PLAZO";"2-posible";"41010";"1744350"
"05- REGION DE VALPARAÍSO";"VINA DEL MAR";"1502-593";"LAGO ELLI SIN NUMERO LOTE 1 Y 2 COMUNA VINA DEL MAR";"1633";"..";"1-disponible/recuperable";"40824";"1736438"
"05- REGION DE VALPARAÍSO";"VALPARAISO";"SIN ROL";"RIQUELME SIN NUMERO LOTE A-14 COMUNA VILLA ALEMANA";"2703";"CONCESION GRATUITA A CORTO PLAZO";"1-disponible/recuperable";"40545";"1724571"
"05- REGION DE VALPARAÍSO";"VALPARAISO";"9320-265";"ABELARDO NUNEZ SIN NUMERO LOTE 3 COMUNA VALPARAISO";"2683";"ARRENDAMIENTO";"2-posible";"40250";"1712023"
"08- REGION DEL BIOBIO";"CONCEPCION";"177-3";"ANIBAL PINTO 444 PISO 2 LOTE 17 PISO 3 LOTE 22 Y 23 PISO 4 LOTE PLANTA A ANIBAL PINTO 442 COM";"2228";"..";"1-disponible/recuperable";"40101";"1705685"
"05- REGION DE VALPARAÍSO";"VILLA ALEMANA";"SIN ROL";"QUINTA Y SEXTA SIN NUMERO LOTE A-37, A-38, A-39, A-40, A-41 Y A-42 COMUNA VILLA ALEMANA";"4436";"CONCESION GRATUITA A CORTO PLAZO";"1-disponible/recuperable";"39924";"1698157"
"13- REGION METROPOLITANA";"ESTACION CENTRAL";"5082-9";"HUILLINCO 6062 COMUNA ESTACION CENTRAL";"2210";"CONCESION GRATUITA A CORTO PLAZO";"1-disponible/recuperable";"39780";"1692032"
"13- REGION METROPOLITANA";"ESTACION CENTRAL";"398-1";"LAS ENCINAS 97 COMUNA ESTACION CENTRAL";"2200";"CONCESION GRATUITA A LARGO PLAZO";"2-posible";"39600";"1684376"
"05- REGION DE VALPARAÍSO";"VINA DEL MAR";"2223-21";"LOS RANUNCULOS SIN NUMERO COMUNA VINA DEL MAR";"1575";"CONCESION GRATUITA A CORTO PLAZO";"1-disponible/recuperable";"39375";"1674805"
"05- REGION DE VALPARAÍSO";"VILLA ALEMANA";"907-11";"LOS EUCALIPTUS COMUNA VILLA ALEMANA";"4308";"CONCESION GRATUITA A LARGO PLAZO";"2-posible";"38772";"1649157"
"08- REGION DEL BIOBIO";"CONCEPCION";"590-13";"CALLE SERRANO 1312 ESQUINA PRIETO";"2141";"CONCESION GRATUITA A LARGO PLAZO";"2-posible";"38542";"1639374"
"13- REGION METROPOLITANA";"SANTIAGO";"556-8";"REPUBLICA 97 COMUNA SANTIAGO";"1096";"CONCESION GRATUITA A LARGO PLAZO";"2-posible";"38360";"1631633"
"08- REGION DEL BIOBIO";"CONCEPCION";"1360-27";"PASAJE C 2022 POBLACION TENIENTE MERINO I COMUNA CONCEPCION";"2131";"CONCESION GRATUITA A LARGO PLAZO";"2-posible";"38351";"1631250"
"13- REGION METROPOLITANA";"SANTIAGO";"42-50";"AMUNATEGUI 66 COMUNA SANTIAGO";"1095";"..";"1-disponible/recuperable";"38325";"1630144"
"13- REGION METROPOLITANA";"NUNOA";"3903-32";"LO ENCALADA 207 COMUNA NUNOA";"906";"CONCESION GRATUITA A LARGO PLAZO";"2-posible";"38036";"1617851"
"05- REGION DE VALPARAÍSO";"VINA DEL MAR";"2380-22";"CARLOS IBANEZ DEL CAMPO SIN NUMERO LOTES A, B, C Y D COMUNA VINA DEL MAR";"1519";"..";"1-disponible/recuperable";"37983";"1615597"
"05- REGION DE VALPARAÍSO";"PUCHUNCAVI";"218-66";"VENTANA QUINTERO SIN NUMERO COMUNA PUCHUNCAVI";"6284";"CONCESION GRATUITA A CORTO PLAZO";"1-disponible/recuperable";"37702";"1603645"
"05- REGION DE VALPARAÍSO";"VINA DEL MAR";"2462-440";"SIN NOMBRE LOTE 203 COMUNA VINA DEL MAR";"1502";"CONCESION GRATUITA A CORTO PLAZO";"1-disponible/recuperable";"37550";"1597179"
"13- REGION METROPOLITANA";"PUENTE ALTO";"331-2";"GANDARILLAS 115 COMUNA PUENTE ALTO";"3640";"CONCESION GRATUITA A LARGO PLAZO";"2-posible";"36400";"1548264"
"13- REGION METROPOLITANA";"VITACURA";"1911-33";"LAS HUALTATAS 7380 COMUNA VITACURA";"403";"CONCESION GRATUITA A LARGO PLAZO";"2-posible";"36225";"1540821"
"13- REGION METROPOLITANA";"VITACURA";"1233-188";"JACQUES CAZOTTE FRENTE AL 5600 COMUNA VITACURA";"401";"CONCESION GRATUITA A CORTO PLAZO";"1-disponible/recuperable";"36104";"1535674"
"13- REGION METROPOLITANA";"SAN MIGUEL";"5843-1, 5843-2, 5843-3, 5843-4, 5843-7, 5843-8, 5843-9, 5843-10, 5843-11 Y 5843-12";"MANZANA D PASAJE 1 5885 SITIO 1; 5889 SITIO 12; PASAJE 2 513 SITIO 11; 517 SITIO 10; 519 SITI";"1637";"CONCESION GRATUITA A CORTO PLAZO";"1-disponible/recuperable";"36010";"1531676"
"08- REGION DEL BIOBIO";"CONCEPCION";"6481-21";"CALLE FRAY JUAN SALGUERO 209 (EX PASAJE ONCE 289) COMUNA CONCEPCION";"1980";"CONCESION GRATUITA A LARGO PLAZO";"2-posible";"35640";"1515938"
"05- REGION DE VALPARAÍSO";"VINA DEL MAR";"2466-462";"TRES NORTE 4462 LOTE 211 COMUNA VINA DEL MAR";"1414";"CONCESION GRATUITA A CORTO PLAZO";"1-disponible/recuperable";"35343";"1503305"
"13- REGION METROPOLITANA";"LA GRANJA";"6020-2";"CANTO GENERAL 0330 COMUNA LA GRANJA";"3488";"..";"1-disponible/recuperable";"34875";"1483399"
"05- REGION DE VALPARAÍSO";"VILLA ALEMANA";"SIN ROL";"BAQUEDANO 756 INTERIOR LOTE A-23 COMUNA VILLA ALEMANA";"3852";"CONCESION GRATUITA A CORTO PLAZO";"1-disponible/recuperable";"34668";"1474594"
"13- REGION METROPOLITANA";"SANTIAGO";"493-13";"DIECIOCHO 164 COMUNA SANTIAGO";"990";"CONCESION GRATUITA A LARGO PLAZO";"2-posible";"34666";"1474509"
"13- REGION METROPOLITANA";"SANTIAGO";"111-30";"AMUNATEGUI 214 - 224 COMUNA SANTIAGO";"988";"CONCESION GRATUITA A LARGO PLAZO";"2-posible";"34577";"1470724"
"05- REGION DE VALPARAÍSO";"VALPARAISO";"9320-261";"ABELARDO NUNEZ MANZANA C LOTE 52 COMUNA VALPARAISO";"2256";"CONCESION GRATUITA A LARGO PLAZO";"2-posible";"33840";"1439375"
"05- REGION DE VALPARAÍSO";"VALPARAISO";"2045-1";"SAN FRANCISCO NUMERO 261 COMUNA VALPARAISO";"2238";"..";"1-disponible/recuperable";"33572";"1427976"
"05- REGION DE VALPARAÍSO";"SAN ANTONIO";"8071-1";"MERCED NUMERO 26 LOTE 16-1 COMUNA SAN ANTONIO";"4186";"CONCESION GRATUITA A CORTO PLAZO";"1-disponible/recuperable";"33488";"1424403"
"08- REGION DEL BIOBIO";"CONCEPCION";"4031-81";"PROVIDENCIA 279 MANZANA PARCELA 22 SITIO 80 COMUNA CONCEPCION";"1860";"..";"1-disponible/recuperable";"33480";"1424063"
"13- REGION METROPOLITANA";"SANTIAGO";"375-44";"AGUSTINAS 2384 COMUNA SANTIAGO";"934";"CONCESION GRATUITA A LARGO PLAZO";"2-posible";"32680";"1390035"
"13- REGION METROPOLITANA";"LA FLORIDA";"3095-91";"MARIA ELENA COMUNA LA FLORIDA";"2310";"CONCESION GRATUITA A CORTO PLAZO";"1-disponible/recuperable";"32340";"1375573"
"13- REGION METROPOLITANA";"LO ESPEJO";"4228-1";"FERNANDEZ ALBANO 4537 HOY SALVADOR ALLENDE COMUNA LO ESPEJO";"3999";"PERMISO OCUPACION";"2-posible";"31992";"1360771"
"13- REGION METROPOLITANA";"SAN JOAQUIN";"5110-33";"CANADA 5351 LOTE B-2 COMUNA SAN JOAQUIN";"1868";"CONCESION GRATUITA A LARGO PLAZO";"2-posible";"31755";"1350691"
"08- REGION DEL BIOBIO";"CONCEPCION";"00049-00036";"CASTELLON 46 COMUNA CONCEPCION";"1764";"CONCESION GRATUITA A LARGO PLAZO";"2-posible";"31746";"1350308"
"05- REGION DE VALPARAÍSO";"VINA DEL MAR";"1223-18";"ALVAREZ 1182 AL 1210 COMUNA VINA DEL MAR";"1264";"..";"1-disponible/recuperable";"31600";"1344098"
"13- REGION METROPOLITANA";"SAN JOAQUIN";"838-905";"AVENIDA ISABEL RIQUELME ESQUINA CALLE PACIFICO COMUNA SAN JOAQUIN";"1849";"CONCESION GRATUITA A CORTO PLAZO";"1-disponible/recuperable";"31425";"1336654"
"13- REGION METROPOLITANA";"LO PRADO";"5521-1";"MINISTRO GANA 40 COMUNA LO PRADO";"3123";"CONCESION GRATUITA A LARGO PLAZO";"2-posible";"31230";"1328360"
"13- REGION METROPOLITANA";"SANTIAGO";"593-22";"SANTA ROSA 460 COMUNA SANTIAGO";"885";"CONCESION GRATUITA A LARGO PLAZO";"2-posible";"30958";"1316790"
"13- REGION METROPOLITANA";"PENAFLOR";"301-70";"AUTOPISTA SANTIAGO SAN ANTONIO LOTE 64 COMUNA PENAFLOR";"4414";"ARRENDAMIENTO";"2-posible";"30896";"1314153"
"05- REGION DE VALPARAÍSO";"SAN ANTONIO";"6815-8";"CAMILO HENRRIQUEZ NUMERO 230 EX NUMERO 17 COMUNA SAN ANTONIO";"3853";"..";"1-disponible/recuperable";"30822";"1311006"
"13- REGION METROPOLITANA";"SANTIAGO";"276-1";"BALMACEDA 1301 COMUNA SANTIAGO";"877";"..";"1-disponible/recuperable";"30682";"1305051"
"08- REGION DEL BIOBIO";"CONCEPCION";"1305-195";"AVENIDA LAGUNA REDONDA 2310 COMUNA CONCEPCION";"1695";"CONCESION GRATUITA A LARGO PLAZO";"2-posible";"30510";"1297735"
"13- REGION METROPOLITANA";"MAIPU";"6015-119";"PARQUE CENTRAL ORIENTE COMUNA MAIPU";"2017";"CONCESION GRATUITA A LARGO PLAZO";"2-posible";"28235";"1200968"
"08- REGION DEL BIOBIO";"SAN PEDRO DE LA PAZ";"13062-2";"CALLE EJERCITO 895 ESQUINA PASAJE CAPITAN TRIZANO COMUNA SAN PEDRO DE LA PAZ";"2000";"CONCESION GRATUITA A CORTO PLAZO";"1-disponible/recuperable";"28000";"1190973"
"05- REGION DE VALPARAÍSO";"VALPARAISO";"5160-338";"DOS SIN NUMERO COMUNA VALPARAISO";"1852";"CONCESION GRATUITA A CORTO PLAZO";"1-disponible/recuperable";"27780";"1181615"
"08- REGION DEL BIOBIO";"CORONEL";"2752-1";"LOS ALAMOS 2428 LAGUNILLAS 1 COMUNA CORONEL";"3954";"CONCESION GRATUITA A CORTO PLAZO";"1-disponible/recuperable";"27681";"1177404"
"13- REGION METROPOLITANA";"CERRO NAVIA";"4231-4";"SADO 7965 LOTE 1 COMUNA CERRO NAVIA";"3418";"CONCESION GRATUITA A CORTO PLAZO";"1-disponible/recuperable";"27344";"1163070"
"13- REGION METROPOLITANA";"SANTIAGO";"33-3";"MONEDA 1190 COMUNA SANTIAGO";"776";"PERMISO OCUPACION";"2-posible";"27158";"1155158"
"05- REGION DE VALPARAÍSO";"SAN ANTONIO";"9041-4";"ANTONIO NUNEZ FONCECA EX CAMINO SAN ANTONIO CARTAGENA LOTE 2-A COMUNA SAN ANTONIO";"3379";"CONCESION GRATUITA A CORTO PLAZO";"1-disponible/recuperable";"27030";"1149714"
"05- REGION DE VALPARAÍSO";"SAN ANTONIO";"6200-16";"MANUEL RODRIGUEZ ERDOIZA NUMERO 40 EX CALLE ENRIQUETA NUMERO ONCE COMUNA SAN ANTONIO";"3340";"CONCESION GRATUITA A LARGO PLAZO";"2-posible";"26719";"1136486"
"05- REGION DE VALPARAÍSO";"QUILPUE";"1297-1";"MARGA MARGA SIN NUMERO LOTE A COMUNA QUILPUE";"2216";"CONCESION GRATUITA A LARGO PLAZO";"2-posible";"26592";"1131084"
"05- REGION DE VALPARAÍSO";"VILLA ALEMANA";"313-957";"RIQUELME SIN NUMERO LOTE A-13 COMUNA VILLA ALEMANA";"2932";"CONCESION GRATUITA A CORTO PLAZO";"1-disponible/recuperable";"26388";"1122407"
"05- REGION DE VALPARAÍSO";"VILLA ALEMANA";"229-8";"BAQUEDANO 1151 LOTE 2 COMUNA VILLA ALEMANA";"2894";"CONCESION GRATUITA A LARGO PLAZO";"2-posible";"26044";"1107775"
"13- REGION METROPOLITANA";"LA GRANJA";"5271-1";"EL TABO 8220 COMUNA LA GRANJA";"2559";"CONCESION GRATUITA A CORTO PLAZO";"1-disponible/recuperable";"25590";"1088464"
"13- REGION METROPOLITANA";"LA REINA";"4705-11";"LOS PRUNOS 7211 SITIO 181 COMUNA LA REINA";"834";"CONCESION GRATUITA A CORTO PLAZO";"1-disponible/recuperable";"25020";"1064219"
"13- REGION METROPOLITANA";"NUNOA";"53-24";"JULIO ZEGERS 4223 MANZANA O LOTE 5 COMUNA NUNOA";"593";"CONCESION GRATUITA A CORTO PLAZO";"1-disponible/recuperable";"24885";"1058477"
"08- REGION DEL BIOBIO";"TALCAHUANO";"197-20";"BILBAO 246 COMUNA TALCAHUANO";"2070";"..";"1-disponible/recuperable";"24844";"1056733"
"13- REGION METROPOLITANA";"SANTIAGO";"201-7";"SANTO DOMINGO 685 - 687 - 689 COMUNA SANTIAGO";"701";"CONCESION GRATUITA A CORTO PLAZO";"1-disponible/recuperable";"24518";"1042867"
"13- REGION METROPOLITANA";"SANTIAGO";"35-4";"LIBERTAD 1550 COMUNA SANTIAGO";"676";"CONCESION GRATUITA A LARGO PLAZO";"2-posible";"23644";"1005691"
"13- REGION METROPOLITANA";"MACUL";"8163-1";"SAN MARCOS 4551 COMUNA MACUL";"1307";"CONCESION GRATUITA A CORTO PLAZO";"1-disponible/recuperable";"23526";"1000672"
"13- REGION METROPOLITANA";"SANTIAGO";"151-111";"ALMIRANTE MONTT 454 COMUNA SANTIAGO";"657";"CONCESION GRATUITA A LARGO PLAZO";"2-posible";"23011";"978767"
"13- REGION METROPOLITANA";"PENALOLEN";"9334-17";"CONSISTORIAL 1667 COMUNA PENALOLEN";"1435";"CONCESION GRATUITA A LARGO PLAZO";"2-posible";"22954";"976342"
"13- REGION METROPOLITANA";"LA GRANJA";"5307-8";"SAN GREGORIO 0797 COMUNA LA GRANJA";"2293";"CONCESION GRATUITA A CORTO PLAZO";"1-disponible/recuperable";"22933";"975449"
"13- REGION METROPOLITANA";"LA GRANJA";"5274-20";"SAN GREGORIO 0684 COMUNA LA GRANJA";"2285";"CONCESION GRATUITA A CORTO PLAZO";"1-disponible/recuperable";"22850";"971919"
"13- REGION METROPOLITANA";"LO PRADO";"11755-1";"LOS TAMARINDOS 5901 COMUNA LO PRADO";"2280";"CONCESION GRATUITA A LARGO PLAZO";"2-posible";"22800";"969792"
"13- REGION METROPOLITANA";"RENCA";"1302-10";"ZEUS 919 COMUNA RENCA";"2280";"CONCESION GRATUITA A LARGO PLAZO";"2-posible";"22800";"969792"
"13- REGION METROPOLITANA";"SANTIAGO";"53-9";"MANUEL RODRIGUEZ 33 COMUNA SANTIAGO";"651";"CONCESION GRATUITA A LARGO PLAZO";"2-posible";"22768";"968431"
"13- REGION METROPOLITANA";"SANTIAGO";"35-58";"TEATINOS 28 TEATINOS 40 COMUNA SANTIAGO";"650";"..";"1-disponible/recuperable";"22750";"967665"
"13- REGION METROPOLITANA";"SANTIAGO";"266-37";"SANTO DOMINGO 2398 COMUNA SANTIAGO";"644";"CONCESION GRATUITA A LARGO PLAZO";"2-posible";"22540";"958733"
"13- REGION METROPOLITANA";"EL BOSQUE";"15180-223";"LO MORENO 217 LOTE B COMUNA EL BOSQUE";"2502";"CONCESION GRATUITA A CORTO PLAZO";"1-disponible/recuperable";"22516";"957712"
"13- REGION METROPOLITANA";"QUINTA NORMAL";"3513-3";"GENERAL NOVOA 4183 LOTE 1-A Y LOTE 1-B COMUNA QUINTA NORMAL";"1400";"..";"1-disponible/recuperable";"22400";"952778"
"08- REGION DEL BIOBIO";"CONCEPCION";"137-71 Y 137-72";"OHIGGINS 740 SUBTERRANEO 1 Y SUBTERRANEO 2 COMUNA CONCEPCION";"1241";"CONCESION GRATUITA A CORTO PLAZO";"1-disponible/recuperable";"22345";"950439"
"05- REGION DE VALPARAÍSO";"VALPARAISO";"3063-2";"CARCEL 491 LOTE 2 COMUNA VALPARAISO";"1484";"CONCESION GRATUITA A LARGO PLAZO";"2-posible";"22253";"946525"
"13- REGION METROPOLITANA";"SAN JOAQUIN";"4818-1";"RUBENS 4767 COMUNA SAN JOAQUIN";"1282";"CONCESION GRATUITA A CORTO PLAZO";"1-disponible/recuperable";"21794";"927002"
"13- REGION METROPOLITANA";"SANTIAGO";"438-88";"ERASMO ESCALA 2436 AL 2444 COMUNA SANTIAGO";"619";"CONCESION GRATUITA A CORTO PLAZO";"1-disponible/recuperable";"21649";"920835"
"13- REGION METROPOLITANA";"LA FLORIDA";"751-43";"SANTA JULIA 1111 COMUNA LA FLORIDA";"1545";"CONCESION GRATUITA A CORTO PLAZO";"1-disponible/recuperable";"21627";"919899"
"05- REGION DE VALPARAÍSO";"VILLA ALEMANA";"SIN ROL";"BAQUEDANO SIN NUMERO INTERIOR LOTE A-18 COMUNA VILLA ALEMANA";"2401";"CONCESION GRATUITA A CORTO PLAZO";"1-disponible/recuperable";"21609";"919133"
"08- REGION DEL BIOBIO";"CONCEPCION";"321-145";"SALTO DEL LAJA 860 LOTE E-3 COMUNA CONCEPCION";"1200";"CONCESION GRATUITA A CORTO PLAZO";"1-disponible/recuperable";"21600";"918750"
"13- REGION METROPOLITANA";"PADRE HURTADO";"317-22";"SAN FRANCISCO DE BORJA 101 ANTES 055 COMUNA PADRE HURTADO";"3560";"CONCESION GRATUITA A CORTO PLAZO";"1-disponible/recuperable";"21360";"908542"
"05- REGION DE VALPARAÍSO";"VALPARAISO";"2019-5";"SANTIAGO SEVERIN 10 COMUNA VALPARAISO";"1419";"CONCESION GRATUITA A LARGO PLAZO";"2-posible";"21282";"905224"
"13- REGION METROPOLITANA";"SANTIAGO";"338-1";"PORTALES 2807 - 2805 - 2803 COMUNA SANTIAGO";"605";"CONCESION GRATUITA A LARGO PLAZO";"2-posible";"21175";"900673"
"05- REGION DE VALPARAÍSO";"VALPARAISO";"6114-9";"RAMADITAS 1104 - 1126 COMUNA VALPARAISO";"1409";"..";"1-disponible/recuperable";"21128";"898674"
"13- REGION METROPOLITANA";"LA GRANJA";"5238-1";"VALDIVIA 0651 COMUNA LA GRANJA";"2098";"CONCESION GRATUITA A CORTO PLAZO";"1-disponible/recuperable";"20984";"892549"
"08- REGION DEL BIOBIO";"CONCEPCION";"1352-23";"PASAJE 21 2030 TENIENTE MERINO 1 COMUNA CONCEPCION";"1160";"..";"1-disponible/recuperable";"20881";"888168"
"05- REGION DE VALPARAÍSO";"CARTAGENA";"1001-43/1001-44/1001-45/1001-46/1001-47/1001-48/1001-49";"COSTANERA DEL MAR 124 LOTE 14 (A-2) COMUNA CARTAGENA";"4135";"..";"1-disponible/recuperable";"20675";"879406"
"05- REGION DE VALPARAÍSO";"VALPARAISO";"39-8";"MELGAREJO 669 EDIFICIO ESMERALDA COMUNA VALPARAISO";"1373";"..";"1-disponible/recuperable";"20588";"875705"
"05- REGION DE VALPARAÍSO";"VALPARAISO";"7100-3";"SANTA LUCIA 437 COMUNA VALPARAISO";"1361";"CONCESION GRATUITA A LARGO PLAZO";"2-posible";"20415";"868347"
"13- REGION METROPOLITANA";"SAN JOAQUIN";"5443-13";"CARMEN MENA 230 EX 270 COMUNA SAN JOAQUIN";"1199";"CONCESION GRATUITA A CORTO PLAZO";"1-disponible/recuperable";"20383";"866986"
"08- REGION DEL BIOBIO";"HUALPEN";"4133-4";"PATRIA NUEVA 404 COMUNA HUALPEN";"2014";"CONCESION GRATUITA A LARGO PLAZO";"2-posible";"20141";"856692"
"05- REGION DE VALPARAÍSO";"CARTAGENA";"2000-56";"CALLE LOS BERGANTINES 162 MANZANA 1 SITIO 56 COMUNA CARTAGENA";"3997";"CONCESION GRATUITA A LARGO PLAZO";"2-posible";"19987";"850142"
"05- REGION DE VALPARAÍSO";"VALPARAISO";"1078-8";"PLAYA ANCHA 301 Y 303 AL 315 COMUNA VALPARAISO";"1315";"CONCESION GRATUITA A CORTO PLAZO";"1-disponible/recuperable";"19730";"839210"
"13- REGION METROPOLITANA";"NUNOA";"1210-7";"RENGO 761 - LUIS BELTRAN 1725 SITIO 3 COMUNA NUNOA";"460";"CONCESION GRATUITA A CORTO PLAZO";"1-disponible/recuperable";"19303";"821048"
"08- REGION DEL BIOBIO";"TALCAHUANO";"3704-1";"6 PONIENTE 7020 LOTE 2 COMUNA TALCAHUANO";"1607";"CONCESION GRATUITA A LARGO PLAZO";"2-posible";"19285";"820282"
"13- REGION METROPOLITANA";"SANTIAGO";"109-745";"HUERFANOS 1376 ANTES HUERFANOS 1350 AL 1372 PISO 11 COMUNA SANTIAGO";"543";"..";"1-disponible/recuperable";"19005";"808373"
"08- REGION DEL BIOBIO";"CHIGUAYANTE";"2779-1";"LA MARINA 519 COMUNA CHIGUAYANTE";"1897";"CONCESION GRATUITA A LARGO PLAZO";"2-posible";"18972";"806969"
"13- REGION METROPOLITANA";"SAN MIGUEL";"5248-96";"GRAN AVENIDA 5448 LOTE 1-1 COMUNA SAN MIGUEL";"861";"CONCESION GRATUITA A LARGO PLAZO";"2-posible";"18935";"805395"
"13- REGION METROPOLITANA";"RENCA";"388-1";"NEMESIS 7282 LOTE C COMUNA RENCA";"1890";"CONCESION GRATUITA A LARGO PLAZO";"2-posible";"18900";"803907"
"13- REGION METROPOLITANA";"SANTIAGO";"109-736";"HUERFANOS 1376 ANTES HUERFANOS 1350 AL 1372 PISO 5 COMUNA SANTIAGO";"538";"CONCESION GRATUITA A CORTO PLAZO";"1-disponible/recuperable";"18830";"800929"
"13- REGION METROPOLITANA";"SANTIAGO";"109-744";"HUERFANOS 1376 ANTES HUERFANOS 1350 AL 1372 PISO 10 COMUNA SANTIAGO";"538";"CONCESION GRATUITA A CORTO PLAZO";"1-disponible/recuperable";"18830";"800929"
"13- REGION METROPOLITANA";"SANTIAGO";"109-737";"HUERFANOS 1376 ANTES HUERFANOS 1350 AL 1372 PISO 6 COMUNA SANTIAGO";"538";"CONCESION GRATUITA A CORTO PLAZO";"1-disponible/recuperable";"18830";"800929"
"13- REGION METROPOLITANA";"PENAFLOR";"151-11";"DOCTOR PRADO TAGLE 156 COMUNA PENAFLOR";"2685";"..";"1-disponible/recuperable";"18795";"799440"
"05- REGION DE VALPARAÍSO";"VINA DEL MAR";"1239-1";"SIMON BOLIVAR 415 COMUNA VINA DEL MAR";"746";"CONCESION GRATUITA A CORTO PLAZO";"1-disponible/recuperable";"18638";"792762"
"13- REGION METROPOLITANA";"SANTIAGO";"2835-9";"SAN CAMILO 959 COMUNA SANTIAGO";"525";"CONCESION GRATUITA A CORTO PLAZO";"1-disponible/recuperable";"18389";"782171"
"13- REGION METROPOLITANA";"NUNOA";"5962-5";"RAUL SILVA CASTRO 4747 COMUNA NUNOA";"438";"CONCESION GRATUITA A LARGO PLAZO";"2-posible";"18375";"781576"
"08- REGION DEL BIOBIO";"CONCEPCION";"1176-19";"GABRIELA MISTRAL LOTE A COMUNA CONCEPCION";"1016";"CONCESION GRATUITA A CORTO PLAZO";"1-disponible/recuperable";"18295";"778173"
"08- REGION DEL BIOBIO";"CONCEPCION";"558-1";"ARTURO PRAT 1245 LOTE 1 COMUNA CONCEPCION";"1015";"CONCESION GRATUITA A CORTO PLAZO";"1-disponible/recuperable";"18277";"777407"
"13- REGION METROPOLITANA";"LO PRADO";"1104-1";"SANTA ZENOBIA SIN NUMERO ACERA SUR COMUNA LO PRADO";"1820";"CONCESION GRATUITA A LARGO PLAZO";"2-posible";"18200";"774132"
"13- REGION METROPOLITANA";"PUDAHUEL";"213-1";"ARA 259 COMUNA PUDAHUEL";"2262";"CONCESION GRATUITA A CORTO PLAZO";"1-disponible/recuperable";"18100";"769879"
"13- REGION METROPOLITANA";"PUDAHUEL";"5702-13";"FEDERICO ERRAZURIZ 788 LOTE 5-B COMUNA PUDAHUEL";"2250";"CONCESION GRATUITA A LARGO PLAZO";"2-posible";"18000";"765625"
"13- REGION METROPOLITANA";"SAN JOAQUIN";"5217-1";"PINTOR MURILLO 5359 - 5369 COMUNA SAN JOAQUIN";"1028";"CONCESION GRATUITA A CORTO PLAZO";"1-disponible/recuperable";"17476";"743337"
"05- REGION DE VALPARAÍSO";"QUILPUE";"311-8";"FREIRE 989 COMUNA QUILPUE";"1452";"CONCESION GRATUITA A LARGO PLAZO";"2-posible";"17424";"741125"
"13- REGION METROPOLITANA";"LA FLORIDA";"1382-2";"YOKOHAMA 6865 COMUNA LA FLORIDA";"1242";"..";"1-disponible/recuperable";"17393";"739807"
"13- REGION METROPOLITANA";"SANTIAGO";"29403";"VILLAVICENCIO 346 COMUNA SANTIAGO";"494";"CONCESION GRATUITA A CORTO PLAZO";"1-disponible/recuperable";"17290";"735426"
"13- REGION METROPOLITANA";"PENALOLEN";"5273-2";"I LITORAL COMUNA PENALOLEN";"1080";"CONCESION GRATUITA A CORTO PLAZO";"1-disponible/recuperable";"17280";"735000"
"13- REGION METROPOLITANA";"NUNOA";"5432-36";"EDUARDO CASTILLO VELASCO 2864 COMUNA NUNOA";"411";"CONCESION GRATUITA A CORTO PLAZO";"1-disponible/recuperable";"17241";"733341"
"05- REGION DE VALPARAÍSO";"VINA DEL MAR";"2284-16";"CARLOS IBANEZ DEL CAMPO 1000 COMUNA VINA DEL MAR";"677";"..";"1-disponible/recuperable";"16920";"719688"
"08- REGION DEL BIOBIO";"HUALPEN";"4868-18";"SUIZA 2310 COMUNA HUALPEN";"1685";"CONCESION GRATUITA A LARGO PLAZO";"2-posible";"16854";"716880"
"08- REGION DEL BIOBIO";"CONCEPCION";"774-5";"ANIBAL PINTO 1860 COMUNA CONCEPCION";"936";"CONCESION GRATUITA A LARGO PLAZO";"2-posible";"16850";"716710"
"13- REGION METROPOLITANA";"LA FLORIDA";"536-15";"CHACON ZAMORA 6997 VILLA LOS COPIHUES COMUNA LA FLORIDA";"1200";"..";"1-disponible/recuperable";"16800";"714584"
"13- REGION METROPOLITANA";"NUNOA";"5639-3";"EDUARDO CASTILLO VELASCO 3241 COMUNA NUNOA";"400";"CONCESION GRATUITA A CORTO PLAZO";"1-disponible/recuperable";"16800";"714584"
"05- REGION DE VALPARAÍSO";"VILLA ALEMANA";"SIN ROL";"BAQUEDANO SIN NUMERO INTERIOR LOTE A-28 COMUNA VILLA ALEMANA";"1844";"CONCESION GRATUITA A CORTO PLAZO";"1-disponible/recuperable";"16599";"706034"
"05- REGION DE VALPARAÍSO";"SAN ANTONIO";"2823-16";"PATRIA 1831 MANZANA 23 LOTE 2 COMUNA SAN ANTONIO";"2065";"CONCESION GRATUITA A CORTO PLAZO";"1-disponible/recuperable";"16519";"702631"
"13- REGION METROPOLITANA";"SANTIAGO";"154-97";"SAN ANTONIO 427 PISO 8 COMUNA SANTIAGO";"468";"..";"1-disponible/recuperable";"16365";"696081"
"13- REGION METROPOLITANA";"SAN RAMON";"1830-4";"EL SALVADOR COMUNA SAN RAMON";"1809";"CONCESION GRATUITA A CORTO PLAZO";"1-disponible/recuperable";"16279";"692423"
"08- REGION DEL BIOBIO";"CONCEPCION";"321-291";"TOLTEN 47 VALLE NONGUEN COMUNA CONCEPCION";"900";"CONCESION GRATUITA A LARGO PLAZO";"2-posible";"16200";"689063"
"13- REGION METROPOLITANA";"PUENTE ALTO";"3630-28";"CONCHA Y TORO 2591 COMUNA PUENTE ALTO";"1618";"CONCESION GRATUITA A LARGO PLAZO";"2-posible";"16183";"688340"
"13- REGION METROPOLITANA";"PUENTE ALTO";"2707-21";"LOS ALMENDROS 3138 COMUNA PUENTE ALTO";"1570";"CONCESION GRATUITA A CORTO PLAZO";"1-disponible/recuperable";"15701";"667838"
"05- REGION DE VALPARAÍSO";"VALPARAISO";"3038-19";"CUMMING 220 LOTE 1 COMUNA VALPARAISO";"1045";"PERMISO OCUPACION";"2-posible";"15677";"666817"
"05- REGION DE VALPARAÍSO";"VINA DEL MAR";"2469-954";"22 PONIENTE 5728 LOTE 3 COMUNA VINA DEL MAR";"623";"..";"1-disponible/recuperable";"15582";"662776"
"05- REGION DE VALPARAÍSO";"VINA DEL MAR";"35-21";"QUILLOTA 198 COMUNA VINA DEL MAR";"621";"..";"1-disponible/recuperable";"15529";"660522"
"13- REGION METROPOLITANA";"QUINTA NORMAL";"4044-34";"LOTE 1B COMUNA QUINTA NORMAL";"969";"CONCESION GRATUITA A LARGO PLAZO";"2-posible";"15498";"659203"
"13- REGION METROPOLITANA";"QUINTA NORMAL";"4622-18";"DOCTOR JORGE WALLS 4580 MANZANA W LOTE CB COMUNA QUINTA NORMAL";"956";"CONCESION GRATUITA A LARGO PLAZO";"2-posible";"15296";"650611"
"13- REGION METROPOLITANA";"LA PINTANA";"7043-1";"JOSE MANUEL BALMACEDA 1231 COMUNA LA PINTANA";"2180";"CONCESION GRATUITA A CORTO PLAZO";"1-disponible/recuperable";"15260";"649080"
"13- REGION METROPOLITANA";"SANTIAGO";"676-2";"PORTUGAL 623 - 627 COMUNA SANTIAGO";"435";"..";"1-disponible/recuperable";"15225";"647591"
"05- REGION DE VALPARAÍSO";"VILLA ALEMANA";"336-3";"ANIBAL PINTO SIN NUMERO MANZANA 9-A LOTE 1 COMUNA VILLA ALEMANA";"1691";"CONCESION GRATUITA A LARGO PLAZO";"2-posible";"15222";"647464"
"13- REGION METROPOLITANA";"MACUL";"6687-465";"ROQUE ESTEBAN SCARPA 2314 COMUNA MACUL";"840";"CONCESION GRATUITA A CORTO PLAZO";"1-disponible/recuperable";"15120";"643125"
"13- REGION METROPOLITANA";"SANTIAGO";"265-2";"CATEDRAL 2213 - 2219 COMUNA SANTIAGO";"404";"CONCESION GRATUITA A CORTO PLAZO";"1-disponible/recuperable";"14140";"601441"
"13- REGION METROPOLITANA";"QUINTA NORMAL";"3924-10";"CARRASCAL 4696 ANTES 4760 COMUNA QUINTA NORMAL";"875";"CONCESION GRATUITA A CORTO PLAZO";"1-disponible/recuperable";"13994";"595231"
"05- REGION DE VALPARAÍSO";"VALPARAISO";"6217-4";"DANIEL RODRIGUEZ 775 LOTE 383 COMUNA VALPARAISO";"932";"CONCESION GRATUITA A CORTO PLAZO";"1-disponible/recuperable";"13980";"594636"
"13- REGION METROPOLITANA";"LA FLORIDA";"759-7";"GENERAL LAS HERAS COMUNA LA FLORIDA";"998";"CONCESION GRATUITA A CORTO PLAZO";"1-disponible/recuperable";"13968";"594125"
"05- REGION DE VALPARAÍSO";"VALPARAISO";"3032-1";"SANTA ISABEL 739 COMUNA VALPARAISO";"930";"CONCESION GRATUITA A CORTO PLAZO";"1-disponible/recuperable";"13950";"593360"
"08- REGION DEL BIOBIO";"CONCEPCION";"145-23";"JANEQUEO 354 AL 360 LOTES 1A-1B-1C COMUNA CONCEPCION";"765";"..";"1-disponible/recuperable";"13764";"585448"
"13- REGION METROPOLITANA";"CERRO NAVIA";"3503-1";"5 DE FEBRERO 413 COMUNA CERRO NAVIA";"1719";"CONCESION GRATUITA A CORTO PLAZO";"1-disponible/recuperable";"13753";"584980"
"05- REGION DE VALPARAÍSO";"VINA DEL MAR";"1112-149";"VON SCHROEDERS 493 COMUNA VINA DEL MAR";"540";"CONCESION GRATUITA A CORTO PLAZO";"1-disponible/recuperable";"13498";"574134"
"08- REGION DEL BIOBIO";"HUALPEN";"5012-3";"GRAN BRETANA ESQUINA YOGOSLAVIA COMUNA HUALPEN";"1348";"CONCESION GRATUITA A LARGO PLAZO";"2-posible";"13475";"573156"
"05- REGION DE VALPARAÍSO";"QUILPUE";"663-25";"GASTON OSSA S/N COMUNA QUILPUE";"1092";"..";"1-disponible/recuperable";"13108";"557545"
"13- REGION METROPOLITANA";"PENALOLEN";"6289-1";"CALLE DOCE 1296 COMUNA PENALOLEN";"810";"CONCESION GRATUITA A CORTO PLAZO";"1-disponible/recuperable";"12960";"551250"
"13- REGION METROPOLITANA";"PADRE HURTADO";"NO TIENE";"PRIMERA TRANSVERSAL 991 (EX 990) COMUNA PADRE HURTADO";"2146";"CONCESION GRATUITA A LARGO PLAZO";"2-posible";"12875";"547635"
"05- REGION DE VALPARAÍSO";"VINA DEL MAR";"90-38";"LIBERTAD 428 COMUNA VINA DEL MAR";"510";"PERMISO OCUPACION";"2-posible";"12750";"542318"
"05- REGION DE VALPARAÍSO";"VILLA ALEMANA";"SIN ROL";"BAQUEDANO SIN NUMERO INTERIOR LOTE A-33 COMUNA VILLA ALEMANA";"1407";"CONCESION GRATUITA A CORTO PLAZO";"1-disponible/recuperable";"12663";"538617"
"13- REGION METROPOLITANA";"LA FLORIDA";"2444-11";"PERU 9053 COMUNA LA FLORIDA";"900";"CONCESION GRATUITA A LARGO PLAZO";"2-posible";"12600";"535938"
"05- REGION DE VALPARAÍSO";"VINA DEL MAR";"2467-466";"CINCO SUR COMUNA VINA DEL MAR";"500";"CONCESION GRATUITA A CORTO PLAZO";"1-disponible/recuperable";"12500";"531684"
"05- REGION DE VALPARAÍSO";"QUILPUE";"3720-152";"LOS EUCALIPTUS COMUNA QUILPUE";"1040";"CONCESION GRATUITA A LARGO PLAZO";"2-posible";"12480";"530834"
"13- REGION METROPOLITANA";"PENALOLEN";"5580-4";"CALLE 138 A 6485 COMUNA PENALOLEN";"780";"CONCESION GRATUITA A CORTO PLAZO";"1-disponible/recuperable";"12480";"530834"
"05- REGION DE VALPARAÍSO";"VALPARAISO";"8404-51";"ISRAEL ROIZBLAT 61 LOTE L-1 COMUNA VALPARAISO";"828";"CONCESION GRATUITA A LARGO PLAZO";"2-posible";"12416";"528111"
"13- REGION METROPOLITANA";"SAN JOAQUIN";"3215-35";"TORO Y ZAMBRANO 3840 COMUNA SAN JOAQUIN";"722";"CONCESION GRATUITA A CORTO PLAZO";"1-disponible/recuperable";"12274";"522071"
"08- REGION DEL BIOBIO";"CONCEPCION";"SIN ROL";"JUAN DE VASCONES ESQUINA FRAY JUAN CASTILLO POBLACION TENIENTE MERINO 2 COMUNA CONCEPCION";"680";"CONCESION GRATUITA A CORTO PLAZO";"1-disponible/recuperable";"12240";"520625"
"13- REGION METROPOLITANA";"LA FLORIDA";"3415-1";"JULIO CESAR 10905 COMUNA LA FLORIDA";"874";"CONCESION GRATUITA A CORTO PLAZO";"1-disponible/recuperable";"12236";"520455"
"13- REGION METROPOLITANA";"SANTIAGO";"493-13";"SAN IGNACIO 163 COMUNA SANTIAGO";"347";"CONCESION GRATUITA A LARGO PLAZO";"2-posible";"12128";"515861"
"05- REGION DE VALPARAÍSO";"VILLA ALEMANA";"SIN ROL";"BAQUEDANO SIN NUMERO INTERIOR LOTE A-34 COMUNA VILLA ALEMANA";"1346";"CONCESION GRATUITA A CORTO PLAZO";"1-disponible/recuperable";"12114";"515266"
"13- REGION METROPOLITANA";"LA GRANJA";"9076-7";"PRESIDENTE LULA DA SILVA 6495 COMUNA LA GRANJA";"1201";"CONCESION GRATUITA A CORTO PLAZO";"1-disponible/recuperable";"12009";"510800"
"05- REGION DE VALPARAÍSO";"SAN ANTONIO";"5117-3";"RAMON BARROS LUCO 2749 MANZANA 65 COMUNA SAN ANTONIO";"1497";"CONCESION GRATUITA A CORTO PLAZO";"1-disponible/recuperable";"11978";"509481"
"08- REGION DEL BIOBIO";"CONCEPCION";"927-13";"AINAVILLO 2358 MANZANA SITIO 13 F COMUNA CONCEPCION";"657";"CONCESION GRATUITA A CORTO PLAZO";"1-disponible/recuperable";"11831";"503228"
"05- REGION DE VALPARAÍSO";"VALPARAISO";"4091-2/4091/13/4091-14/4091-15/4091-16/4091-17/4091-18/4091-19/4091-20/4091-21";"BAQUEDANO 113 COMUNA VALPARAISO";"786";"ARRENDAMIENTO";"2-posible";"11784";"501229"
"13- REGION METROPOLITANA";"SAN JOAQUIN";"905-6";"VICUNA MACKENNA 3481 COMUNA SAN JOAQUIN";"688";"CONCESION GRATUITA A CORTO PLAZO";"1-disponible/recuperable";"11688";"497146"
"08- REGION DEL BIOBIO";"HUALPEN";"5260-3";"HUNGRIA 2899 SITIOS 1 2 Y 3 COMUNA HUALPEN";"1164";"CONCESION GRATUITA A CORTO PLAZO";"1-disponible/recuperable";"11636";"494934"
"08- REGION DEL BIOBIO";"SAN PEDRO DE LA PAZ";"14948-17";"CALLE UNO 140 MANZANA C LOTE 1 FUNDO SAN FELIPE COMUNA SAN PEDRO DE LA PAZ";"811";"CONCESION GRATUITA A CORTO PLAZO";"1-disponible/recuperable";"11356";"483024"
"13- REGION METROPOLITANA";"LA FLORIDA";"3600-31";"GUILLERMO BLEST GANA 10841 COMUNA LA FLORIDA";"811";"CONCESION GRATUITA A CORTO PLAZO";"1-disponible/recuperable";"11355";"482982"
"05- REGION DE VALPARAÍSO";"VILLA ALEMANA";"SIN ROL";"BAQUEDANO SIN NUMERO INTERIOR LOTE A-32 COMUNA VILLA ALEMANA";"1250";"CONCESION GRATUITA A CORTO PLAZO";"1-disponible/recuperable";"11246";"478346"
"05- REGION DE VALPARAÍSO";"VALPARAISO";"71-1";"PLAZA SIMON BOLIVAR 1653 COMUNA VALPARAISO";"738";"CONCESION GRATUITA A LARGO PLAZO";"2-posible";"11075";"471072"
"05- REGION DE VALPARAÍSO";"VILLA ALEMANA";"SIN ROL";"BAQUEDANO SIN NUMERO INTERIOR LOTE A-17 COMUNA VILLA ALEMANA";"1230";"CONCESION GRATUITA A CORTO PLAZO";"1-disponible/recuperable";"11070";"470860"
"13- REGION METROPOLITANA";"LO PRADO";"1204-1";"SANTA ZENOBIA SIN NUMERO ACERA NORTE COMUNA LO PRADO";"1103";"CONCESION GRATUITA A LARGO PLAZO";"2-posible";"11032";"469243"
"05- REGION DE VALPARAÍSO";"VILLA ALEMANA";"SIN ROL";"BAQUEDANO SIN NUMERO INTERIOR LOTE A-31 COMUNA VILLA ALEMANA";"1221";"CONCESION GRATUITA A CORTO PLAZO";"1-disponible/recuperable";"10989";"467414"
"13- REGION METROPOLITANA";"LA CISTERNA";"1703-24";"SANTA CORINA 068 COMUNA LA CISTERNA";"679";"CONCESION GRATUITA A LARGO PLAZO";"2-posible";"10864";"462097"
"05- REGION DE VALPARAÍSO";"VINA DEL MAR";"667-4";"VIANA 131 COMUNA VINA DEL MAR";"434";"PERMISO OCUPACION";"2-posible";"10846";"461332"
"13- REGION METROPOLITANA";"SANTIAGO";"97-97";"MAC IVER 283 COMUNA SANTIAGO";"309";"CONCESION GRATUITA A LARGO PLAZO";"2-posible";"10825";"460439"
"05- REGION DE VALPARAÍSO";"QUINTERO";"39-22";"HERMANOS CARRERA SIN NUMERO LOTE 1 COMUNA QUINTERO";"1350";"CONCESION GRATUITA A CORTO PLAZO";"1-disponible/recuperable";"10800";"459375"
"05- REGION DE VALPARAÍSO";"SAN ANTONIO";"7097-25";"NUEVA BRUSELAS SIN NUMERO LOTE 8 COMUNA SAN ANTONIO";"1340";"CONCESION GRATUITA A CORTO PLAZO";"1-disponible/recuperable";"10722";"456057"
"13- REGION METROPOLITANA";"LA REINA";"3013-24";"JOSE ARRIETA 5964 SITIO 4 COMUNA LA REINA";"353";"CONCESION GRATUITA A CORTO PLAZO";"1-disponible/recuperable";"10583";"450145"
"13- REGION METROPOLITANA";"INDEPENDENCIA";"2114-43";"AURORA DE CHILE 2768 COMUNA INDEPENDENCIA";"481";"ARRENDAMIENTO";"2-posible";"10575";"449805"
"05- REGION DE VALPARAÍSO";"VILLA ALEMANA";"SIN ROL";"BAQUEDANO SIN NUMERO INTERIOR LOTE A-29 COMUNA VILLA ALEMANA";"1170";"CONCESION GRATUITA A CORTO PLAZO";"1-disponible/recuperable";"10530";"447891"
"13- REGION METROPOLITANA";"LA REINA";"1808-143";"SIMON BOLIVAR 7459 LOTE 1-2 COMUNA LA REINA";"347";"CONCESION GRATUITA A CORTO PLAZO";"1-disponible/recuperable";"10403";"442489"
"13- REGION METROPOLITANA";"PUDAHUEL";"1866-1";"RIO ATRATOS 8448 COMUNA PUDAHUEL";"1296";"CONCESION GRATUITA A CORTO PLAZO";"1-disponible/recuperable";"10368";"441000"
"05- REGION DE VALPARAÍSO";"VALPARAISO";"SIN ROL";"EL TELEGRAFO 23 COMUNA VALPARAISO";"687";"CONCESION GRATUITA A CORTO PLAZO";"1-disponible/recuperable";"10305";"438320"
"05- REGION DE VALPARAÍSO";"VALPARAISO";"9300-560";"PASAJE SANTA MONICA SIN NUMERO COMUNA VALPARAISO";"679";"CONCESION GRATUITA A CORTO PLAZO";"1-disponible/recuperable";"10186";"433259"
"13- REGION METROPOLITANA";"PUENTE ALTO";"558-1";"COVADONGA SIN NUMERO COMUNA PUENTE ALTO";"992";"CONCESION GRATUITA A LARGO PLAZO";"2-posible";"9917";"421817"
"13- REGION METROPOLITANA";"LO PRADO";"3622-25";"INGENIERO GIROZ COMUNA LO PRADO";"989";"CONCESION GRATUITA A CORTO PLAZO";"1-disponible/recuperable";"9888";"420583"
"13- REGION METROPOLITANA";"NUNOA";"6623-14";"LOS AVELLANOS 2206 COMUNA NUNOA";"232";"CONCESION GRATUITA A CORTO PLAZO";"1-disponible/recuperable";"9727";"413735"
"13- REGION METROPOLITANA";"QUINTA NORMAL";"1613-8";"CORONEL ROBLES 1131 ESQUINA SAN PABLO COMUNA QUINTA NORMAL";"604";"CONCESION GRATUITA A CORTO PLAZO";"1-disponible/recuperable";"9664";"411056"
"13- REGION METROPOLITANA";"SANTIAGO";"148-45";"MERCED 343 COMUNA SANTIAGO";"275";"CONCESION GRATUITA A LARGO PLAZO";"2-posible";"9625";"409397"
"08- REGION DEL BIOBIO";"CONCEPCION";"544-0001";"CAMILO HENRIQUEZ 2505 (EX-505) COMUNA CONCEPCION";"526";"CONCESION GRATUITA A LARGO PLAZO";"2-posible";"9473";"402932"
"13- REGION METROPOLITANA";"SANTIAGO";"335-60";"LONDRES 40 COMUNA SANTIAGO";"268";"CONCESION GRATUITA A LARGO PLAZO";"2-posible";"9380";"398976"
"13- REGION METROPOLITANA";"PUDAHUEL";"383-6";"LA ESTRELLA ENTRE PASAJE MAR NEGRO Y OCEANO ATLANTICO LOTE B COMUNA PUDAHUEL";"1143";"CONCESION GRATUITA A CORTO PLAZO";"1-disponible/recuperable";"9141";"388810"
"13- REGION METROPOLITANA";"SANTIAGO";"109-726";"HUERFANOS 1376 ANTES HUERFANOS 1350 AL 1372 ENTREPISO COMUNA SANTIAGO";"261";"CONCESION GRATUITA A CORTO PLAZO";"1-disponible/recuperable";"9135";"388555"
"13- REGION METROPOLITANA";"SAN JOAQUIN";"4618-15";"URETA COX 349 COMUNA SAN JOAQUIN";"535";"CONCESION GRATUITA A CORTO PLAZO";"1-disponible/recuperable";"9087";"386513"
"08- REGION DEL BIOBIO";"CONCEPCION";"249-31";"MAIPU 1973 COMUNA CONCEPCION";"499";"CONCESION GRATUITA A CORTO PLAZO";"1-disponible/recuperable";"8985";"382175"
"05- REGION DE VALPARAÍSO";"VALPARAISO";"90-29";"TOMAS RAMOS 132 AL 144 COMUNA VALPARAISO";"594";"CONCESION GRATUITA A LARGO PLAZO";"2-posible";"8915";"379197"
"08- REGION DEL BIOBIO";"SAN PEDRO DE LA PAZ";"12016-1";"PEDRO AGUIRRE CERDA 680 SAN PEDRO VIEJO COMUNA SAN PEDRO DE LA PAZ";"631";"CONCESION GRATUITA A CORTO PLAZO";"1-disponible/recuperable";"8839";"375965"
"05- REGION DE VALPARAÍSO";"VINA DEL MAR";"2469-666";"19 PONIENTE 5843 LOTE 2 COMUNA VINA DEL MAR";"352";"CONCESION GRATUITA A CORTO PLAZO";"1-disponible/recuperable";"8800";"374306"
"13- REGION METROPOLITANA";"PUDAHUEL";"383-7";"LA ESTRELLA ENTRE PASAJE MAR NEGRO Y OCEANO ATLANTICO LOTE A COMUNA PUDAHUEL";"1095";"CONCESION GRATUITA A CORTO PLAZO";"1-disponible/recuperable";"8760";"372604"
"13- REGION METROPOLITANA";"SANTIAGO";"57-11";"ALMIRANTE BARROSO 23 COMUNA SANTIAGO";"250";"CONCESION GRATUITA A CORTO PLAZO";"1-disponible/recuperable";"8750";"372179"
"13- REGION METROPOLITANA";"SANTIAGO";"3069-36";"SIERRA BELLA 1352 COMUNA SANTIAGO";"250";"CONCESION GRATUITA A CORTO PLAZO";"1-disponible/recuperable";"8750";"372179"
"13- REGION METROPOLITANA";"LA FLORIDA";"796-56";"LAS HIGUERAS COMUNA LA FLORIDA";"625";"CONCESION GRATUITA A CORTO PLAZO";"1-disponible/recuperable";"8750";"372179"
"05- REGION DE VALPARAÍSO";"SAN ANTONIO";"8157-1";"MERCEDES NORTE 1823 EX 162 COMUNA SAN ANTONIO";"1091";"..";"1-disponible/recuperable";"8729";"371286"
"08- REGION DEL BIOBIO";"CORONEL";"528-1";"MILLABU ESQUINA PASAJE 1 MANZANA COMUNA CORONEL";"1233";"CONCESION GRATUITA A LARGO PLAZO";"2-posible";"8630";"367075"
"05- REGION DE VALPARAÍSO";"VILLA ALEMANA";"SIN ROL";"BAQUEDANO SIN NUMERO INTERIOR LOTE A-22 COMUNA VILLA ALEMANA";"942";"CONCESION GRATUITA A CORTO PLAZO";"1-disponible/recuperable";"8474";"360439"
"13- REGION METROPOLITANA";"NUNOA";"5669-13";"PEDRO LOBOS 666 COMUNA NUNOA";"200";"CONCESION GRATUITA A CORTO PLAZO";"1-disponible/recuperable";"8400";"357292"
"13- REGION METROPOLITANA";"SAN BERNARDO";"2523-12";"SAN JOSE 840 Y 848 COMUNA SAN BERNARDO";"1398";"..";"1-disponible/recuperable";"8388";"356781"
"13- REGION METROPOLITANA";"RECOLETA";"2376-7";"DESIDERIO LEMUS 0143 COMUNA RECOLETA";"413";"CONCESION GRATUITA A CORTO PLAZO";"1-disponible/recuperable";"8250";"350912"
"08- REGION DEL BIOBIO";"PENCO";"56-91";"YERBAS BUENAS 30 REMODELACION LORD COCHRANE COMUNA PENCO";"1020";"CONCESION GRATUITA A LARGO PLAZO";"2-posible";"8160";"347083"
"13- REGION METROPOLITANA";"RECOLETA";"4036-4";"MUNOZ GAMERO 574 COMUNA RECOLETA";"408";"PERMISO OCUPACION";"2-posible";"8152";"346743"
"13- REGION METROPOLITANA";"TALAGANTE";"264-90";"OHIGGINS 1852 COMUNA TALAGANTE";"1015";"CONCESION GRATUITA A LARGO PLAZO";"2-posible";"8123";"345510"
"13- REGION METROPOLITANA";"SANTIAGO";"2793-14";"COQUIMBO 609 COMUNA SANTIAGO";"232";"CONCESION GRATUITA A CORTO PLAZO";"1-disponible/recuperable";"8120";"345382"
"13- REGION METROPOLITANA";"LA FLORIDA";"NO TIENE";"EL APERO COMUNA LA FLORIDA";"576";"CONCESION GRATUITA A CORTO PLAZO";"1-disponible/recuperable";"8064";"343000"
"05- REGION DE VALPARAÍSO";"SAN ANTONIO";"8501-17";"EL ARRAYAN 1270 MANZANA 10 LOTE B COMUNA SAN ANTONIO";"1004";"CONCESION GRATUITA A CORTO PLAZO";"1-disponible/recuperable";"8035";"341767"
"13- REGION METROPOLITANA";"PROVIDENCIA";"190-10";"BELLAVISTA 0330 COMUNA PROVIDENCIA";"146";"CONCESION GRATUITA A CORTO PLAZO";"1-disponible/recuperable";"8008";"340618"
"05- REGION DE VALPARAÍSO";"VILLA ALEMANA";"SIN ROL";"SEXTA SIN NUMERO INTERIOR LOTE A-35 COMUNA VILLA ALEMANA";"882";"CONCESION GRATUITA A CORTO PLAZO";"1-disponible/recuperable";"7941";"337768"
"05- REGION DE VALPARAÍSO";"QUILPUE";"3721-198";"PASAJE 610 NUMERO 986 COMUNA QUILPUE";"654";"CONCESION GRATUITA A CORTO PLAZO";"1-disponible/recuperable";"7848";"333813"
"13- REGION METROPOLITANA";"SANTIAGO";"3763-1";"SAN IGNACIO 1709 ESQUINA SARGENTO ALDEA 1510 COMUNA SANTIAGO";"222";"CONCESION GRATUITA A CORTO PLAZO";"1-disponible/recuperable";"7770";"330495"
"13- REGION METROPOLITANA";"PENALOLEN";"7188-2";"GRECIA 6871 COMUNA PENALOLEN";"483";"CONCESION GRATUITA A CORTO PLAZO";"1-disponible/recuperable";"7728";"328708"
"05- REGION DE VALPARAÍSO";"CARTAGENA";"1001-27";"COSTANERA DEL MAR SIN NUMERO LOTE 12 COMUNA CARTAGENA";"1537";"ARRENDAMIENTO";"2-posible";"7685";"326879"
"05- REGION DE VALPARAÍSO";"SAN ANTONIO";"3920-1";"ANGAMOS 2380 COMUNA SAN ANTONIO";"960";"CONCESION GRATUITA A CORTO PLAZO";"1-disponible/recuperable";"7680";"326667"
"08- REGION DEL BIOBIO";"CORONEL";"2759-1";"LOS GUAYACANES 1380 COMUNA CORONEL";"1094";"CONCESION GRATUITA A LARGO PLAZO";"2-posible";"7658";"325731"
"13- REGION METROPOLITANA";"SANTIAGO";"44378";"JOSE RAMON GUTIERREZ 269 COMUNA SANTIAGO";"219";"CONCESION GRATUITA A LARGO PLAZO";"2-posible";"7656";"325646"
"05- REGION DE VALPARAÍSO";"VINA DEL MAR";"477-144";"PRINCIPAL SIN NUMERO LOTE 129 A COMUNA VINA DEL MAR";"300";"ARRENDAMIENTO";"2-posible";"7500";"319011"
"13- REGION METROPOLITANA";"SAN RAMON";"644-17";"GENERAL BARCELO LIRA 1965 COMUNA SAN RAMON";"829";"CONCESION GRATUITA A LARGO PLAZO";"2-posible";"7461";"317352"
"05- REGION DE VALPARAÍSO";"VINA DEL MAR";"2272-8";"CATEMU SIN NUMERO LOTE 160-A MANZANA J COMUNA VINA DEL MAR";"298";"CONCESION GRATUITA A CORTO PLAZO";"1-disponible/recuperable";"7456";"317139"
"05- REGION DE VALPARAÍSO";"QUILPUE";"721-15";"VERGARA 172 COMUNA QUILPUE";"600";"CONCESION GRATUITA A LARGO PLAZO";"2-posible";"7200";"306250"
"13- REGION METROPOLITANA";"RENCA";"1243-13";"RIO MAIPO COMUNA RENCA";"720";"CONCESION GRATUITA A CORTO PLAZO";"1-disponible/recuperable";"7200";"306250"
"05- REGION DE VALPARAÍSO";"ALGARROBO";"123-104";"BELLAVISTA SIN NUMERO COMUNA ALGARROBO";"600";"CONCESION GRATUITA A CORTO PLAZO";"1-disponible/recuperable";"7199";"306208"
"05- REGION DE VALPARAÍSO";"CARTAGENA";"SIN ROL";"JOSE ARELLANO RIVAS SIN NUMERO LOTE 1 COMUNA CARTAGENA";"1438";"CONCESION GRATUITA A CORTO PLAZO";"1-disponible/recuperable";"7190";"305825"
"08- REGION DEL BIOBIO";"TALCAHUANO";"1590-3";"LAS DALIAS LOTE 3 (EX LOTE D) COMUNA TALCAHUANO";"596";"CONCESION GRATUITA A CORTO PLAZO";"1-disponible/recuperable";"7146";"303953"
"13- REGION METROPOLITANA";"SAN JOAQUIN";"4989-12";"TIMAR COMUNA SAN JOAQUIN";"420";"CONCESION GRATUITA A CORTO PLAZO";"1-disponible/recuperable";"7140";"303698"
"05- REGION DE VALPARAÍSO";"VINA DEL MAR";"2170-17";"AUGUSTO DHALMAR SIN NUMERO COMUNA VINA DEL MAR";"285";"CONCESION GRATUITA A CORTO PLAZO";"1-disponible/recuperable";"7128";"303188"
"13- REGION METROPOLITANA";"SAN BERNARDO";"5461-3";"MARTIN DE SOLIS 14260 COMUNA SAN BERNARDO";"1178";"CONCESION GRATUITA A CORTO PLAZO";"1-disponible/recuperable";"7068";"300636"
"05- REGION DE VALPARAÍSO";"CONCON";"3456-19";"COSTANERA SIN NUMERO COMUNA CONCON";"234";"CONCESION GRATUITA A CORTO PLAZO";"1-disponible/recuperable";"7020";"298594"
"05- REGION DE VALPARAÍSO";"VINA DEL MAR";"59-10";"LOS CASTANOS 297 COMUNA VINA DEL MAR";"279";"CONCESION GRATUITA A CORTO PLAZO";"1-disponible/recuperable";"6969";"296425"
"13- REGION METROPOLITANA";"SANTIAGO";"3168-1";"TOCORNAL 1455 COMUNA SANTIAGO";"198";"ARRENDAMIENTO";"2-posible";"6934";"294936"
"05- REGION DE VALPARAÍSO";"VILLA ALEMANA";"SIN ROL";"BAQUEDANO SIN NUMERO INTERIOR PARTE LOTE A-22 COMUNA VILLA ALEMANA";"770";"CONCESION GRATUITA A CORTO PLAZO";"1-disponible/recuperable";"6930";"294766"
"05- REGION DE VALPARAÍSO";"VINA DEL MAR";"1062-14";"COQUIMBO MANZANA G SITIO 190 COMUNA VINA DEL MAR";"276";"CONCESION GRATUITA A CORTO PLAZO";"1-disponible/recuperable";"6903";"293617"
"13- REGION METROPOLITANA";"INDEPENDENCIA";"2437-5";"INGLATERRA 1575 ANTES 1405 COMUNA INDEPENDENCIA";"313";"CONCESION GRATUITA A CORTO PLAZO";"1-disponible/recuperable";"6893";"293192"
"13- REGION METROPOLITANA";"QUINTA NORMAL";"1323-25";"CARLOS PEZOA VELIZ 851 COMUNA QUINTA NORMAL";"431";"CONCESION GRATUITA A CORTO PLAZO";"1-disponible/recuperable";"6893";"293192"
"13- REGION METROPOLITANA";"LA REINA";"6406-54";"CALAMA 686 COMUNA LA REINA";"224";"CONCESION GRATUITA A CORTO PLAZO";"1-disponible/recuperable";"6720";"285833"
"05- REGION DE VALPARAÍSO";"VALPARAISO";"37-132 37-133 37-134 37-135 37-136";"ESMERALDA 1051 AL 1059 Y BLANCO 1054 AL 1059 COMUNA VALPARAISO";"447";"CONCESION GRATUITA A CORTO PLAZO";"1-disponible/recuperable";"6704";"285153"
"13- REGION METROPOLITANA";"PUENTE ALTO";"80-3";"CALLE UNO 708 COMUNA PUENTE ALTO";"670";"CONCESION GRATUITA A CORTO PLAZO";"1-disponible/recuperable";"6697";"284855"
"13- REGION METROPOLITANA";"CONCHALI";"6675-3";"EL CORTIJO PANAMERICANA NORTE 5411 COMUNA CONCHALI";"558";"CONCESION GRATUITA A CORTO PLAZO";"1-disponible/recuperable";"6696";"284813"
"13- REGION METROPOLITANA";"PENALOLEN";"7810-29";"CARACAS EX CEREZOS 2250 COMUNA PENALOLEN";"410";"CONCESION GRATUITA A CORTO PLAZO";"1-disponible/recuperable";"6562";"279113"
"13- REGION METROPOLITANA";"LO BARNECHEA";"3535-154";"SAN MARCOS SIN NUMERO COLINDANTE EL 401 COMUNA LO BARNECHEA";"163";"CONCESION GRATUITA A LARGO PLAZO";"2-posible";"6509";"276859"
"13- REGION METROPOLITANA";"RECOLETA";"3376-12";"EL ROBLE 0171 COMUNA RECOLETA";"323";"ARRENDAMIENTO";"2-posible";"6468";"275115"
"13- REGION METROPOLITANA";"EL BOSQUE";"15626-2";"LOS FILODENDROS COMUNA EL BOSQUE";"717";"CONCESION GRATUITA A CORTO PLAZO";"1-disponible/recuperable";"6455";"274562"
"13- REGION METROPOLITANA";"LA GRANJA";"2530-8";"PRESIDENTE EISENHOWER 085-087 COMUNA LA GRANJA";"642";"CONCESION GRATUITA A CORTO PLAZO";"1-disponible/recuperable";"6422";"273158"
"13- REGION METROPOLITANA";"SANTIAGO";"2833-2";"SANTA ELENA 905 COMUNA SANTIAGO";"182";"CONCESION GRATUITA A CORTO PLAZO";"1-disponible/recuperable";"6370";"270946"
"05- REGION DE VALPARAÍSO";"VINA DEL MAR";"366-15";"LAS LLOICAS SIN NUMERO COMUNA VINA DEL MAR";"255";"..";"1-disponible/recuperable";"6369";"270904"
"05- REGION DE VALPARAÍSO";"SAN ANTONIO";"1822-35";"RAMON BARROS LUCO 1390 CON CALLE CUATRO NORTE COMUNA SAN ANTONIO";"796";"CONCESION GRATUITA A CORTO PLAZO";"1-disponible/recuperable";"6368";"270861"
"13- REGION METROPOLITANA";"LA GRANJA";"5118-2";"CARDENAL RAUL SILVA HENRIQUEZ 6456 COMUNA LA GRANJA";"632";"CONCESION GRATUITA A CORTO PLAZO";"1-disponible/recuperable";"6324";"268990"
"05- REGION DE VALPARAÍSO";"VILLA ALEMANA";"429-20";"EL PUENTE 2140 MANZANA 9 SITIO 6 COMUNA VILLA ALEMANA";"700";"CONCESION GRATUITA A CORTO PLAZO";"1-disponible/recuperable";"6300";"267969"
"08- REGION DEL BIOBIO";"PENCO";"1300-10";"LUIS CRUZ 125 COMUNA PENCO";"786";"CONCESION GRATUITA A CORTO PLAZO";"1-disponible/recuperable";"6288";"267458"
"13- REGION METROPOLITANA";"LA GRANJA";"5249-1";"OCHO PONIENTE 8190 COMUNA LA GRANJA";"627";"CONCESION GRATUITA A CORTO PLAZO";"1-disponible/recuperable";"6266";"266523"
"05- REGION DE VALPARAÍSO";"VINA DEL MAR";"609-20";"VON SCHROEDERS 150 COMUNA VINA DEL MAR";"250";"CONCESION GRATUITA A CORTO PLAZO";"1-disponible/recuperable";"6250";"265842"
"05- REGION DE VALPARAÍSO";"VALPARAISO";"3118-29";"GENERAL MACKENNA 602 AL 608 COMUNA VALPARAISO";"410";"CONCESION GRATUITA A LARGO PLAZO";"2-posible";"6143";"261291"
"05- REGION DE VALPARAÍSO";"SAN ANTONIO";"2222-10";"DOS NORTE 68 LOTE 2 COMUNA SAN ANTONIO";"765";"CONCESION GRATUITA A CORTO PLAZO";"1-disponible/recuperable";"6122";"260398"
"13- REGION METROPOLITANA";"SANTIAGO";"13-76";"JOSE VICTORINO LASTARRIA 46 COMUNA SANTIAGO";"175";"CONCESION GRATUITA A LARGO PLAZO";"2-posible";"6117";"260185"
"13- REGION METROPOLITANA";"SANTIAGO";"201-46";"MIRAFLORES 666 DEPARTAMENTO 205 COMUNA SANTIAGO";"174";"CONCESION GRATUITA A CORTO PLAZO";"1-disponible/recuperable";"6102";"259547"
"05- REGION DE VALPARAÍSO";"VINA DEL MAR";"2476-452";"POBLACION ALEJANDRO NAVARRETE MANZANA F11 LOTE 4 COMUNA VINA DEL MAR";"244";"CONCESION GRATUITA A CORTO PLAZO";"1-disponible/recuperable";"6094";"259207"
"05- REGION DE VALPARAÍSO";"VALPARAISO";"9300-433";"RODELILLO COMUNA VALPARAISO";"404";"CONCESION GRATUITA A CORTO PLAZO";"1-disponible/recuperable";"6060";"257761"
"13- REGION METROPOLITANA";"SANTIAGO";"3040-81";"PADRE ORELLANA 1340 COMUNA SANTIAGO";"173";"CONCESION GRATUITA A CORTO PLAZO";"1-disponible/recuperable";"6039";"256867"
"05- REGION DE VALPARAÍSO";"SAN ANTONIO";"4324-1";"CACIQUE MILLACURA COMUNA SAN ANTONIO";"754";"CONCESION GRATUITA A CORTO PLAZO";"1-disponible/recuperable";"6029";"256442"
"13- REGION METROPOLITANA";"PROVIDENCIA";"541-84";"LUIS THAYER OJEDA 43 DEPARTAMENTO 506 COMUNA PROVIDENCIA";"110";"CONCESION GRATUITA A LARGO PLAZO";"2-posible";"6028";"256399"
"05- REGION DE VALPARAÍSO";"VINA DEL MAR";"1573-10";"DEL CERRO 2632 COMUNA VINA DEL MAR";"240";"CONCESION GRATUITA A CORTO PLAZO";"1-disponible/recuperable";"6000";"255208"
"05- REGION DE VALPARAÍSO";"VINA DEL MAR";"2415-2";"EL ESPINO NUMERO 3660 LOTE 93 LOTE 1 Y 2 COMUNA VINA DEL MAR";"240";"CONCESION GRATUITA A CORTO PLAZO";"1-disponible/recuperable";"6000";"255208"
"13- REGION METROPOLITANA";"LA REINA";"710-31";"LORELEY 812 D COMUNA LA REINA";"200";"CONCESION GRATUITA A CORTO PLAZO";"1-disponible/recuperable";"6000";"255208"
"13- REGION METROPOLITANA";"SAN JOAQUIN";"2838-4";"CABILDO 3519 MANZANA A SITIO 23 COMUNA SAN JOAQUIN";"350";"CONCESION GRATUITA A CORTO PLAZO";"1-disponible/recuperable";"5950";"253082"
"13- REGION METROPOLITANA";"QUINTA NORMAL";"3414-19";"GENERAL NOVOA 4220 COMUNA QUINTA NORMAL";"368";"CONCESION GRATUITA A CORTO PLAZO";"1-disponible/recuperable";"5888";"250445"
"13- REGION METROPOLITANA";"INDEPENDENCIA";"3049-45";"SANTA LAURA 1290 COMUNA INDEPENDENCIA";"267";"CONCESION GRATUITA A CORTO PLAZO";"1-disponible/recuperable";"5881";"250147"
"05- REGION DE VALPARAÍSO";"VALPARAISO";"1220-25";"TUBUL 26 COMUNA VALPARAISO";"392";"CONCESION GRATUITA A CORTO PLAZO";"1-disponible/recuperable";"5880";"250104"
"13- REGION METROPOLITANA";"NUNOA";"5153-23";"LOS JARDINES 300 SITIO 51 COMUNA NUNOA";"140";"CONCESION GRATUITA A CORTO PLAZO";"1-disponible/recuperable";"5880";"250104"
"13- REGION METROPOLITANA";"SAN RAMON";"362-159";"ALPATACAL SIN NUMERO HOY ALPATACAL 1781 COMUNA SAN RAMON";"651";"..";"1-disponible/recuperable";"5861";"249296"
"13- REGION METROPOLITANA";"SANTIAGO";"826-1";"TOESCA 2369 AL 2377 COMUNA SANTIAGO";"165";"CONCESION GRATUITA A CORTO PLAZO";"1-disponible/recuperable";"5775";"245638"
"05- REGION DE VALPARAÍSO";"VILLA ALEMANA";"93-2";"LONDRES 773 AL 785 COMUNA VILLA ALEMANA";"641";"..";"1-disponible/recuperable";"5767";"245298"
"05- REGION DE VALPARAÍSO";"QUILPUE";"3362-15";"VENEZUELA 1237 COMUNA QUILPUE";"480";"CONCESION GRATUITA A CORTO PLAZO";"1-disponible/recuperable";"5760";"245000"
"13- REGION METROPOLITANA";"PUDAHUEL";"1806-1";"TEHUANTEPEC 1040 COMUNA PUDAHUEL";"720";"CONCESION GRATUITA A CORTO PLAZO";"1-disponible/recuperable";"5760";"245000"
"13- REGION METROPOLITANA";"PUDAHUEL";"2001-1";"HERALDICA 8897 COMUNA PUDAHUEL";"720";"CONCESION GRATUITA A CORTO PLAZO";"1-disponible/recuperable";"5760";"245000"
"13- REGION METROPOLITANA";"RENCA";"541-34";"NUEVA SIN NUMERO COMUNA RENCA";"576";"CONCESION GRATUITA A CORTO PLAZO";"1-disponible/recuperable";"5760";"245000"
"13- REGION METROPOLITANA";"LA CISTERNA";"1714-5";"SANTA TERESA 037 COMUNA LA CISTERNA";"359";"CONCESION GRATUITA A LARGO PLAZO";"2-posible";"5744";"244320"
"13- REGION METROPOLITANA";"SANTIAGO";"3416-20";"LIRA 1652 COMUNA SANTIAGO";"162";"CONCESION GRATUITA A CORTO PLAZO";"1-disponible/recuperable";"5671";"241214"
"05- REGION DE VALPARAÍSO";"QUILPUE";"1177-11";"DOCTOR SALAS Y SAN MARTIN LOTE 1 Y 2 COMUNA QUILPUE";"469";"CONCESION GRATUITA A CORTO PLAZO";"1-disponible/recuperable";"5633";"239598"
"05- REGION DE VALPARAÍSO";"VALPARAISO";"8103-38 Y 8103-1";"21 DE MAYO 20 ESQUINA ERRAZURIZ LOTE 1 Y 2 COMUNA VALPARAISO";"374";"..";"1-disponible/recuperable";"5616";"238875"
"13- REGION METROPOLITANA";"PROVIDENCIA";"915-14";"EMILIO VAISSE 340-A COMUNA PROVIDENCIA";"102";"CONCESION GRATUITA A CORTO PLAZO";"1-disponible/recuperable";"5610";"238620"
"13- REGION METROPOLITANA";"HUECHURABA";"1609-6";"REPUBLICA DE GUYANA 439 COMUNA HUECHURABA";"310";"PERMISO OCUPACION";"2-posible";"5578";"237259"
"05- REGION DE VALPARAÍSO";"SAN ANTONIO";"4324-2";"VICENTE POBLETE 312 (304) COMUNA SAN ANTONIO";"690";"CONCESION GRATUITA A LARGO PLAZO";"2-posible";"5520";"234792"
"13- REGION METROPOLITANA";"SAN MIGUEL";"6434-14";"AMERICA 577 ANTES 1502 COMUNA SAN MIGUEL";"248";"..";"1-disponible/recuperable";"5459";"232197"
"13- REGION METROPOLITANA";"EL BOSQUE";"90-3";"UNIVERSO FRENTE 10167 Y 10179 COMUNA EL BOSQUE";"605";"CONCESION GRATUITA A CORTO PLAZO";"1-disponible/recuperable";"5441";"231432"
"05- REGION DE VALPARAÍSO";"VALPARAISO";"1077-4";"PLAYA ANCHA 201 COMUNA VALPARAISO";"360";"..";"1-disponible/recuperable";"5400";"229688"
"13- REGION METROPOLITANA";"LA CISTERNA";"3128-1";"JOSE JOAQUIN PRIETO ORIENTE 6800 COMUNA LA CISTERNA";"336";"CONCESION GRATUITA A CORTO PLAZO";"1-disponible/recuperable";"5376";"228667"
"13- REGION METROPOLITANA";"SANTIAGO";"1013-1";"CARABINEROS DE CHILE 33 COMUNA SANTIAGO";"153";"CONCESION GRATUITA A CORTO PLAZO";"1-disponible/recuperable";"5359";"227944"
"13- REGION METROPOLITANA";"SANTIAGO";"1310-2";"CARABINEROS DE CHILE 33 COMUNA SANTIAGO";"153";"CONCESION GRATUITA A CORTO PLAZO";"1-disponible/recuperable";"5359";"227944"
"08- REGION DEL BIOBIO";"TALCAHUANO";"1590-3";"LAS DALIAS LOTE 4 (EX LOTE E1) COMUNA TALCAHUANO";"446";"CONCESION GRATUITA A CORTO PLAZO";"1-disponible/recuperable";"5347";"227433"
"13- REGION METROPOLITANA";"INDEPENDENCIA";"2857-6";"GENERAL SAAVEDRA 1159 COMUNA INDEPENDENCIA";"240";"ARRENDAMIENTO";"2-posible";"5280";"224583"
"13- REGION METROPOLITANA";"LA REINA";"5701-60";"POMAIRE 99 LOTE 896 COMUNA LA REINA";"175";"ARRENDAMIENTO";"2-posible";"5256";"223563"
"13- REGION METROPOLITANA";"PENALOLEN";"9556-10";"LOS CEREZOS COMUNA PENALOLEN";"328";"CONCESION GRATUITA A LARGO PLAZO";"2-posible";"5248";"223222"
"13- REGION METROPOLITANA";"SAN RAMON";"1005-6";"EL MIRADOR 1661 COMUNA SAN RAMON";"580";"ARRENDAMIENTO";"2-posible";"5220";"222031"
"08- REGION DEL BIOBIO";"CONCEPCION";"64-24";"LINCOYAN 156 PISOS 1 Y 2 COMUNA CONCEPCION";"288";"..";"1-disponible/recuperable";"5190";"220755"
"13- REGION METROPOLITANA";"LA FLORIDA";"1189-1";"SOTERO DEL RIO 953 COMUNA LA FLORIDA";"369";"CONCESION GRATUITA A CORTO PLAZO";"1-disponible/recuperable";"5166";"219734"
"05- REGION DE VALPARAÍSO";"QUINTERO";"203-60";"DANIEL ZAMORA SIN NUMERO COMUNA QUINTERO";"646";"CONCESION GRATUITA A CORTO PLAZO";"1-disponible/recuperable";"5165";"219692"
"13- REGION METROPOLITANA";"RENCA";"541-33";"NUEVA 4832 COMUNA RENCA";"516";"..";"1-disponible/recuperable";"5163";"219607"
"05- REGION DE VALPARAÍSO";"SAN ANTONIO";"4122-6";"RAMON BARROS LUCO 2394 MANZANA 46 LOTE 7 COMUNA SAN ANTONIO";"638";"CONCESION GRATUITA A CORTO PLAZO";"1-disponible/recuperable";"5104";"217097"
"13- REGION METROPOLITANA";"LA REINA";"3613-107";"FRANCISCO DE VILLAGRA 6295-A COMUNA LA REINA";"170";"CONCESION GRATUITA A CORTO PLAZO";"1-disponible/recuperable";"5100";"216927"
"13- REGION METROPOLITANA";"SANTIAGO";"3504-15";"ALLENDE PADIN 2146 COMUNA SANTIAGO";"145";"CONCESION GRATUITA A CORTO PLAZO";"1-disponible/recuperable";"5084";"216247"
"13- REGION METROPOLITANA";"RECOLETA";"2975-9";"CAMPINO 2077 SITIO 4 COMUNA RECOLETA";"253";"CONCESION GRATUITA A CORTO PLAZO";"1-disponible/recuperable";"5066";"215481"
"13- REGION METROPOLITANA";"SANTIAGO";"2886-33";"COQUIMBO 1410 COMUNA SANTIAGO";"144";"CONCESION GRATUITA A LARGO PLAZO";"2-posible";"5040";"214375"
"13- REGION METROPOLITANA";"EL BOSQUE";"1869-4";"LOS QUILLAYES 10575 COMUNA EL BOSQUE";"560";"CONCESION GRATUITA A CORTO PLAZO";"1-disponible/recuperable";"5040";"214375"
"13- REGION METROPOLITANA";"SANTIAGO";"785-5";"UNION AMERICANA 255 - 257 COMUNA SANTIAGO";"143";"ARRENDAMIENTO";"2-posible";"5003";"212801"
"13- REGION METROPOLITANA";"INDEPENDENCIA";"3356-2";"EINSTEIN 1227 COMUNA INDEPENDENCIA";"227";"ARRENDAMIENTO";"2-posible";"5001";"212716"
"05- REGION DE VALPARAÍSO";"SAN ANTONIO";"4522-5";"RAMON BARROS LUCO 2640 MANZANA 54 SITIO 5 COMUNA SAN ANTONIO";"625";"CONCESION GRATUITA A CORTO PLAZO";"1-disponible/recuperable";"5000";"212674"
"08- REGION DEL BIOBIO";"CHIGUAYANTE";"2984-3";"BERGANTIN ARAUCO MANZANA SITIO 1 COMUNA CHIGUAYANTE";"500";"CONCESION GRATUITA A CORTO PLAZO";"1-disponible/recuperable";"5000";"212674"
"13- REGION METROPOLITANA";"LA CISTERNA";"3046-181";"TRINIDAD RAMIREZ 0714 SITIO 4 COMUNA LA CISTERNA";"310";"CONCESION GRATUITA A CORTO PLAZO";"1-disponible/recuperable";"4958";"210887"
"13- REGION METROPOLITANA";"PENALOLEN";"9108-29";"LAS PARCELAS 9190 MANZANA A SITIO 29 COMUNA PENALOLEN";"301";"CONCESION GRATUITA A CORTO PLAZO";"1-disponible/recuperable";"4819";"204975"
"13- REGION METROPOLITANA";"LA CISTERNA";"2522-89";"MANUEL FISCHMAN 0809 SITIO 312 COMUNA LA CISTERNA";"300";"CONCESION GRATUITA A CORTO PLAZO";"1-disponible/recuperable";"4800";"204167"
"13- REGION METROPOLITANA";"RECOLETA";"478-70";"BOMBERO NUNEZ 360 COMUNA RECOLETA";"240";"CONCESION GRATUITA A CORTO PLAZO";"1-disponible/recuperable";"4800";"204167"
"13- REGION METROPOLITANA";"QUILICURA";"35-12";"JOSE FRANCISCO VERGARA 300 EX 328 COMUNA QUILICURA";"480";"CONCESION GRATUITA A CORTO PLAZO";"1-disponible/recuperable";"4800";"204167"
"13- REGION METROPOLITANA";"CONCHALI";"2324-32";"TENIENTE PONCE 1916 MANZANA 3 SITIO 27 COMUNA CONCHALI";"400";"CONCESION GRATUITA A CORTO PLAZO";"1-disponible/recuperable";"4800";"204167"
"13- REGION METROPOLITANA";"LO PRADO";"1551-5";"SAN PABLO 7127 COMUNA LO PRADO";"480";"CONCESION GRATUITA A LARGO PLAZO";"2-posible";"4800";"204167"
"13- REGION METROPOLITANA";"PENALOLEN";"SIN ROL";"PASAJE DOS 1660 COMUNA PENALOLEN";"300";"..";"1-disponible/recuperable";"4800";"204167"
"13- REGION METROPOLITANA";"LA FLORIDA";"699-288";"PASAJE TOLEDO (FRENTE) COMUNA LA FLORIDA";"339";"CONCESION GRATUITA A CORTO PLAZO";"1-disponible/recuperable";"4746";"201870"
"13- REGION METROPOLITANA";"INDEPENDENCIA";"3356-3";"EINSTEIN 1237 ANTES CENTENARIO 947 LOTE A Y B COMUNA INDEPENDENCIA";"215";"CONCESION GRATUITA A CORTO PLAZO";"1-disponible/recuperable";"4722";"200849"
"13- REGION METROPOLITANA";"PENALOLEN";"9714-25";"LOS VERDULEROS 5754 MANZANA 8 C SITIO 142 COMUNA PENALOLEN";"294";"CONCESION GRATUITA A CORTO PLAZO";"1-disponible/recuperable";"4701";"199956"
"05- REGION DE VALPARAÍSO";"VALPARAISO";"9332-129";"DEL CABO SIN NUMERO COMUNA VALPARAISO";"313";"CONCESION GRATUITA A CORTO PLAZO";"1-disponible/recuperable";"4694";"199658"
"05- REGION DE VALPARAÍSO";"SAN ANTONIO";"2222-8";"RAMON BARROS LUCO 1598 MANZANA 12 SITIO 8 LOTE 1 Y 2 COMUNA SAN ANTONIO";"583";"CONCESION GRATUITA A CORTO PLAZO";"1-disponible/recuperable";"4664";"198382"
"08- REGION DEL BIOBIO";"TALCAHUANO";"SIN ROL";"LAS DALIAS LOTE 6 (EX LOTE F) COMUNA TALCAHUANO";"388";"CONCESION GRATUITA A CORTO PLAZO";"1-disponible/recuperable";"4655";"197999"
"13- REGION METROPOLITANA";"RENCA";"1303-49";"CHUNGARA COMUNA RENCA";"463";"CONCESION GRATUITA A CORTO PLAZO";"1-disponible/recuperable";"4625";"196723"
"13- REGION METROPOLITANA";"PENAFLOR";"337-10";"LOTE 58 KM 0.480,60 AL KM 0.506,90 AUTOPISTA SANTIAGO - SAN ANTONIO COMUNA PENAFLOR";"652";"CONCESION GRATUITA A CORTO PLAZO";"1-disponible/recuperable";"4563";"194086"
"13- REGION METROPOLITANA";"CERRO NAVIA";"3005-1";"JUAN CHACON CORONA 7208 COMUNA CERRO NAVIA";"570";"CONCESION GRATUITA A CORTO PLAZO";"1-disponible/recuperable";"4558";"193873"
"05- REGION DE VALPARAÍSO";"VILLA ALEMANA";"801-407";"SAN DIEGO 2310 COMUNA VILLA ALEMANA";"506";"CONCESION GRATUITA A CORTO PLAZO";"1-disponible/recuperable";"4556";"193788"
"05- REGION DE VALPARAÍSO";"VILLA ALEMANA";"862-221";"RIO MAULE 224 COMUNA VILLA ALEMANA";"500";"PERMISO OCUPACION";"2-posible";"4500";"191406"
"13- REGION METROPOLITANA";"LA FLORIDA";"3019-25";"QUINCHAO 1468 COMUNA LA FLORIDA";"320";"CONCESION GRATUITA A CORTO PLAZO";"1-disponible/recuperable";"4480";"190556"
"13- REGION METROPOLITANA";"PUENTE ALTO";"157-9";"LOPE DE VEGA SIN NUMERO FRENTE A PASAJE ANGEL DEL RIO COMUNA PUENTE ALTO";"448";"CONCESION GRATUITA A CORTO PLAZO";"1-disponible/recuperable";"4480";"190556"
"13- REGION METROPOLITANA";"PUENTE ALTO";"2301-33";"LOS LINGUES 2416 COMUNA PUENTE ALTO";"447";"CONCESION GRATUITA A CORTO PLAZO";"1-disponible/recuperable";"4472";"190215"
"13- REGION METROPOLITANA";"SAN JOAQUIN";"4618-34";"MARTIN HENRIQUEZ 4678 COMUNA SAN JOAQUIN";"260";"CONCESION GRATUITA A CORTO PLAZO";"1-disponible/recuperable";"4420";"188004"
"13- REGION METROPOLITANA";"LA CISTERNA";"14-27";"ESMERALDA 7253 COMUNA LA CISTERNA";"268";"CONCESION GRATUITA A CORTO PLAZO";"1-disponible/recuperable";"4288";"182389"
"13- REGION METROPOLITANA";"LA FLORIDA";"3610-17";"LOS NARDOS 10920-C SITIO 33 COMUNA LA FLORIDA";"305";"CONCESION GRATUITA A CORTO PLAZO";"1-disponible/recuperable";"4270";"181623"
"05- REGION DE VALPARAÍSO";"VILLA ALEMANA";"550-25";"BAQUEDANO NUMERO 1090 COMUNA VILLA ALEMANA";"471";"CONCESION GRATUITA A CORTO PLAZO";"1-disponible/recuperable";"4239";"180305"
"05- REGION DE VALPARAÍSO";"VILLA ALEMANA";"SIN ROL";"BAQUEDANO SIN NUMERO INTERIOR LOTE A-19 COMUNA VILLA ALEMANA";"466";"CONCESION GRATUITA A CORTO PLAZO";"1-disponible/recuperable";"4190";"178221"
"05- REGION DE VALPARAÍSO";"QUILPUE";"74-10";"BAQUEDANO 2260 LOTE 9 COMUNA QUILPUE";"344";"CONCESION GRATUITA A LARGO PLAZO";"2-posible";"4132";"175754"
"13- REGION METROPOLITANA";"RECOLETA";"3263-1";"SAN GERARDO 703 COMUNA RECOLETA";"205";"CONCESION GRATUITA A CORTO PLAZO";"1-disponible/recuperable";"4094";"174137"
"13- REGION METROPOLITANA";"PROVIDENCIA";"904-34";"MARIN 0193 DEPARTAMENTO 122 COMUNA PROVIDENCIA";"74";"ARRENDAMIENTO";"2-posible";"4070";"173116"
"13- REGION METROPOLITANA";"RENCA";"904-19";"COSTANERA NORTE COMUNA RENCA";"403";"CONCESION GRATUITA A CORTO PLAZO";"1-disponible/recuperable";"4032";"171500"
"13- REGION METROPOLITANA";"QUINTA NORMAL";"3514-46";"JOAQUIN WALKER MARTINEZ ESQUINA PASAJE CINTOLESI 4244 COMUNA QUINTA NORMAL";"251";"CONCESION GRATUITA A CORTO PLAZO";"1-disponible/recuperable";"4016";"170820"
"13- REGION METROPOLITANA";"ESTACION CENTRAL";"5194-2";"AULEN 1392 LOTE 1 COMUNA ESTACION CENTRAL";"222";"CONCESION GRATUITA A CORTO PLAZO";"1-disponible/recuperable";"4001";"170181"
"05- REGION DE VALPARAÍSO";"QUINTERO";"29-15";"COLON 593 MANZANA 24 SITIO MITAD 12 COMUNA QUINTERO";"500";"CONCESION GRATUITA A CORTO PLAZO";"1-disponible/recuperable";"4000";"170139"
"13- REGION METROPOLITANA";"RECOLETA";"1768-2";"VERA 473 COMUNA RECOLETA";"200";"ARRENDAMIENTO";"2-posible";"4000";"170139"
"13- REGION METROPOLITANA";"RECOLETA";"4082-2";"REINA DE CHILE 349 COMUNA RECOLETA";"200";"CONCESION GRATUITA A CORTO PLAZO";"1-disponible/recuperable";"4000";"170139"
"13- REGION METROPOLITANA";"RECOLETA";"3193-11";"ANTONIA PRADO 0603 COMUNA RECOLETA";"200";"..";"1-disponible/recuperable";"4000";"170139"
"13- REGION METROPOLITANA";"COLINA";"1117-15";"SANTA INES ESQUINA LO PINTO COMUNA COLINA";"500";"CONCESION GRATUITA A CORTO PLAZO";"1-disponible/recuperable";"4000";"170139"
"05- REGION DE VALPARAÍSO";"QUILPUE";"416-11";"LAUTARO 820 LOTE 2 COMUNA QUILPUE";"333";"CONCESION GRATUITA A CORTO PLAZO";"1-disponible/recuperable";"3991";"169756"
"13- REGION METROPOLITANA";"SAN BERNARDO";"5510-439";"PORTALES LOTE 7 COMUNA SAN BERNARDO";"653";"CONCESION GRATUITA A CORTO PLAZO";"1-disponible/recuperable";"3917";"166609"
"05- REGION DE VALPARAÍSO";"SAN ANTONIO";"8220-18";"CHILE 170 MANZANA 100 SITIO 868 COMUNA SAN ANTONIO";"489";"CONCESION GRATUITA A CORTO PLAZO";"1-disponible/recuperable";"3908";"166226"
"13- REGION METROPOLITANA";"NUNOA";"6308-5";"ARISTOTELES 911 CASA 5 COMUNA NUNOA";"92";"CONCESION GRATUITA A CORTO PLAZO";"1-disponible/recuperable";"3864";"164354"
"13- REGION METROPOLITANA";"SANTIAGO";"223-81";"ESMERALDA E ISMAEL VALDES VERGARA 675 - 654 DEPARTAMENTO 62 COMUNA SANTIAGO";"110";"CONCESION GRATUITA A CORTO PLAZO";"1-disponible/recuperable";"3850";"163759"
"05- REGION DE VALPARAÍSO";"QUILPUE";"348-45";"EL COBRE 285 COMUNA QUILPUE";"320";"CONCESION GRATUITA A CORTO PLAZO";"1-disponible/recuperable";"3839";"163291"
"05- REGION DE VALPARAÍSO";"QUINTERO";"206-13";"IGNACIO CARRERA PINTO 764 MANZANA 21 LOTE 13 COMUNA QUINTERO";"476";"CONCESION GRATUITA A CORTO PLAZO";"1-disponible/recuperable";"3808";"161972"
"05- REGION DE VALPARAÍSO";"QUILPUE";"351-24";"ZENTENO 790 CASI ESQUINA BLANCO LOCAL NUMERO 1 COMUNA QUILPUE";"317";"CONCESION GRATUITA A CORTO PLAZO";"1-disponible/recuperable";"3802";"161717"
"13- REGION METROPOLITANA";"CONCHALI";"2434-36";"CARDENAL CARO COMUNA CONCHALI";"315";"CONCESION GRATUITA A CORTO PLAZO";"1-disponible/recuperable";"3782";"160866"
"13- REGION METROPOLITANA";"ESTACION CENTRAL";"5246-5";"TAITAO 5812 MANZANA 71 LOTE 4 COMUNA ESTACION CENTRAL";"209";"ARRENDAMIENTO";"2-posible";"3762";"160016"
"05- REGION DE VALPARAÍSO";"VILLA ALEMANA";"543-11";"BAQUEDANO 304 COMUNA VILLA ALEMANA";"418";"CONCESION GRATUITA A CORTO PLAZO";"1-disponible/recuperable";"3758";"159846"
"08- REGION DEL BIOBIO";"CONCEPCION";"651-23";"VICUNA MACKENNA 1130 BARRIO NORTE COMUNA CONCEPCION";"208";"CONCESION GRATUITA A CORTO PLAZO";"1-disponible/recuperable";"3752";"159590"
"05- REGION DE VALPARAÍSO";"QUILPUE";"3353-29";"LOS NARANJOS 623 LOTE 23 COMUNA QUILPUE";"309";"CONCESION GRATUITA A CORTO PLAZO";"1-disponible/recuperable";"3712";"157889"
"13- REGION METROPOLITANA";"PUENTE ALTO";"6078-9";"PARQUE DEL ARRAYAN SIN NUMERO COMUNA PUENTE ALTO";"370";"CONCESION GRATUITA A CORTO PLAZO";"1-disponible/recuperable";"3700";"157379"
"05- REGION DE VALPARAÍSO";"QUILPUE";"3624-33";"MARGA MARGA 2204 LOTE 28-1 COMUNA QUILPUE";"307";"CONCESION GRATUITA A CORTO PLAZO";"1-disponible/recuperable";"3684";"156698"
"05- REGION DE VALPARAÍSO";"QUILPUE";"3624-35";"MARGA MARGA 2204 LOTE 40205 COMUNA QUILPUE";"306";"CONCESION GRATUITA A CORTO PLAZO";"1-disponible/recuperable";"3672";"156188"
"05- REGION DE VALPARAÍSO";"QUILPUE";"3353-22";"PLAYA ANCHA 698 COMUNA QUILPUE";"305";"CONCESION GRATUITA A CORTO PLAZO";"1-disponible/recuperable";"3663";"155805"
"08- REGION DEL BIOBIO";"CORONEL";"165-8";"RUTA 160 TRAMO TRES PINOS -ACCESO NORTE A LOTA LOTE 97-1 ENTRE KM 22552,5 AL 22696,1 COMUNA C";"523";"CONCESION GRATUITA A CORTO PLAZO";"1-disponible/recuperable";"3661";"155720"
"05- REGION DE VALPARAÍSO";"VALPARAISO";"8008-0009";"ESPANA 1898 COMUNA VALPARAISO";"243";"CONCESION GRATUITA A CORTO PLAZO";"1-disponible/recuperable";"3644";"154997"
"13- REGION METROPOLITANA";"PROVIDENCIA";"3220-227";"ANTONIO VARAS 1414 DEPARTAMENTO 182 COMUNA PROVIDENCIA";"66";"CONCESION GRATUITA A CORTO PLAZO";"1-disponible/recuperable";"3629";"154359"
"13- REGION METROPOLITANA";"CERRILLOS";"216-3";"DIVINO MAESTRO 7433 COMUNA CERRILLOS";"300";"CONCESION GRATUITA A CORTO PLAZO";"1-disponible/recuperable";"3600";"153125"
"13- REGION METROPOLITANA";"PUENTE ALTO";"984-27";"LOS LOROS COMUNA PUENTE ALTO";"359";"CONCESION GRATUITA A CORTO PLAZO";"1-disponible/recuperable";"3590";"152700"
"13- REGION METROPOLITANA";"RENCA";"435-39";"PASAJE CALETA GUAPI SIN NUMERO COMUNA RENCA";"356";"CONCESION GRATUITA A CORTO PLAZO";"1-disponible/recuperable";"3560";"151424"
"05- REGION DE VALPARAÍSO";"SAN ANTONIO";"151-9";"PUENTE AREVALO 834 CASA 4 COMUNA SAN ANTONIO";"445";"ARRENDAMIENTO";"2-posible";"3558";"151339"
"13- REGION METROPOLITANA";"LA FLORIDA";"833-60";"ANCUD 8638 COMUNA LA FLORIDA";"252";"ARRENDAMIENTO";"2-posible";"3528";"150063"
"13- REGION METROPOLITANA";"NUNOA";"6407-203";"CATORCE 1368 COMUNA NUNOA";"84";"CONCESION GRATUITA A CORTO PLAZO";"1-disponible/recuperable";"3527";"150020"
"13- REGION METROPOLITANA";"PENALOLEN";"9005-336";"JOSE ARRIETA 8453 LOTE 43 COMUNA PENALOLEN";"220";"CONCESION GRATUITA A LARGO PLAZO";"2-posible";"3520";"149722"
"05- REGION DE VALPARAÍSO";"QUILPUE";"SIN ROL";"EL PARQUE SIN NUMERO COMUNA QUILPUE";"291";"CONCESION GRATUITA A CORTO PLAZO";"1-disponible/recuperable";"3494";"148616"
"13- REGION METROPOLITANA";"SAN JOAQUIN";"5011-1";"PASAJE ROGEL RETES 301 COMUNA SAN JOAQUIN";"203";"CONCESION GRATUITA A CORTO PLAZO";"1-disponible/recuperable";"3451";"146787"
"13- REGION METROPOLITANA";"EL BOSQUE";"5723-1";"CAMINO LAS PARCELAS 1753 COMUNA EL BOSQUE";"373";"CONCESION GRATUITA A CORTO PLAZO";"1-disponible/recuperable";"3361";"142959"
"13- REGION METROPOLITANA";"SANTIAGO";"109-726";"HUERFANOS 1376 ANTES HUERFANOS 1350 AL 1372 COMUNA SANTIAGO";"96";"CONCESION GRATUITA A CORTO PLAZO";"1-disponible/recuperable";"3360";"142917"
"13- REGION METROPOLITANA";"RECOLETA";"6048-26";"COBRE 3672 COMUNA RECOLETA";"167";"ARRENDAMIENTO";"2-posible";"3344";"142236"
"05- REGION DE VALPARAÍSO";"QUILPUE";"791-6";"BASSO NUMERO DOS 562 COMUNA QUILPUE";"276";"ARRENDAMIENTO";"2-posible";"3312";"140875"
"08- REGION DEL BIOBIO";"CONCEPCION";"143-0001";"SAN MARTIN 1201 COMUNA CONCEPCION";"184";"..";"1-disponible/recuperable";"3310";"140790"
"13- REGION METROPOLITANA";"CERRILLOS";"163-31";"LAS TINAJAS 7492 COMUNA CERRILLOS";"273";"CONCESION GRATUITA A CORTO PLAZO";"1-disponible/recuperable";"3272";"139174"
"13- REGION METROPOLITANA";"NUNOA";"17-68";"IRARRAZAVAL 1628 DEPARTAMENTO 92 COMUNA NUNOA";"78";"CONCESION GRATUITA A CORTO PLAZO";"1-disponible/recuperable";"3263";"138791"
"13- REGION METROPOLITANA";"QUINTA NORMAL";"NO TIENE";"LOTE 69 KM 2378,50 AL KM 2428.50 COMUNA QUINTA NORMAL";"203";"CONCESION GRATUITA A CORTO PLAZO";"1-disponible/recuperable";"3248";"138153"
"13- REGION METROPOLITANA";"SAN RAMON";"652-30";"INDEPENDENCIA 9244 COMUNA SAN RAMON";"360";"CONCESION GRATUITA A LARGO PLAZO";"2-posible";"3240";"137813"
"13- REGION METROPOLITANA";"SAN MIGUEL";"6356-50";"JOSE READY 6236 COMUNA SAN MIGUEL";"147";"ARRENDAMIENTO";"2-posible";"3234";"137557"
"13- REGION METROPOLITANA";"MAIPU";"54-14";"5 DE ABRIL ALTURA 447 LOTE Z-1 COMUNA MAIPU";"231";"CONCESION GRATUITA A CORTO PLAZO";"1-disponible/recuperable";"3229";"137345"
"05- REGION DE VALPARAÍSO";"QUILPUE";"348-75";"EL COBRE SIN NUMERO COMUNA QUILPUE";"268";"CONCESION GRATUITA A CORTO PLAZO";"1-disponible/recuperable";"3221";"137004"
"05- REGION DE VALPARAÍSO";"VALPARAISO";"8055-5";"BARTOLOME VIVAR SIN NUMERO CERRO LOS PLACERES COMUNA VALPARAISO";"208";"CONCESION GRATUITA A CORTO PLAZO";"1-disponible/recuperable";"3120";"132708"
"08- REGION DEL BIOBIO";"TALCAHUANO";"104-12";"COLON 1194 AL 1198 ESQUINA RIQUELME COMUNA TALCAHUANO";"260";"..";"1-disponible/recuperable";"3118";"132623"
"13- REGION METROPOLITANA";"SANTIAGO";"503-18";"JOSE SANTIAGO MONTT 258 COMUNA SANTIAGO";"89";"ARRENDAMIENTO";"2-posible";"3115";"132496"
"08- REGION DEL BIOBIO";"PENCO";"SIN ROL";"COSTANERA SITIO 1 COMUNA PENCO";"381";"CONCESION GRATUITA A CORTO PLAZO";"1-disponible/recuperable";"3049";"129688"
"13- REGION METROPOLITANA";"PROVIDENCIA";"2709-17";"ROMAN DIAZ 1061 DEPARTAMENTO 22 COMUNA PROVIDENCIA";"55";"CONCESION GRATUITA A CORTO PLAZO";"1-disponible/recuperable";"3031";"128923"
"13- REGION METROPOLITANA";"LA FLORIDA";"1338-4";"REAL MADRID 1758 COMUNA LA FLORIDA";"216";"CONCESION GRATUITA A CORTO PLAZO";"1-disponible/recuperable";"3024";"128625"
"13- REGION METROPOLITANA";"SANTIAGO";"126-373";"SAN ANTONIO 378 DEPARTAMENTO 403 COMUNA SANTIAGO";"84";"CONCESION GRATUITA A CORTO PLAZO";"1-disponible/recuperable";"2944";"125222"
"13- REGION METROPOLITANA";"PENALOLEN";"7089-22";"CHOLOS 6948 MANZANA 021 SITIO 0024 COMUNA PENALOLEN";"182";"ARRENDAMIENTO";"2-posible";"2918";"124116"
"13- REGION METROPOLITANA";"SAN JOAQUIN";"105-4";"SANTA ELENA 2213 COMUNA SAN JOAQUIN";"170";"CONCESION GRATUITA A CORTO PLAZO";"1-disponible/recuperable";"2890";"122925"
"05- REGION DE VALPARAÍSO";"QUILPUE";"3355-89";"LOS CLAVELES 185 LOTE 42 COMUNA QUILPUE";"240";"CONCESION GRATUITA A LARGO PLAZO";"2-posible";"2880";"122500"
"13- REGION METROPOLITANA";"RENCA";"661-21";"DOMINGO SANTA MARIA 3278 LOTE 407 DOMINGO SANTA MARIA 3286 LOTE 406 COMUNA RENCA";"288";"CONCESION GRATUITA A CORTO PLAZO";"1-disponible/recuperable";"2880";"122500"
"13- REGION METROPOLITANA";"PENALOLEN";"9109-10";"MAR ADRIATICO 5314 COMUNA PENALOLEN";"180";"ARRENDAMIENTO";"2-posible";"2880";"122500"
"05- REGION DE VALPARAÍSO";"SAN ANTONIO";"725-1";"BLANCO ENCALADA SIN NUMERO MANZANA F SITIO 2 COMUNA SAN ANTONIO";"359";"CONCESION GRATUITA A CORTO PLAZO";"1-disponible/recuperable";"2870";"122075"
"13- REGION METROPOLITANA";"RENCA";"546-1; 546-2; 546-3";"ARTURO PRAT 4899 COMUNA RENCA";"286";"..";"1-disponible/recuperable";"2860";"121649"
"13- REGION METROPOLITANA";"ESTACION CENTRAL";"594-42";"OBISPO JAVIER VASQUEZ 3985 COMUNA ESTACION CENTRAL";"158";"CONCESION GRATUITA A LARGO PLAZO";"2-posible";"2844";"120969"
"05- REGION DE VALPARAÍSO";"QUILPUE";"34-41";"VENECIA 2114 COMUNA QUILPUE";"236";"CONCESION GRATUITA A CORTO PLAZO";"1-disponible/recuperable";"2832";"120458"
"13- REGION METROPOLITANA";"PUDAHUEL";"2596-58";"DIAGONAL PONIENTE 9129 COMUNA PUDAHUEL";"354";"CONCESION GRATUITA A CORTO PLAZO";"1-disponible/recuperable";"2832";"120458"
"05- REGION DE VALPARAÍSO";"VINA DEL MAR";"1437-5";"ELQUI 7O POBLACION BUENOS AMIGOS COMUNA VINA DEL MAR";"112";"ARRENDAMIENTO";"2-posible";"2800";"119097"
"13- REGION METROPOLITANA";"LO PRADO";"3335-15";"JOHN ADAMS COMUNA LO PRADO";"279";"CONCESION GRATUITA A CORTO PLAZO";"1-disponible/recuperable";"2790";"118672"
"13- REGION METROPOLITANA";"SAN JOAQUIN";"4721-9";"CARMELA CARVAJAL 180 COMUNA SAN JOAQUIN";"163";"ARRENDAMIENTO";"2-posible";"2776";"118076"
"13- REGION METROPOLITANA";"INDEPENDENCIA";"648-90";"CARLOTA MILCHER 912 COMUNA INDEPENDENCIA";"126";"CONCESION GRATUITA A CORTO PLAZO";"1-disponible/recuperable";"2772";"117906"
"13- REGION METROPOLITANA";"INDEPENDENCIA";"2148-23";"LUIS ENRIQUE MONTT 1121 LOTE 16 COMUNA INDEPENDENCIA";"125";"CONCESION GRATUITA A CORTO PLAZO";"1-disponible/recuperable";"2749";"116928"
"13- REGION METROPOLITANA";"LA FLORIDA";"27957-25";"PUERTO EDEN COMUNA LA FLORIDA";"196";"CONCESION GRATUITA A CORTO PLAZO";"1-disponible/recuperable";"2743";"116673"
"13- REGION METROPOLITANA";"PENALOLEN";"9369-6";"PASAJE A CON PASAJE M COMUNA PENALOLEN";"171";"CONCESION GRATUITA A CORTO PLAZO";"1-disponible/recuperable";"2736";"116375"
"13- REGION METROPOLITANA";"RECOLETA";"3071-21";"ALBANO 2151 COMUNA RECOLETA";"137";"ARRENDAMIENTO";"2-posible";"2732";"116205"
"13- REGION METROPOLITANA";"LA CISTERNA";"2031-2";"PAULINA 8515 COMUNA LA CISTERNA";"170";"CONCESION GRATUITA A CORTO PLAZO";"1-disponible/recuperable";"2720";"115694"
"08- REGION DEL BIOBIO";"CONCEPCION";"570-25";"TUCAPEL 1252 COMUNA CONCEPCION";"151";"CONCESION GRATUITA A CORTO PLAZO";"1-disponible/recuperable";"2714";"115439"
"13- REGION METROPOLITANA";"SAN MIGUEL";"3542-14";"MONTECARMELO 734 COMUNA SAN MIGUEL";"123";"ARRENDAMIENTO";"2-posible";"2697";"114716"
"13- REGION METROPOLITANA";"QUINTA NORMAL";"4935-4";"PLATON 5055 COMUNA QUINTA NORMAL";"167";"ARRENDAMIENTO";"2-posible";"2672";"113653"
"05- REGION DE VALPARAÍSO";"QUINTERO";"110-21";"LUIS ORIONE 626 LOTE C COMUNA QUINTERO";"333";"CONCESION GRATUITA A CORTO PLAZO";"1-disponible/recuperable";"2666";"113398"
"05- REGION DE VALPARAÍSO";"VILLA ALEMANA";"SIN ROL";"STRAUSS SIN NUMERO COMUNA VILLA ALEMANA";"296";"CONCESION GRATUITA A CORTO PLAZO";"1-disponible/recuperable";"2666";"113398"
"13- REGION METROPOLITANA";"CERRO NAVIA";"2635-25";"LOYOLA 6277 COMUNA CERRO NAVIA";"332";"CONCESION GRATUITA A CORTO PLAZO";"1-disponible/recuperable";"2656";"112972"
"13- REGION METROPOLITANA";"SANTIAGO";"291-44";"MATURANA 428 DEPARTAMENTO B COMUNA SANTIAGO";"76";"CONCESION GRATUITA A CORTO PLAZO";"1-disponible/recuperable";"2651";"112760"
"05- REGION DE VALPARAÍSO";"CARTAGENA";"877-14";"CRESCENTE ERRAZURIZ 1126-B COMUNA CARTAGENA";"524";"CONCESION GRATUITA A CORTO PLAZO";"1-disponible/recuperable";"2618";"111356"
"13- REGION METROPOLITANA";"MACUL";"7263-80";"PASAJE LOS PEATONES 20 2757 SITIO 472 COMUNA MACUL";"144";"ARRENDAMIENTO";"2-posible";"2592";"110250"
"13- REGION METROPOLITANA";"PENALOLEN";"5581-6";"PASAJE 142 6573 COMUNA PENALOLEN";"162";"CONCESION GRATUITA A CORTO PLAZO";"1-disponible/recuperable";"2592";"110250"
"08- REGION DEL BIOBIO";"CONCEPCION";"177-5";"ANIBAL PINTO 442 ENTREPISO LOTE 103 Y LOTE 1 COMUNA CONCEPCION";"142";"..";"1-disponible/recuperable";"2562";"108974"
"05- REGION DE VALPARAÍSO";"VILLA ALEMANA";"800-204";"CRISOL NUMERO 120 COMUNA VILLA ALEMANA";"284";"CONCESION GRATUITA A CORTO PLAZO";"1-disponible/recuperable";"2559";"108846"
"05- REGION DE VALPARAÍSO";"SAN ANTONIO";"8018-28";"SAN PEDRO SIN NUMERO MANZANA C SITIO 5 COMUNA SAN ANTONIO";"315";"CONCESION GRATUITA A CORTO PLAZO";"1-disponible/recuperable";"2522";"107273"
"13- REGION METROPOLITANA";"CERRO NAVIA";"3287-6";"PASAJE MALAQUITAS 2169 COMUNA CERRO NAVIA";"310";"CONCESION GRATUITA A CORTO PLAZO";"1-disponible/recuperable";"2482";"105571"
"13- REGION METROPOLITANA";"COLINA";"698-94";"COQUIMBO LA MONTANA LO PINTO SITIO 87 COMUNA COLINA";"307";"CONCESION GRATUITA A CORTO PLAZO";"1-disponible/recuperable";"2459";"104593"
"13- REGION METROPOLITANA";"RENCA";"1396-1";"SANTA EMILIA 7371 COMUNA RENCA";"245";"CONCESION GRATUITA A CORTO PLAZO";"1-disponible/recuperable";"2449";"104168"
"05- REGION DE VALPARAÍSO";"VALPARAISO";"1258-1";"PORVENIR 762 COMUNA VALPARAISO";"161";"ARRENDAMIENTO";"2-posible";"2412";"102594"
"13- REGION METROPOLITANA";"PUDAHUEL";"607-68";"LOS MARES 8525 COMUNA PUDAHUEL";"301";"CONCESION GRATUITA A CORTO PLAZO";"1-disponible/recuperable";"2404";"102254"
"13- REGION METROPOLITANA";"PUDAHUEL";"383-2";"MAR DEL JAPON 210 COMUNA PUDAHUEL";"300";"CONCESION GRATUITA A CORTO PLAZO";"1-disponible/recuperable";"2400";"102083"
"05- REGION DE VALPARAÍSO";"SAN ANTONIO";"2823-24";"PATRIA 1836 LOTE 1A, 1B, 1C, 1D, 1E, 1F, 1G Y 1H COMUNA SAN ANTONIO";"296";"..";"1-disponible/recuperable";"2365";"100595"
"13- REGION METROPOLITANA";"QUINTA NORMAL";"4755-45";"SANTA EDELMIRA 6450 COMUNA QUINTA NORMAL";"147";"CONCESION GRATUITA A CORTO PLAZO";"1-disponible/recuperable";"2346";"99786"
"05- REGION DE VALPARAÍSO";"VILLA ALEMANA";"70-2";"CONCEPCION 1040 COMUNA VILLA ALEMANA";"260";"CONCESION GRATUITA A CORTO PLAZO";"1-disponible/recuperable";"2342";"99616"
"05- REGION DE VALPARAÍSO";"VINA DEL MAR";"22-34";"DOS NORTE 17 COMUNA VINA DEL MAR";"93";"CONCESION GRATUITA A CORTO PLAZO";"1-disponible/recuperable";"2325";"98893"
"13- REGION METROPOLITANA";"SAN BERNARDO";"516-1";"SAN MARTIN 176 COMUNA SAN BERNARDO";"384";"CONCESION GRATUITA A CORTO PLAZO";"1-disponible/recuperable";"2301";"97872"
"13- REGION METROPOLITANA";"RENCA";"1160-9";"BLANCA VERGARA 1578 COMUNA RENCA";"230";"CONCESION GRATUITA A LARGO PLAZO";"2-posible";"2295";"97617"
"08- REGION DEL BIOBIO";"CORONEL";"79-6";"REMIGIO CASTRO 221 COMUNA CORONEL";"327";"CONCESION GRATUITA A CORTO PLAZO";"1-disponible/recuperable";"2289";"97362"
"13- REGION METROPOLITANA";"LA FLORIDA";"6972-11";"LAS ENCINAS 8317 COMUNA LA FLORIDA";"163";"ARRENDAMIENTO";"2-posible";"2281";"97022"
"13- REGION METROPOLITANA";"RENCA";"116-21";"JOSE MIGUEL INFANTE CLOTARIO BLEST COMUNA RENCA";"228";"CONCESION GRATUITA A CORTO PLAZO";"1-disponible/recuperable";"2278";"96894"
"13- REGION METROPOLITANA";"SANTIAGO";"2851-57";"PORVENIR 630 DEPARTAMENTO 202 COMUNA SANTIAGO";"65";"ARRENDAMIENTO";"2-posible";"2275";"96767"
"13- REGION METROPOLITANA";"CERRO NAVIA";"2484-9";"GABRIELA MISTRAL 1254 COMUNA CERRO NAVIA";"281";"CONCESION GRATUITA A CORTO PLAZO";"1-disponible/recuperable";"2246";"95533"
"13- REGION METROPOLITANA";"RENCA";"862-3";"PASAJE ULMO ALTURA 5100 MANZANA N COMUNA RENCA";"224";"CONCESION GRATUITA A LARGO PLAZO";"2-posible";"2240";"95278"
"13- REGION METROPOLITANA";"PUDAHUEL";"212-3";"CASTOR 259 COMUNA PUDAHUEL";"279";"CONCESION GRATUITA A CORTO PLAZO";"1-disponible/recuperable";"2235";"95065"
"13- REGION METROPOLITANA";"PUDAHUEL";"213-3";"ALFA DE LA CRUZ 8564 COMUNA PUDAHUEL";"276";"CONCESION GRATUITA A CORTO PLAZO";"1-disponible/recuperable";"2206";"93832"
"13- REGION METROPOLITANA";"LA PINTANA";"6045-1";"JOAQUIN EDWARDS BELLO COMUNA LA PINTANA";"314";"CONCESION GRATUITA A LARGO PLAZO";"2-posible";"2201";"93619"
"13- REGION METROPOLITANA";"PUENTE ALTO";"572-42";"JUAN ESTAY 038 COMUNA PUENTE ALTO";"220";"ARRENDAMIENTO";"2-posible";"2200";"93576"
"08- REGION DEL BIOBIO";"CONCEPCION";"244-29";"JANEQUEO 696 COMUNA CONCEPCION";"122";"CONCESION GRATUITA A CORTO PLAZO";"1-disponible/recuperable";"2198";"93491"
"13- REGION METROPOLITANA";"PUDAHUEL";"212-4";"CIGNUS 8575 COMUNA PUDAHUEL";"273";"CONCESION GRATUITA A CORTO PLAZO";"1-disponible/recuperable";"2184";"92896"
"05- REGION DE VALPARAÍSO";"QUILPUE";"422-4";"LOS CARRERA 1709 LOTE 5 COMUNA QUILPUE";"181";"CONCESION GRATUITA A CORTO PLAZO";"1-disponible/recuperable";"2167";"92173"
"13- REGION METROPOLITANA";"SAN BERNARDO";"3534-5";"SANTIAGO 0904 COMUNA SAN BERNARDO";"361";"CONCESION GRATUITA A CORTO PLAZO";"1-disponible/recuperable";"2166";"92130"
"13- REGION METROPOLITANA";"SANTIAGO";"87-87";"AGUSTINAS 1442 DEPARTAMENTO 608 COMUNA SANTIAGO";"61";"CONCESION GRATUITA A LARGO PLAZO";"2-posible";"2135";"90812"
"13- REGION METROPOLITANA";"SANTIAGO";"87-95";"AGUSTINAS 1442 DEPARTAMENTO 708 COMUNA SANTIAGO";"61";"CONCESION GRATUITA A LARGO PLAZO";"2-posible";"2135";"90812"
"05- REGION DE VALPARAÍSO";"VALPARAISO";"6124-12";"VON MOLTKE 238 COMUNA VALPARAISO";"141";"ARRENDAMIENTO";"2-posible";"2108";"89663"
"08- REGION DEL BIOBIO";"TALCAHUANO";"2008-2";"CALLE RIO GRANDE 25 VILLA INDEPENDENCIA COMUNA TALCAHUANO";"175";"ARRENDAMIENTO";"2-posible";"2101";"89365"
"13- REGION METROPOLITANA";"PENAFLOR";"337-10";"LOTE 57 KM 0.462,60 AL KM 0.483,30 AUTOPISTA SANTIAGO - SAN ANTONIO COMUNA PENAFLOR";"300";"CONCESION GRATUITA A CORTO PLAZO";"1-disponible/recuperable";"2101";"89365"
"05- REGION DE VALPARAÍSO";"QUILPUE";"422-1";"TRONCAL NUMERO 1710 LOTE 2 COMUNA QUILPUE";"174";"CONCESION GRATUITA A CORTO PLAZO";"1-disponible/recuperable";"2088";"88813"
"08- REGION DEL BIOBIO";"CORONEL";"44972";"CARRERA 250 SITIO 1 COMUNA CORONEL";"298";"CONCESION GRATUITA A CORTO PLAZO";"1-disponible/recuperable";"2083";"88600"
"05- REGION DE VALPARAÍSO";"VALPARAISO";"176-18";"EDWARDS 608 DEPARTAMENTO 5 C COMUNA VALPARAISO";"139";"ARRENDAMIENTO";"2-posible";"2079";"88430"
"13- REGION METROPOLITANA";"PADRE HURTADO";"361-21";"LOS MAQUIS 1418 COMUNA PADRE HURTADO";"347";"ARRENDAMIENTO";"2-posible";"2079";"88430"
"13- REGION METROPOLITANA";"SANTIAGO";"87-94";"AGUSTINAS 1442 DEPARTAMENTO 707 COMUNA SANTIAGO";"59";"CONCESION GRATUITA A CORTO PLAZO";"1-disponible/recuperable";"2065";"87834"
"05- REGION DE VALPARAÍSO";"VALPARAISO";"5146-27";"TRES SIN NUMERO COMUNA VALPARAISO";"135";"CONCESION GRATUITA A CORTO PLAZO";"1-disponible/recuperable";"2025";"86133"
"05- REGION DE VALPARAÍSO";"SAN ANTONIO";"3020-8";"JUAN LUIS SANFUENTES 1987 COMUNA SAN ANTONIO";"253";"CONCESION GRATUITA A CORTO PLAZO";"1-disponible/recuperable";"2021";"85963"
"05- REGION DE VALPARAÍSO";"VINA DEL MAR";"646-207";"ARLEGUI 160 DEPARTAMENTO 802 COMUNA VINA DEL MAR";"80";"CONCESION GRATUITA A CORTO PLAZO";"1-disponible/recuperable";"2012";"85580"
"13- REGION METROPOLITANA";"MAIPU";"787-22";"LAS PERDICES 1378 SITIO 86 COMUNA MAIPU";"143";"ARRENDAMIENTO";"2-posible";"2005";"85282"
"13- REGION METROPOLITANA";"PUDAHUEL";"2559-13";"SERRANO 1266 COMUNA PUDAHUEL";"250";"CONCESION GRATUITA A CORTO PLAZO";"1-disponible/recuperable";"2000";"85069"
"13- REGION METROPOLITANA";"EL BOSQUE";"15140-3";"LO MARTINEZ 337 COMUNA EL BOSQUE";"222";"ARRENDAMIENTO";"2-posible";"1998";"84984"
"05- REGION DE VALPARAÍSO";"VALPARAISO";"2043-11";"CAJILLA NUMERO 811 Y NUMERO 815 COMUNA VALPARAISO";"133";"CONCESION GRATUITA A CORTO PLAZO";"1-disponible/recuperable";"1992";"84729"
"13- REGION METROPOLITANA";"ESTACION CENTRAL";"594-43";"OBISPO JAVIER VASQUEZ 3987 COMUNA ESTACION CENTRAL";"110";"CONCESION GRATUITA A LARGO PLAZO";"2-posible";"1980";"84219"
"13- REGION METROPOLITANA";"QUILICURA";"35-9";"JOSE FRANCISCO VERGARA 256 266 COMUNA QUILICURA";"198";"CONCESION GRATUITA A CORTO PLAZO";"1-disponible/recuperable";"1979";"84176"
"08- REGION DEL BIOBIO";"CHIGUAYANTE";"SIN ROL";"BILBAO 2222 LOTE A-4 POBLACION LOS BOLDOS COMUNA CHIGUAYANTE";"197";"CONCESION GRATUITA A CORTO PLAZO";"1-disponible/recuperable";"1968";"83708"
"13- REGION METROPOLITANA";"SANTIAGO";"210-58";"ROSAS 1190 DEPARTAMENTO 505 COMUNA SANTIAGO";"56";"CONCESION GRATUITA A CORTO PLAZO";"1-disponible/recuperable";"1960";"83368"
"13- REGION METROPOLITANA";"SANTIAGO";"87-82";"AGUSTINAS 1442 DEPARTAMENTO 603 COMUNA SANTIAGO";"56";"CONCESION GRATUITA A LARGO PLAZO";"2-posible";"1960";"83368"
"08- REGION DEL BIOBIO";"HUALPEN";"6056-45";"PATRIA NUEVA 1105 COMUNA HUALPEN";"195";"CONCESION GRATUITA A CORTO PLAZO";"1-disponible/recuperable";"1946";"82773"
"08- REGION DEL BIOBIO";"CONCEPCION";"927-13";"AINAVILLO 2358 MANZANA LOTE 13 G COMUNA CONCEPCION";"108";"CONCESION GRATUITA A CORTO PLAZO";"1-disponible/recuperable";"1943";"82645"
"13- REGION METROPOLITANA";"SANTIAGO";"87-83";"AGUSTINAS 1442 DEPARTAMENTO 604 COMUNA SANTIAGO";"55";"CONCESION GRATUITA A LARGO PLAZO";"2-posible";"1925";"81879"
"13- REGION METROPOLITANA";"CONCHALI";"3047-15";"TOKYO 5826 COMUNA CONCHALI";"160";"ARRENDAMIENTO";"2-posible";"1920";"81667"
"05- REGION DE VALPARAÍSO";"VILLA ALEMANA";"165-41";"LIMA 505 COMUNA VILLA ALEMANA";"210";"CONCESION GRATUITA A CORTO PLAZO";"1-disponible/recuperable";"1890";"80391"
"13- REGION METROPOLITANA";"SANTIAGO";"634-54";"EYZAGUIRRE 1085 DEPARTAMENTO 202 COMUNA SANTIAGO";"54";"ARRENDAMIENTO";"2-posible";"1890";"80391"
"13- REGION METROPOLITANA";"SAN BERNARDO";"5578-23";"DIEGO DE GARCIA 14035 COMUNA SAN BERNARDO";"313";"CONCESION GRATUITA A LARGO PLAZO";"2-posible";"1875";"79753"
"13- REGION METROPOLITANA";"SAN BERNARDO";"5574-19";"JUAN ESPINA COMUNA SAN BERNARDO";"313";"CONCESION GRATUITA A LARGO PLAZO";"2-posible";"1875";"79753"
"13- REGION METROPOLITANA";"SANTIAGO";"227-146";"ISMAEL VALDES VERGARA 820 DEPARTAMENTO 32 COMUNA SANTIAGO";"53";"CONCESION GRATUITA A CORTO PLAZO";"1-disponible/recuperable";"1848";"78604"
"13- REGION METROPOLITANA";"CERRILLOS";"14-16";"LAS ARAUCARIAS 8091 COMUNA CERRILLOS";"154";"CONCESION GRATUITA A CORTO PLAZO";"1-disponible/recuperable";"1848";"78604"
"13- REGION METROPOLITANA";"RENCA";"1194-13";"COYHAIQUE 1864 COMUNA RENCA";"185";"CONCESION GRATUITA A CORTO PLAZO";"1-disponible/recuperable";"1846";"78519"
"13- REGION METROPOLITANA";"SANTIAGO";"90-36";"MONEDA 1741 DEPARTAMENTO 22 COMUNA SANTIAGO";"53";"ARRENDAMIENTO";"2-posible";"1838";"78179"
"13- REGION METROPOLITANA";"HUECHURABA";"1531-11";"GRANEROS 856 COMUNA HUECHURABA";"101";"ARRENDAMIENTO";"2-posible";"1818";"77328"
"05- REGION DE VALPARAÍSO";"VINA DEL MAR";"1521-308";"ALVAREZ 1926 TORRE X DEPARTAMENTO 26 COMUNA VINA DEL MAR";"73";"ARRENDAMIENTO";"2-posible";"1817";"77286"
"08- REGION DEL BIOBIO";"CHIGUAYANTE";"SIN ROL";"BILBAO 2216 LOTE A-3 POBLACION LOS BOLDOS COMUNA CHIGUAYANTE";"182";"..";"1-disponible/recuperable";"1816";"77243"
"13- REGION METROPOLITANA";"PUENTE ALTO";"159-14";"DOMINGO TOCORNAL 744 COMUNA PUENTE ALTO";"179";"CONCESION GRATUITA A CORTO PLAZO";"1-disponible/recuperable";"1790";"76137"
"08- REGION DEL BIOBIO";"CONCEPCION";"177-3";"ANIBAL PINTO 442 LOTE 17- PISO 1 Y PARTE LOTE 1 ENTREPISO COMUNA CONCEPCION";"99";"CONCESION GRATUITA A CORTO PLAZO";"1-disponible/recuperable";"1787";"76010"
"13- REGION METROPOLITANA";"CERRO NAVIA";"2363-17";"SANTA TERESA DE LOS ANDES 1431 SITIO 30 COMUNA CERRO NAVIA";"222";"ARRENDAMIENTO";"2-posible";"1775";"75499"
"13- REGION METROPOLITANA";"SANTIAGO";"401-92";"VERGARA 24 DEPARTAMENTO 707 COMUNA SANTIAGO";"51";"CONCESION GRATUITA A CORTO PLAZO";"1-disponible/recuperable";"1769";"75244"
"05- REGION DE VALPARAÍSO";"SAN ANTONIO";"2026-25";"CALLE IGNACIO CARRERA PINTO 39 LOTE 1 COMUNA SAN ANTONIO";"221";"CONCESION GRATUITA A CORTO PLAZO";"1-disponible/recuperable";"1766";"75116"
"05- REGION DE VALPARAÍSO";"VALPARAISO";"1018-8";"WADDINGTON 7121 COMUNA VALPARAISO";"118";"CONCESION GRATUITA A CORTO PLAZO";"1-disponible/recuperable";"1763";"74989"
"05- REGION DE VALPARAÍSO";"VINA DEL MAR";"144-92";"SAN MARTIN 821 DEPARTAMENTO 1208 COMUNA VINA DEL MAR";"70";"CONCESION GRATUITA A CORTO PLAZO";"1-disponible/recuperable";"1744";"74181"
"08- REGION DEL BIOBIO";"CORONEL";"917-11";"PASAJE VOLCAN TINGUIRIRICA NUMERO 1410 LOTE B COMUNA CORONEL";"249";"CONCESION GRATUITA A CORTO PLAZO";"1-disponible/recuperable";"1743";"74138"
"08- REGION DEL BIOBIO";"CONCEPCION";"180-110";"TUCAPEL 482 LOTE 94 COMUNA CONCEPCION";"96";"CONCESION GRATUITA A CORTO PLAZO";"1-disponible/recuperable";"1728";"73500"
"13- REGION METROPOLITANA";"INDEPENDENCIA";"1024-47";"GAMERO 2042 DEPARTAMENTO 2042 A COMUNA INDEPENDENCIA";"77";"ARRENDAMIENTO";"2-posible";"1694";"72054"
"05- REGION DE VALPARAÍSO";"QUILPUE";"346-43";"LAS PALMAS COMUNA QUILPUE";"141";"CONCESION GRATUITA A CORTO PLAZO";"1-disponible/recuperable";"1688";"71799"
"08- REGION DEL BIOBIO";"CORONEL";"45000";"CARRERA 270 SITIO 2A COMUNA CORONEL";"240";"CONCESION GRATUITA A CORTO PLAZO";"1-disponible/recuperable";"1678";"71373"
"05- REGION DE VALPARAÍSO";"SAN ANTONIO";"2764-4";"LIBERTAD 841 LOTE 4 MANZANA 38 COMUNA SAN ANTONIO";"209";"ARRENDAMIENTO";"2-posible";"1672";"71118"
"13- REGION METROPOLITANA";"SAN BERNARDO";"4636-1";"EL NOCEDAL 11901 COMUNA SAN BERNARDO";"276";"CONCESION GRATUITA A CORTO PLAZO";"1-disponible/recuperable";"1653";"70310"
"13- REGION METROPOLITANA";"EL BOSQUE";"5261-5";"LOS RAULIES 11357 COMUNA EL BOSQUE";"180";"ARRENDAMIENTO";"2-posible";"1620";"68906"
"13- REGION METROPOLITANA";"PUENTE ALTO";"194-10";"ERNESTO ALVEAR 484 LOTE 115 COMUNA PUENTE ALTO";"162";"CONCESION GRATUITA A LARGO PLAZO";"2-posible";"1620";"68906"
"05- REGION DE VALPARAÍSO";"VILLA ALEMANA";"SIN ROL";"BAQUEDANO SIN NUMERO INTERIOR LOTE A-21 COMUNA VILLA ALEMANA";"178";"CONCESION GRATUITA A CORTO PLAZO";"1-disponible/recuperable";"1602";"68141"
"13- REGION METROPOLITANA";"LA GRANJA";"5281-12";"PUNTA ARENAS 8219 SITIO 2985 COMUNA LA GRANJA";"159";"CONCESION GRATUITA A CORTO PLAZO";"1-disponible/recuperable";"1585";"67418"
"13- REGION METROPOLITANA";"COLINA";"601-13";"FERMIN VERGARA SIN NUMERO MANZANA 14 LOTE 13 COMUNA COLINA";"196";"CONCESION GRATUITA A CORTO PLAZO";"1-disponible/recuperable";"1571";"66822"
"13- REGION METROPOLITANA";"QUINTA NORMAL";"1414-23";"APOSTOL SANTIAGO 878 COMUNA QUINTA NORMAL";"97";"CONCESION GRATUITA A CORTO PLAZO";"1-disponible/recuperable";"1552";"66014"
"05- REGION DE VALPARAÍSO";"SAN ANTONIO";"8170-14";"JOSE MIGUEL CARRERA NUMERO 590 COMUNA SAN ANTONIO";"194";"CONCESION GRATUITA A CORTO PLAZO";"1-disponible/recuperable";"1551";"65971"
"08- REGION DEL BIOBIO";"CONCEPCION";"177-9";"ANIBAL PINTO 450 PISO ENTREPISO LOTE 8 PISO 1 LOTE 8 ENTREPISO COMUNA CONCEPCION";"86";"CONCESION GRATUITA A CORTO PLAZO";"1-disponible/recuperable";"1545";"65716"
"08- REGION DEL BIOBIO";"SAN PEDRO DE LA PAZ";"3272-20";"LOS SAUCES ESQUINA PACES DE QUILIN VILLA SAN PEDRO COMUNA SAN PEDRO DE LA PAZ";"110";"CONCESION GRATUITA A CORTO PLAZO";"1-disponible/recuperable";"1540";"65503"
"13- REGION METROPOLITANA";"SANTIAGO";"590-6";"TOCORNAL 413 CASA 1 COMUNA SANTIAGO";"43";"ARRENDAMIENTO";"2-posible";"1519";"64610"
"05- REGION DE VALPARAÍSO";"VILLA ALEMANA";"SIN ROL";"BAQUEDANO SIN NUMERO INTERIOR PARTE LOTA-16 COMUNA VILLA ALEMANA";"168";"CONCESION GRATUITA A CORTO PLAZO";"1-disponible/recuperable";"1512";"64313"
"05- REGION DE VALPARAÍSO";"VALPARAISO";"213-3";"RETAMO 707 PISO 2; RETAMO 709 PISO 1 LOTE B; COMUNA VALPARAISO";"97";"..";"1-disponible/recuperable";"1462";"62186"
"13- REGION METROPOLITANA";"EL BOSQUE";"811-14";"LAS ESQUILAS 1610 COMUNA EL BOSQUE";"162";"ARRENDAMIENTO";"2-posible";"1458";"62016"
"13- REGION METROPOLITANA";"HUECHURABA";"7018-13";"LAS BANDURRIAS 6878 COMUNA HUECHURABA";"80";"CONCESION GRATUITA A CORTO PLAZO";"1-disponible/recuperable";"1440";"61250"
"08- REGION DEL BIOBIO";"CORONEL";"917-9";"PASAJE VOLCAN TINGUIRIRICA NUMERO 1420 LOTE A COMUNA CORONEL";"203";"CONCESION GRATUITA A CORTO PLAZO";"1-disponible/recuperable";"1421";"60442"
"13- REGION METROPOLITANA";"PENALOLEN";"9643-25";"CABO 2DO JULIO PAVEZ ORTIZ COMUNA PENALOLEN";"87";"CONCESION GRATUITA A LARGO PLAZO";"2-posible";"1394";"59293"
"08- REGION DEL BIOBIO";"CONCEPCION";"177-24";"ANIBAL PINTO 442 LOTE 104 COMUNA CONCEPCION";"76";"ARRENDAMIENTO";"2-posible";"1371";"58315"
"13- REGION METROPOLITANA";"RENCA";"601-33";"RIO RAHUE 4948 COMUNA RENCA";"136";"CONCESION GRATUITA A LARGO PLAZO";"2-posible";"1358";"57762"
"13- REGION METROPOLITANA";"SAN MIGUEL";"5187-3";"PASAJE K 5214 DEPARTAMENTO D COMUNA SAN MIGUEL";"61";"ARRENDAMIENTO";"2-posible";"1342";"57082"
"13- REGION METROPOLITANA";"MAIPU";"54-70";"5 DE ABRIL 449 LOTE Y-1 COMUNA MAIPU";"95";"CONCESION GRATUITA A CORTO PLAZO";"1-disponible/recuperable";"1336";"56826"
"13- REGION METROPOLITANA";"CERRO NAVIA";"2776-16";"NAPOLES 1433 A-B COMUNA CERRO NAVIA";"160";"..";"1-disponible/recuperable";"1280";"54444"
"13- REGION METROPOLITANA";"ESTACION CENTRAL";"942-118";"NICASIO RETAMALES 836 COMUNA ESTACION CENTRAL";"70";"ARRENDAMIENTO";"2-posible";"1260";"53594"
"13- REGION METROPOLITANA";"COLINA";"593-5";"PASAJE CUATRO SIN NUMERO COMUNA COLINA";"156";"CONCESION GRATUITA A CORTO PLAZO";"1-disponible/recuperable";"1246";"52998"
"13- REGION METROPOLITANA";"INDEPENDENCIA";"1317-24";"SALOMON SACK 400 PISO 1 DEPARTAMENTO 14 COMUNA INDEPENDENCIA";"56";"ARRENDAMIENTO";"2-posible";"1241";"52786"
"13- REGION METROPOLITANA";"CERRO NAVIA";"2456-16";"ESTADOS UNIDOS 1104 COMUNA CERRO NAVIA";"155";"ARRENDAMIENTO";"2-posible";"1240";"52743"
"13- REGION METROPOLITANA";"MACUL";"9072-60";"BAQUEDANO 4193 K COMUNA MACUL";"69";"ARRENDAMIENTO";"2-posible";"1236";"52573"
"05- REGION DE VALPARAÍSO";"SAN ANTONIO";"1827-9";"LUIS HINOJOSA 1046 COMUNA SAN ANTONIO";"154";"CONCESION GRATUITA A CORTO PLAZO";"1-disponible/recuperable";"1229";"52275"
"13- REGION METROPOLITANA";"SANTIAGO";"22-536";"MONEDA 712 Y 722 DEPARTAMENTO 308 COMUNA SANTIAGO";"35";"ARRENDAMIENTO";"2-posible";"1225";"52105"
"13- REGION METROPOLITANA";"CERRO NAVIA";"2646-21";"LEONOR DE LA CORTE 6647 COMUNA CERRO NAVIA";"152";"ARRENDAMIENTO";"2-posible";"1216";"51722"
"13- REGION METROPOLITANA";"EL BOSQUE";"3066-15";"PEREZ ROMAN 9748 COMUNA EL BOSQUE";"134";"CONCESION GRATUITA A CORTO PLAZO";"1-disponible/recuperable";"1209";"51424"
"05- REGION DE VALPARAÍSO";"CARTAGENA";"1061-0004";"SCOLARI 8 COMUNA CARTAGENA";"240";"CONCESION GRATUITA A CORTO PLAZO";"1-disponible/recuperable";"1200";"51042"
"05- REGION DE VALPARAÍSO";"CARTAGENA";"2006-13";"JOSE ARELLANO RIVAS SIN NUMERO MANZANA 7 SITIO 13 COMUNA CARTAGENA";"237";"CONCESION GRATUITA A CORTO PLAZO";"1-disponible/recuperable";"1183";"50319"
"13- REGION METROPOLITANA";"ESTACION CENTRAL";"608-22";"MARINER 212 DEPARTAMENTO 301-A COMUNA ESTACION CENTRAL";"63";"CONCESION GRATUITA A CORTO PLAZO";"1-disponible/recuperable";"1134";"48234"
"13- REGION METROPOLITANA";"LA PINTANA";"7329-31";"DOMINGO SANTA CRUZ 0935 COMUNA LA PINTANA";"162";"CONCESION GRATUITA A CORTO PLAZO";"1-disponible/recuperable";"1134";"48234"
"13- REGION METROPOLITANA";"PENALOLEN";"5971-20";"AMERICO VESPUCIO SUR 1342 DEPARTAMENTO 103 COMUNA PENALOLEN";"69";"ARRENDAMIENTO";"2-posible";"1104";"46958"
"13- REGION METROPOLITANA";"QUINTA NORMAL";"819-17";"CONSTANTINO 589 COMUNA QUINTA NORMAL";"68";"ARRENDAMIENTO";"2-posible";"1088";"46278"
"13- REGION METROPOLITANA";"PUENTE ALTO";"1178-25";"CERRO EL PLOMO COMUNA PUENTE ALTO";"106";"CONCESION GRATUITA A CORTO PLAZO";"1-disponible/recuperable";"1059";"45044"
"13- REGION METROPOLITANA";"PUDAHUEL";"2065-33";"DIAGONAL SUR 8880 COMUNA PUDAHUEL";"131";"CONCESION GRATUITA A CORTO PLAZO";"1-disponible/recuperable";"1049";"44619"
"05- REGION DE VALPARAÍSO";"VALPARAISO";"73-1";"YUNGAY 1827 COMUNA VALPARAISO";"69";"..";"1-disponible/recuperable";"1031";"43853"
"13- REGION METROPOLITANA";"PEDRO AGUIRRE CERDA";"14055-7";"PASAJE JORGE TORO 3525 COMUNA PEDRO AGUIRRE CERDA";"128";"ARRENDAMIENTO";"2-posible";"1024";"43556"
"13- REGION METROPOLITANA";"LO ESPEJO";"4119-41";"26 SUR 03657 COMUNA LO ESPEJO";"127";"ARRENDAMIENTO";"2-posible";"1019";"43343"
"05- REGION DE VALPARAÍSO";"SAN ANTONIO";"59-2";"SEGUNDO PLAZA SIN NUMERO COMUNA SAN ANTONIO";"127";"CONCESION GRATUITA A CORTO PLAZO";"1-disponible/recuperable";"1012";"43045"
"05- REGION DE VALPARAÍSO";"VINA DEL MAR";"2442-69";"PADRE ALBERTO HURTADO DEPARTAMENTO 209 COMUNA VINA DEL MAR";"40";"ARRENDAMIENTO";"2-posible";"1012";"43045"
"13- REGION METROPOLITANA";"RENCA";"283-16";"SALVADOR SANFUENTES 1183 COMUNA RENCA";"100";"CONCESION GRATUITA A CORTO PLAZO";"1-disponible/recuperable";"1000";"42535"
"13- REGION METROPOLITANA";"PUDAHUEL";"2571-13";"MARIA ANGELICA 9458 MANZANA H LOTE 8 COMUNA PUDAHUEL";"123";"CONCESION GRATUITA A CORTO PLAZO";"1-disponible/recuperable";"987";"41982"
"13- REGION METROPOLITANA";"PENALOLEN";"9094-233";"AMERICO VESPUCIO SUR 5602 DEPARTAMENTO 23 BLOCK 34 COMUNA PENALOLEN";"62";"ARRENDAMIENTO";"2-posible";"986";"41939"
"05- REGION DE VALPARAÍSO";"SAN ANTONIO";"1225-1";"BLANCO ENCALADA NUMERO 711 COMUNA SAN ANTONIO";"122";"CONCESION GRATUITA A CORTO PLAZO";"1-disponible/recuperable";"974";"41429"
"13- REGION METROPOLITANA";"RECOLETA";"74-81";"BELLAVISTA 256 PISO 1 DEPARTAMENTO 3 COMUNA RECOLETA";"48";"CONCESION GRATUITA A CORTO PLAZO";"1-disponible/recuperable";"969";"41216"
"13- REGION METROPOLITANA";"SAN JOAQUIN";"3410-12";"PINTOR GOYA 3675 COMUNA SAN JOAQUIN";"54";"ARRENDAMIENTO";"2-posible";"923";"39260"
"13- REGION METROPOLITANA";"SAN BERNARDO";"3500-22";"YUNGAY 1090-B COMUNA SAN BERNARDO";"152";"CONCESION GRATUITA A CORTO PLAZO";"1-disponible/recuperable";"912";"38792"
"05- REGION DE VALPARAÍSO";"SAN ANTONIO";"3223-18";"LUIS ALBERTO ARAYA 2048 LOTE 28 COMUNA SAN ANTONIO";"104";"CONCESION GRATUITA A CORTO PLAZO";"1-disponible/recuperable";"831";"35346"
"05- REGION DE VALPARAÍSO";"VALPARAISO";"1091-5";"ALCALDE BARRIOS 155 COMUNA VALPARAISO";"55";"CONCESION GRATUITA A CORTO PLAZO";"1-disponible/recuperable";"823";"35006"
"05- REGION DE VALPARAÍSO";"EL TABO";"650-124";"FRANCISCO PALAU SITIO 3 COMUNA EL TABO";"164";"CONCESION GRATUITA A CORTO PLAZO";"1-disponible/recuperable";"820";"34878"
"08- REGION DEL BIOBIO";"PENCO";"316-25";"PASAJE PEATONAL 1 35 LIRQUEN COMUNA DE PENCO";"90";"ARRENDAMIENTO";"2-posible";"722";"30710"
"13- REGION METROPOLITANA";"PUDAHUEL";"3752-7";"EL SOL 754 COMUNA PUDAHUEL";"85";"CONCESION GRATUITA A CORTO PLAZO";"1-disponible/recuperable";"680";"28924"
"13- REGION METROPOLITANA";"SAN BERNARDO";"1140-6";"JUANITA AGUIRRE 9 Y JORGE VALDIVIESO COMUNA SAN BERNARDO";"112";"CONCESION GRATUITA A LARGO PLAZO";"2-posible";"671";"28541"
"13- REGION METROPOLITANA";"LA FLORIDA";"1553-124";"SANTA AMALIA 0161 DEPARTAMENTO 105 COMUNA LA FLORIDA";"46";"ARRENDAMIENTO";"2-posible";"645";"27435"
"05- REGION DE VALPARAÍSO";"VILLA ALEMANA";"SIN ROL";"BAQUEDANO SIN NUMERO INTERIOR PARTE LOTE A-22 COMUNA VILLA ALEMANA";"71";"CONCESION GRATUITA A CORTO PLAZO";"1-disponible/recuperable";"635";"27010"
"05- REGION DE VALPARAÍSO";"VALPARAISO";"91-71";"PLAZA DE LA JUSTICIA 45 PISO 7 DEPARTAMENTO 702 COMUNA VALPARAISO";"42";"CONCESION GRATUITA A CORTO PLAZO";"1-disponible/recuperable";"627";"26669"
"13- REGION METROPOLITANA";"RENCA";"61-26";"BATALLA DE SANGRA 1661 COMUNA RENCA";"61";"ARRENDAMIENTO";"2-posible";"612";"26031"
"05- REGION DE VALPARAÍSO";"VINA DEL MAR";"646-397";"ARLEGUI 160 ESTACIONAMIENTO 34 COMUNA VINA DEL MAR";"24";"CONCESION GRATUITA A CORTO PLAZO";"1-disponible/recuperable";"590";"25095"
"13- REGION METROPOLITANA";"SAN BERNARDO";"4564-20";"PLUTON 02191 COMUNA SAN BERNARDO";"97";"CONCESION GRATUITA A CORTO PLAZO";"1-disponible/recuperable";"580";"24670"
"05- REGION DE VALPARAÍSO";"VALPARAISO";"37-63";"ROSS 149 PISO 6 DEPARTAMENTO 607 COMUNA VALPARAISO";"39";"CONCESION GRATUITA A CORTO PLAZO";"1-disponible/recuperable";"578";"24585"
"05- REGION DE VALPARAÍSO";"VINA DEL MAR";"646-398";"ARLEGUI 160 ESTACIONAMIENTO 35 COMUNA VINA DEL MAR";"23";"CONCESION GRATUITA A CORTO PLAZO";"1-disponible/recuperable";"563";"23947"
"13- REGION METROPOLITANA";"LAS CONDES";"905-44";"CERRO LA PARVA 998 DEPARTAMENTO 93 COMUNA LAS CONDES";"69";"CONCESION GRATUITA A LARGO PLAZO";"2-posible";"554";"23564"
"13- REGION METROPOLITANA";"SAN BERNARDO";"3140-2";"OHIGGINS 948 DEPARTAMENTO 102 COMUNA SAN BERNARDO";"86";"CONCESION GRATUITA A LARGO PLAZO";"2-posible";"515";"21905"
"13- REGION METROPOLITANA";"LO PRADO";"1047-16";"PERU COMUNA LO PRADO";"51";"CONCESION GRATUITA A LARGO PLAZO";"2-posible";"513";"21820"
"13- REGION METROPOLITANA";"SAN BERNARDO";"3140-6";"OHIGGINS 948 DEPARTAMENTO 302 COMUNA SAN BERNARDO";"85";"CONCESION GRATUITA A CORTO PLAZO";"1-disponible/recuperable";"510";"21693"
"13- REGION METROPOLITANA";"SAN BERNARDO";"3140-1";"OHIGGINS 948 DEPARTAMENTO 101 COMUNA SAN BERNARDO";"79";"CONCESION GRATUITA A LARGO PLAZO";"2-posible";"474";"20161"
"13- REGION METROPOLITANA";"SAN BERNARDO";"3140-3";"OHIGGINS 948 DEPARTAMENTO 201 COMUNA SAN BERNARDO";"75";"CONCESION GRATUITA A LARGO PLAZO";"2-posible";"450";"19141"
"13- REGION METROPOLITANA";"PUDAHUEL";"3829-12";"EL COBRE 8686 DEPARTAMENTO 34 COMUNA PUDAHUEL";"51";"ARRENDAMIENTO";"2-posible";"410";"17439"
"05- REGION DE VALPARAÍSO";"SAN ANTONIO";"8327-15";"LOS CLAVELES 554 BLOCK 2 DEPARTAMENTO 43 COMUNA SAN ANTONIO";"48";"ARRENDAMIENTO";"2-posible";"386";"16418"
"13- REGION METROPOLITANA";"LA PINTANA";"7486-11";"GABRIELA 1174 DEPARTAMENTO 33 COMUNA LA PINTANA";"55";"ARRENDAMIENTO";"2-posible";"385";"16376"
"05- REGION DE VALPARAÍSO";"VINA DEL MAR";"646-396";"ARLEGUI 160 ESTACIONAMIENTO 33 COMUNA VINA DEL MAR";"15";"CONCESION GRATUITA A CORTO PLAZO";"1-disponible/recuperable";"378";"16078"
"05- REGION DE VALPARAÍSO";"VALPARAISO";"6001-23";"WASHINGTON 36 PISO 1 LOTE 7 COMUNA VALPARAISO";"24";"ARRENDAMIENTO";"2-posible";"361";"15355"
"13- REGION METROPOLITANA";"LAS CONDES";"795-124";"CERRO ALTAR 6597 DEPARTAMENTO 412 COMUNA LAS CONDES";"45";"ARRENDAMIENTO";"2-posible";"361";"15355"
"08- REGION DEL BIOBIO";"CONCEPCION";"177-187";"ANIBAL PINTO 450 LOTE 90 COMUNA CONCEPCION";"17";"ARRENDAMIENTO";"2-posible";"313";"13313"
"08- REGION DEL BIOBIO";"CONCEPCION";"177-286";"ANIBAL PINTO 450 LOTE 89 COMUNA CONCEPCION";"16";"ARRENDAMIENTO";"2-posible";"292";"12420"
"13- REGION METROPOLITANA";"LAS CONDES";"905-297";"CERRO LA PARVA 980 LOCAL 2 COMUNA LAS CONDES";"31";"CONCESION GRATUITA A LARGO PLAZO";"2-posible";"248";"10549"
"08- REGION DEL BIOBIO";"CONCEPCION";"177-255";"COLO COLO 451-B LOTE 103 COMUNA CONCEPCION";"12";"CONCESION GRATUITA A CORTO PLAZO";"1-disponible/recuperable";"215";"9145"
"08- REGION DEL BIOBIO";"CONCEPCION";"177-17";"ANIBAL PINTO 450 LOTE 93 COMUNA CONCEPCION";"9";"ARRENDAMIENTO";"2-posible";"171";"7273"
"08- REGION DEL BIOBIO";"CONCEPCION";"177-16";"ANIBAL PINTO 450 LOTE 92 COMUNA CONCEPCION";"9";"ARRENDAMIENTO";"2-posible";"167";"7103"
"08- REGION DEL BIOBIO";"CONCEPCION";"177-23";"ANIBAL PINTO 450 LOTE 101 COMUNA CONCEPCION";"9";"ARRENDAMIENTO";"2-posible";"166";"7061"
"08- REGION DEL BIOBIO";"CONCEPCION";"177-21";"ANIBAL PINTO 450 LOTE 99 COMUNA CONCEPCION";"9";"ARRENDAMIENTO";"2-posible";"161";"6848"
"08- REGION DEL BIOBIO";"CONCEPCION";"177-18";"ANIBAL PINTO 450 LOTE 94 COMUNA CONCEPCION";"9";"ARRENDAMIENTO";"2-posible";"155";"6593"
"05- REGION DE VALPARAÍSO";"SAN ANTONIO";"40-21";"JOSE MANUEL BALMACEDA FERNANDEZ SIN NUMERO LOCAL 6 COMUNA SAN ANTONIO";"18";"ARRENDAMIENTO";"2-posible";"145";"6168"
"08- REGION DEL BIOBIO";"CONCEPCION";"177-22";"ANIBAL PINTO 450 LOTE 100 COMUNA CONCEPCION";"8";"ARRENDAMIENTO";"2-posible";"144";"6125"
"08- REGION DEL BIOBIO";"CONCEPCION";"177-209";"ANIBAL PINTO 450 LOTE 87 COMUNA CONCEPCION";"5";"ARRENDAMIENTO";"2-posible";"97";"4126"
"08- REGION DEL BIOBIO";"CONCEPCION";"177-210";"ANIBAL PINTO 450 LOTE 88 COMUNA CONCEPCION";"5";"ARRENDAMIENTO";"2-posible";"97";"4126"
"08- REGION DEL BIOBIO";"CONCEPCION";"177-20";"ANIBAL PINTO 450 LOTE 97 COMUNA CONCEPCION";"5";"ARRENDAMIENTO";"2-posible";"95";"4041"
"08- REGION DEL BIOBIO";"CONCEPCION";"177-15";"ANIBAL PINTO 450 LOTE 91 COMUNA CONCEPCION";"5";"ARRENDAMIENTO";"2-posible";"86";"3658"
"08- REGION DEL BIOBIO";"CONCEPCION";"177-311";"ANIBAL PINTO 450 LOTE 96 COMUNA CONCEPCION";"4";"ARRENDAMIENTO";"2-posible";"78";"3318"
"08- REGION DEL BIOBIO";"CONCEPCION";"177-19";"ANIBAL PINTO 450 LOTE 95 COMUNA CONCEPCION";"4";"ARRENDAMIENTO";"2-posible";"78";"3318"
"08- REGION DEL BIOBIO";"CONCEPCION";"177-270";"ANIBAL PINTO 450 LOTE 15 COMUNA CONCEPCION";"4";"ARRENDAMIENTO";"2-posible";"75";"3190"
"08- REGION DEL BIOBIO";"CONCEPCION";"177-280";"ANIBAL PINTO 450 LOTE 40 COMUNA CONCEPCION";"4";"ARRENDAMIENTO";"2-posible";"65";"2765"
"08- REGION DEL BIOBIO";"CONCEPCION";"177-229";"ANIBAL PINTO 450 LOTE 48 COMUNA CONCEPCION";"4";"ARRENDAMIENTO";"2-posible";"65";"2765"
"08- REGION DEL BIOBIO";"CONCEPCION";"177-292";"ANIBAL PINTO 450 LOTE 66 COMUNA CONCEPCION";"4";"ARRENDAMIENTO";"2-posible";"65";"2765"
"08- REGION DEL BIOBIO";"CONCEPCION";"177-258";"ANIBAL PINTO 450 LOTE 3 COMUNA CONCEPCION";"4";"ARRENDAMIENTO";"2-posible";"65";"2765"
"08- REGION DEL BIOBIO";"CONCEPCION";"177-269";"ANIBAL PINTO 450 LOTE 14 COMUNA CONCEPCION";"4";"ARRENDAMIENTO";"2-posible";"65";"2765"
"08- REGION DEL BIOBIO";"CONCEPCION";"177-222";"ANIBAL PINTO 450 LOTE 26 COMUNA CONCEPCION";"4";"ARRENDAMIENTO";"2-posible";"65";"2765"
"08- REGION DEL BIOBIO";"CONCEPCION";"177-272";"ANIBAL PINTO 450 LOTE 32 COMUNA CONCEPCION";"4";"ARRENDAMIENTO";"2-posible";"65";"2765"
"08- REGION DEL BIOBIO";"CONCEPCION";"177-289";"ANIBAL PINTO 450 LOTE 63 COMUNA CONCEPCION";"4";"ARRENDAMIENTO";"2-posible";"65";"2765"
"08- REGION DEL BIOBIO";"CONCEPCION";"177-254";"ANIBAL PINTO 450 LOTE 86 COMUNA CONCEPCION";"4";"ARRENDAMIENTO";"2-posible";"65";"2765"
"08- REGION DEL BIOBIO";"CONCEPCION";"177-260";"ANIBAL PINTO 450 LOTE 5 COMUNA CONCEPCION";"4";"ARRENDAMIENTO";"2-posible";"65";"2765"
"08- REGION DEL BIOBIO";"CONCEPCION";"177-240";"ANIBAL PINTO 450 LOTE 59 COMUNA CONCEPCION";"4";"ARRENDAMIENTO";"2-posible";"65";"2765"
"08- REGION DEL BIOBIO";"CONCEPCION";"177-246";"ANIBAL PINTO 450 LOTE 78 COMUNA CONCEPCION";"4";"ARRENDAMIENTO";"2-posible";"65";"2765"
"08- REGION DEL BIOBIO";"CONCEPCION";"177-252";"ANIBAL PINTO 450 LOTE 84 COMUNA CONCEPCION";"4";"ARRENDAMIENTO";"2-posible";"65";"2765"
"08- REGION DEL BIOBIO";"CONCEPCION";"177-247";"ANIBAL PINTO 450 LOTE 79 COMUNA CONCEPCION";"4";"ARRENDAMIENTO";"2-posible";"65";"2765"
"08- REGION DEL BIOBIO";"CONCEPCION";"177-243";"ANIBAL PINTO 450 LOTE 75 COMUNA CONCEPCION";"4";"ARRENDAMIENTO";"2-posible";"65";"2765"
"08- REGION DEL BIOBIO";"CONCEPCION";"177-308";"ANIBAL PINTO 450 LOTE 25 COMUNA CONCEPCION";"4";"ARRENDAMIENTO";"2-posible";"65";"2765"
"08- REGION DEL BIOBIO";"CONCEPCION";"177-271";"ANIBAL PINTO 450 LOTE 31 COMUNA CONCEPCION";"4";"ARRENDAMIENTO";"2-posible";"65";"2765"
"08- REGION DEL BIOBIO";"CONCEPCION";"177-262";"ANIBAL PINTO 450 LOCAL 7 COMUNA CONCEPCION";"4";"ARRENDAMIENTO";"2-posible";"65";"2765"
"08- REGION DEL BIOBIO";"CONCEPCION";"177-276";"ANIBAL PINTO 450 LOTE 36 COMUNA CONCEPCION";"4";"ARRENDAMIENTO";"2-posible";"65";"2765"
"08- REGION DEL BIOBIO";"CONCEPCION";"177-295";"ANIBAL PINTO 450 LOTE 69 COMUNA CONCEPCION";"4";"ARRENDAMIENTO";"2-posible";"65";"2765"
"08- REGION DEL BIOBIO";"CONCEPCION";"177-293";"ANIBAL PINTO 450 LOTE 67 COMUNA CONCEPCION";"4";"ARRENDAMIENTO";"2-posible";"65";"2765"
"08- REGION DEL BIOBIO";"CONCEPCION";"177-282";"ANIBAL PINTO 450 LOTE 42 COMUNA CONCEPCION";"4";"ARRENDAMIENTO";"2-posible";"65";"2765"
"08- REGION DEL BIOBIO";"CONCEPCION";"177-300";"ANIBAL PINTO 450 LOTE 17 COMUNA CONCEPCION";"4";"ARRENDAMIENTO";"2-posible";"65";"2765"
"08- REGION DEL BIOBIO";"CONCEPCION";"177-310";"ANIBAL PINTO 450 LOTE 4 COMUNA CONCEPCION";"4";"ARRENDAMIENTO";"2-posible";"65";"2765"
"08- REGION DEL BIOBIO";"CONCEPCION";"177-275";"ANIBAL PINTO 450 LOTE 35 COMUNA CONCEPCION";"4";"ARRENDAMIENTO";"2-posible";"65";"2765"
"08- REGION DEL BIOBIO";"CONCEPCION";"177-265";"ANIBAL PINTO 450 LOTE 10 COMUNA CONCEPCION";"4";"ARRENDAMIENTO";"2-posible";"65";"2765"
"08- REGION DEL BIOBIO";"CONCEPCION";"177-268";"ANIBAL PINTO 450 LOTE 13 COMUNA CONCEPCION";"4";"ARRENDAMIENTO";"2-posible";"65";"2765"
"08- REGION DEL BIOBIO";"CONCEPCION";"177-306";"ANIBAL PINTO 450 LOTE 23 COMUNA CONCEPCION";"4";"ARRENDAMIENTO";"2-posible";"65";"2765"
"08- REGION DEL BIOBIO";"CONCEPCION";"177-301";"ANIBAL PINTO 450 LOTE 18 COMUNA CONCEPCION";"4";"ARRENDAMIENTO";"2-posible";"65";"2765"
"08- REGION DEL BIOBIO";"CONCEPCION";"177-294";"ANIBAL PINTO 450 LOTE 68 COMUNA CONCEPCION";"4";"ARRENDAMIENTO";"2-posible";"65";"2765"
"08- REGION DEL BIOBIO";"CONCEPCION";"177-263";"ANIBAL PINTO 450 LOTE 8 COMUNA CONCEPCION";"4";"ARRENDAMIENTO";"2-posible";"65";"2765"
"08- REGION DEL BIOBIO";"CONCEPCION";"177-264";"ANIBAL PINTO 450 LOTE 9 COMUNA CONCEPCION";"4";"ARRENDAMIENTO";"2-posible";"65";"2765"
"08- REGION DEL BIOBIO";"CONCEPCION";"177-242";"ANIBAL PINTO 450 LOTE 74 COMUNA CONCEPCION";"4";"ARRENDAMIENTO";"2-posible";"65";"2765"
"08- REGION DEL BIOBIO";"CONCEPCION";"177-274";"ANIBAL PINTO 450 LOTE 34 COMUNA CONCEPCION";"4";"ARRENDAMIENTO";"2-posible";"65";"2765"
"08- REGION DEL BIOBIO";"CONCEPCION";"177-303";"ANIBAL PINTO 450 LOTE 20 COMUNA CONCEPCION";"4";"ARRENDAMIENTO";"2-posible";"65";"2765"
"08- REGION DEL BIOBIO";"CONCEPCION";"177-266";"ANIBAL PINTO 450 LOTE 11 COMUNA CONCEPCION";"4";"ARRENDAMIENTO";"2-posible";"65";"2765"
"08- REGION DEL BIOBIO";"CONCEPCION";"177-223";"ANIBAL PINTO 450 LOTE 27 COMUNA CONCEPCION";"4";"ARRENDAMIENTO";"2-posible";"65";"2765"
"08- REGION DEL BIOBIO";"CONCEPCION";"177-279";"ANIBAL PINTO 450 LOTE 39 COMUNA CONCEPCION";"4";"ARRENDAMIENTO";"2-posible";"65";"2765"
"08- REGION DEL BIOBIO";"CONCEPCION";"177-310";"ANIBAL PINTO 450 LOTE 16 COMUNA CONCEPCION";"4";"ARRENDAMIENTO";"2-posible";"65";"2765"
"08- REGION DEL BIOBIO";"CONCEPCION";"177-278";"ANIBAL PINTO 450 LOTE 38 COMUNA CONCEPCION";"4";"ARRENDAMIENTO";"2-posible";"65";"2765"
"08- REGION DEL BIOBIO";"CONCEPCION";"177-256";"ANIBAL PINTO 450 LOTE 1 COMUNA CONCEPCION";"4";"ARRENDAMIENTO";"2-posible";"65";"2765"
"08- REGION DEL BIOBIO";"CONCEPCION";"177-257";"ANIBAL PINTO 450 LOTE 2 COMUNA CONCEPCION";"4";"ARRENDAMIENTO";"2-posible";"65";"2765"
"08- REGION DEL BIOBIO";"CONCEPCION";"177-225";"ANIBAL PINTO 450 LOTE 29 COMUNA CONCEPCION";"4";"ARRENDAMIENTO";"2-posible";"65";"2765"
"08- REGION DEL BIOBIO";"CONCEPCION";"177-281";"ANIBAL PINTO 450 LOTE 41 COMUNA CONCEPCION";"4";"ARRENDAMIENTO";"2-posible";"65";"2765"
"08- REGION DEL BIOBIO";"CONCEPCION";"177-241";"ANIBAL PINTO 450 LOTE 60 COMUNA CONCEPCION";"4";"ARRENDAMIENTO";"2-posible";"65";"2765"
"08- REGION DEL BIOBIO";"CONCEPCION";"177-228";"ANIBAL PINTO 450 LOTE 47 COMUNA CONCEPCION";"4";"ARRENDAMIENTO";"2-posible";"65";"2765"
"08- REGION DEL BIOBIO";"CONCEPCION";"177-291";"ANIBAL PINTO 450 LOTE 65 COMUNA CONCEPCION";"4";"ARRENDAMIENTO";"2-posible";"65";"2765"
"08- REGION DEL BIOBIO";"CONCEPCION";"177-249";"ANIBAL PINTO 450 LOTE 81 COMUNA CONCEPCION";"4";"ARRENDAMIENTO";"2-posible";"65";"2765"
"08- REGION DEL BIOBIO";"CONCEPCION";"177-251";"ANIBAL PINTO 450 LOTE 83 COMUNA CONCEPCION";"4";"ARRENDAMIENTO";"2-posible";"65";"2765"
"08- REGION DEL BIOBIO";"CONCEPCION";"177-236";"ANIBAL PINTO 450 LOTE 55 COMUNA CONCEPCION";"4";"ARRENDAMIENTO";"2-posible";"65";"2765"
"08- REGION DEL BIOBIO";"CONCEPCION";"177-237";"ANIBAL PINTO 450 LOTE 56 COMUNA CONCEPCION";"4";"ARRENDAMIENTO";"2-posible";"65";"2765"
"08- REGION DEL BIOBIO";"CONCEPCION";"177-287";"ANIBAL PINTO 450 LOTE 61 COMUNA CONCEPCION";"4";"ARRENDAMIENTO";"2-posible";"65";"2765"
"08- REGION DEL BIOBIO";"CONCEPCION";"177-267";"ANIBAL PINTO 450 LOTE 12 COMUNA CONCEPCION";"4";"ARRENDAMIENTO";"2-posible";"65";"2765"
"08- REGION DEL BIOBIO";"CONCEPCION";"177-305";"ANIBAL PINTO 450 LOTE 22 COMUNA CONCEPCION";"4";"ARRENDAMIENTO";"2-posible";"65";"2765"
"08- REGION DEL BIOBIO";"CONCEPCION";"177-230";"ANIBAL PINTO 450 LOTE 49 COMUNA CONCEPCION";"4";"ARRENDAMIENTO";"2-posible";"65";"2765"
"08- REGION DEL BIOBIO";"CONCEPCION";"177-227";"ANIBAL PINTO 450 LOTE 46 COMUNA CONCEPCION";"4";"ARRENDAMIENTO";"2-posible";"65";"2765"
"08- REGION DEL BIOBIO";"CONCEPCION";"177-238";"ANIBAL PINTO 450 LOTE 57 COMUNA CONCEPCION";"4";"ARRENDAMIENTO";"2-posible";"65";"2765"
"08- REGION DEL BIOBIO";"CONCEPCION";"177-239";"ANIBAL PINTO 450 LOTE 58 COMUNA CONCEPCION";"4";"ARRENDAMIENTO";"2-posible";"65";"2765"
"08- REGION DEL BIOBIO";"CONCEPCION";"177-298";"ANIBAL PINTO 450 LOTE 72 COMUNA CONCEPCION";"4";"ARRENDAMIENTO";"2-posible";"65";"2765"
"08- REGION DEL BIOBIO";"CONCEPCION";"177-224";"ANIBAL PINTO 450 LOTE 28 COMUNA CONCEPCION";"4";"ARRENDAMIENTO";"2-posible";"65";"2765"
"08- REGION DEL BIOBIO";"CONCEPCION";"177-307";"ANIBAL PINTO 450 LOTE 24 COMUNA CONCEPCION";"4";"ARRENDAMIENTO";"2-posible";"65";"2765"
"08- REGION DEL BIOBIO";"CONCEPCION";"177-283";"ANIBAL PINTO 450 LOTE 43 COMUNA CONCEPCION";"4";"ARRENDAMIENTO";"2-posible";"65";"2765"
"08- REGION DEL BIOBIO";"CONCEPCION";"177-226";"ANIBAL PINTO 450 LOTE 30 COMUNA CONCEPCION";"4";"ARRENDAMIENTO";"2-posible";"65";"2765"
"08- REGION DEL BIOBIO";"CONCEPCION";"177-233";"ANIBAL PINTO 450 LOTE 52 COMUNA CONCEPCION";"4";"ARRENDAMIENTO";"2-posible";"65";"2765"
"08- REGION DEL BIOBIO";"CONCEPCION";"177-288";"ANIBAL PINTO 450 LOTE 62 COMUNA CONCEPCION";"4";"ARRENDAMIENTO";"2-posible";"65";"2765"
"08- REGION DEL BIOBIO";"CONCEPCION";"177-290";"ANIBAL PINTO 450 LOTE 64 COMUNA CONCEPCION";"4";"ARRENDAMIENTO";"2-posible";"65";"2765"
"08- REGION DEL BIOBIO";"CONCEPCION";"177-299";"ANIBAL PINTO 450 LOTE 73 COMUNA CONCEPCION";"4";"ARRENDAMIENTO";"2-posible";"65";"2765"
"08- REGION DEL BIOBIO";"CONCEPCION";"177-248";"ANIBAL PINTO 450 LOTE 80 COMUNA CONCEPCION";"4";"ARRENDAMIENTO";"2-posible";"65";"2765"
"08- REGION DEL BIOBIO";"CONCEPCION";"177-250";"ANIBAL PINTO 450 LOTE 82 COMUNA CONCEPCION";"4";"ARRENDAMIENTO";"2-posible";"65";"2765"
"13- REGION METROPOLITANA";"LA FLORIDA";"NO TIENE";"SANTA JULIA PONIENTE COMUNA LA FLORIDA";"5";"CONCESION GRATUITA A CORTO PLAZO";"1-disponible/recuperable";"64";"2722"