REGION;COMUNA;ROL_SII;NOMBRE;SUP_M2;MODO;TIER;VALOR_UF;VALOR_USD
"Antofagasta";"ANTOFAGASTA";"20000-37";"LOTE 3C SECTOR CHAQUETA BLANCA COMUNA ANTOFAGASTA";"76800";"CONCESION GRATUITA";"2-posible";"1152000";"49000017"
"Antofagasta";"ANTOFAGASTA";"6770-2";"LOTE B BARRIO INDUSTRIAL LA NEGRA SIN NUMERO COMUNA ANTOFAGASTA";"75697";"CONCESION GRATUITA";"2-posible";"1135462";"48296577"
"Antofagasta";"ANTOFAGASTA";"1-14536";"LOTE G ALTOS LA PORTADA COMUNA ANTOFAGASTA";"74350";"CONCESION GRATUITA";"2-posible";"1115250";"47436865"
"Antofagasta";"ANTOFAGASTA";"16178-1";"AVENIDA CIRCUNVALACION NORTE B COMUNA ANTOFAGASTA";"73305";"CONCESION GRATUITA";"2-posible";"1099575";"46770133"
"Antofagasta";"ANTOFAGASTA";"6746-1";"HECTOR GOMEZ COBO SIN NUMERO LA NEGRA EXTENSION NORTE COMUNA ANTOFAGASTA";"61298";"ARRENDAMIENTO";"2-posible";"919466";"39109244"
"Antofagasta";"ANTOFAGASTA";"6744-6";"LOTE 6 SECTOR LA NEGRA EXTENSION NORTE COMUNA ANTOFAGASTA";"60001";"CONCESION A TITULO ONEROSO";"2-posible";"900018";"38282029"
"Antofagasta";"ANTOFAGASTA";"25049-1";"NUDO URIBE COMUNA ANTOFAGASTA";"56947";"ARRENDAMIENTO";"2-posible";"854200";"36333172"
"Antofagasta";"ANTOFAGASTA";"1037-3";"LOTE A SECTOR ALTO LA PORTADA COMUNA ANTOFAGASTA";"55100";"CONCESION GRATUITA";"2-posible";"826500";"35154960"
"Antofagasta";"ANTOFAGASTA";"6800-33";"SECTOR MINERA ZALDIVAR COMUNA ANTOFAGASTA";"49500";"ARRENDAMIENTO";"2-posible";"742500";"31582042"
"Antofagasta";"ANTOFAGASTA";"1-14532";"LOTE C ALTOS LA PORTADA COMUNA ANTOFAGASTA";"38728";"CONCESION GRATUITA";"2-posible";"580920";"24709279"
"Antofagasta";"CALAMA";"3801-3";"ACCESO SUR DE CALAMA LOTE A COMUNA CALAMA";"68000";"CONCESION A TITULO ONEROSO";"2-posible";"544000";"23138897"
"Antofagasta";"CALAMA";"3801-2";"ACCESO SUR DE CALAMA LOTE A COMUNA CALAMA";"68000";"CONCESION A TITULO ONEROSO";"2-posible";"544000";"23138897"
"Antofagasta";"CALAMA";"3801-32";"ACCESO SUR DE CALAMA COMUNA CALAMA";"63800";"CONCESION A TITULO ONEROSO";"2-posible";"510400";"21709730"
"Antofagasta";"ANTOFAGASTA";"25051-4";"NUDO URIBE SIN NUMERO COMUNA ANTOFAGASTA";"32006";"CONCESION A TITULO ONEROSO";"2-posible";"480084";"20420247"
"Antofagasta";"CALAMA";"3801-18";"ACCESO SUR DE CALAMA LOTE B COMUNA CALAMA";"54400";"CONCESION A TITULO ONEROSO";"2-posible";"435200";"18511117"
"Antofagasta";"CALAMA";"3801-19";"ACCESO SUR DE CALAMA LOTE C COMUNA CALAMA";"54400";"CONCESION A TITULO ONEROSO";"2-posible";"435200";"18511117"
"Antofagasta";"ANTOFAGASTA";"45000-64";"A 48 KMS APROX AL ESTE DEL BARRIO INDUSTRIAL LA NEGRA COMUNA ANTOFAGASTA";"28000";"CONCESION A TITULO ONEROSO";"2-posible";"420000";"17864589"
"Antofagasta";"ANTOFAGASTA";"16351-1 Y 16531-2";"INTERSECCION CALLE BENITO OCAMPO OFICINA ANITA LOTE 1 Y LOTE 2 SECTOR LA CHIMBA BAJO COMUNA A";"27844";"CONCESION GRATUITA";"2-posible";"417654";"17764803"
"Antofagasta";"CALAMA";"2009-124";"SECTOR CHUNCHURI SITIO 32 COMUNA CALAMA";"50100";"CONCESION GRATUITA";"2-posible";"400800";"17047923"
"Antofagasta";"MEJILLONES";"521-7";"AL ESTE DE LA CIUDAD DE MEJILLONES COMUNA MEJILLONES";"80098";"CONCESION GRATUITA";"2-posible";"400488";"17034652"
"Antofagasta";"CALAMA";"3801-16";"ACCESO SUR DE CALAMA LOTE B COMUNA CALAMA";"49000";"CONCESION A TITULO ONEROSO";"2-posible";"392000";"16673617"
"Antofagasta";"CALAMA";"3801-17";"ACCESO SUR DE CALAMA LOTE C COMUNA CALAMA";"49000";"CONCESION A TITULO ONEROSO";"2-posible";"392000";"16673617"
"Antofagasta";"CALAMA";"18000-7";"A 41,33 KMS AL SURESTE DE LA CIUDAD DE CALAMA COMUNA CALAMA";"48400";"ARRENDAMIENTO";"2-posible";"387200";"16469450"
"Antofagasta";"CALAMA";"6069-1";"SECTOR SUR DE CALAMA COMUNA CALAMA";"47981";"CONCESION A TITULO ONEROSO";"2-posible";"383848";"16326874"
"Antofagasta";"ANTOFAGASTA";"1499-32";"IQUIQUE 4771 AL 4799 COMUNA ANTOFAGASTA";"24736";"CONCESION GRATUITA";"2-posible";"371042";"15782174"
"Tarapacá";"IQUIQUE";"2427-1";"MANZANA L, COMUNA IQUIQUE";"30700";"EN USO RECUPERABLE (texto)";"2-posible";"368400";"15669797"
"Antofagasta";"MEJILLONES";"501-13";"LOTE B SECTOR INDUSTRIAL DE MEJILLONES COMUNA MEJILLONES";"66500";"ARRENDAMIENTO";"2-posible";"332500";"14142800"
"Antofagasta";"ANTOFAGASTA";"16208-10";"EDMUNDO PEREZ ZUJOVIC SIN NUMERO COMUNA ANTOFAGASTA";"22041";"CONCESION GRATUITA";"2-posible";"330619";"14062792"
"Antofagasta";"CALAMA";"16000-15";"CERRITO BAYOS COMUNA CALAMA";"40000";"CONCESION A TITULO ONEROSO";"2-posible";"320000";"13611116"
"Antofagasta";"CALAMA";"716-3";"CALLE DIEGO DE ALMAGRO ESQUINA CALLE COLONIA COMUNA CALAMA";"39900";"CONCESION GRATUITA";"2-posible";"319200";"13577088"
"Antofagasta";"ANTOFAGASTA";"1-14535";"LOTE F ALTOS LA PORTADA COMUNA ANTOFAGASTA";"21218";"CONCESION GRATUITA";"2-posible";"318270";"13537531"
"Antofagasta";"ANTOFAGASTA";"25051-7";"SECTOR NUDO URIBE SIN NUMERO COMUNA ANTOFAGASTA";"21103";"ARRENDAMIENTO";"2-posible";"316542";"13464031"
"Antofagasta";"ANTOFAGASTA";"20000-49";"SECTOR SALAR DEL CARMEN LOTE 2 COMUNA ANTOFAGASTA";"20963";"CONCESION A TITULO ONEROSO";"2-posible";"314451";"13375091"
"Antofagasta";"ANTOFAGASTA";"7534-2";"CALLE GUANAQUEROS LOTE B SECTOR LOS ARENALES COMUNA ANTOFAGASTA";"20078";"CONCESION GRATUITA";"2-posible";"301170";"12810187"
"Antofagasta";"ANTOFAGASTA";"16819-1";"SECTOR LA CHIMBA BAJO COMUNA ANTOFAGASTA";"19787";"ARRENDAMIENTO";"2-posible";"296808";"12624650"
"Antofagasta";"ANTOFAGASTA";"16208-6";"SECTOR NORTE DE ANTOFAGASTA COMUNA ANTOFAGASTA";"17600";"CONCESION GRATUITA";"2-posible";"264000";"11229171"
"Antofagasta";"CALAMA";"3487-2";"COSTADO NORTE DE LA CIUDAD DE CALAMA COMUNA CALAMA";"32300";"ARRENDAMIENTO";"2-posible";"258400";"10990976"
"Antofagasta";"TALTAL";"510-4";"CALLE ARTURO PRAT LOTE 1 COMUNA TALTAL";"85360";"CONCESION GRATUITA";"2-posible";"256080";"10892295"
"Antofagasta";"CALAMA";"16000-20";"SECTOR LIMON VERDE COMUNA CALAMA";"31100";"ARRENDAMIENTO";"2-posible";"248800";"10582643"
"Antofagasta";"ANTOFAGASTA";"18070-18";"MANZANA D SITIO 3 SECTOR III AGRICOLA E INDUSTRIAL LA CHIMBA COMUNA ANTOFAGASTA";"16504";"CONCESION GRATUITA";"2-posible";"247558";"10529814"
"Antofagasta";"ANTOFAGASTA";"6736-3";"LOTE 2 SECTOR LA NEGRA COMUNA ANTOFAGASTA";"16190";"ARRENDAMIENTO";"2-posible";"242846";"10329391"
"Antofagasta";"ANTOFAGASTA";"6736-2";"LOTE 1 SECTOR LA NEGRA COMUNA ANTOFAGASTA";"16190";"CONCESION A TITULO ONEROSO";"2-posible";"242846";"10329391"
"Antofagasta";"ANTOFAGASTA";"5642-1";"GRAN AVENIDA RADOMIRO TOMIC SIN NUMERO COMUNA ANTOFAGASTA";"16136";"CONCESION GRATUITA";"2-posible";"242042";"10295193"
"Antofagasta";"CALAMA";"6070-38";"MANZANA 6 B LOTE 2 SECTOR TOPATER COMUNA CALAMA";"29378";"CONCESION GRATUITA";"2-posible";"235021";"9996556"
"Antofagasta";"TOCOPILLA";"804-1";"AL NOROESTE DEL LOTEO TRES MARIAS COMUNA TOCOPILLA";"58394";"CONCESION GRATUITA";"2-posible";"233575";"9935051"
"Antofagasta";"CALAMA";"3301-470";"PUKARA DE LASANA COMUNA CALAMA";"26700";"CONCESION GRATUITA";"2-posible";"213600";"9085420"
"Antofagasta";"ANTOFAGASTA";"16370-1";"CIUDAD DE ANTOFAGASTA COMUNA ANTOFAGASTA";"13400";"CONCESION A TITULO ONEROSO";"2-posible";"201000";"8549482"
"Antofagasta";"MEJILLONES";"505-4";"CEMENTERIO LOTE A COMUNA MEJILLONES";"40100";"CONCESION GRATUITA";"2-posible";"200499";"8528172"
"Antofagasta";"MEJILLONES";"505-5";"LOTE B CEMENTERIO DE MEJILLONES COMUNA MEJILLONES";"40082";"CONCESION GRATUITA";"2-posible";"200410";"8524387"
"Antofagasta";"SAN PEDRO DE ATACAMA";"3524-1";"LOCALIDAD DE SAN PEDRO DE ATACAMA COMUNA SAN PEDRO DE ATACAMA";"50000";"CONCESION GRATUITA";"2-posible";"200001";"8506990"
"Antofagasta";"CALAMA";"2004-4";"BALMACEDA 370 CALLEJON VECINAL COMUNA CALAMA";"24800";"CONCESION GRATUITA";"2-posible";"198400";"8438892"
"Antofagasta";"CALAMA";"6070-10";"MANZANA 4 C LOTE 2 SECTOR TOPATER COMUNA CALAMA";"24399";"CONCESION GRATUITA";"2-posible";"195192";"8302440"
"Antofagasta";"CALAMA";"2004-372";"SECTOR TOPATER SUR LA CUADRILLA COMUNA CALAMA";"23400";"CONCESION GRATUITA";"2-posible";"187200";"7962503"
"Antofagasta";"ANTOFAGASTA";"6749-1";"SECTOR LA NEGRA COMUNA ANTOFAGASTA";"12369";"CONCESION GRATUITA";"2-posible";"185539";"7891853"
"Antofagasta";"ANTOFAGASTA";"25051-1";"COMPLEJO PENITENCIARIO COMUNA ANTOFAGASTA";"12103";"ARRENDAMIENTO";"2-posible";"181549";"7722139"
"Antofagasta";"MEJILLONES";"202-1";"ACCESO SUR A LA CIUDAD DE MEJILLONES COMUNA MEJILLONES";"34418";"CONCESION GRATUITA";"2-posible";"172091";"7319845"
"Antofagasta";"SAN PEDRO DE ATACAMA";"3505-68";"SAN PEDRO DE ATACAMA AYLLO DE CATARPE COMUNA SAN PEDRO DE ATACAMA";"42500";"CONCESION GRATUITA";"2-posible";"170000";"7230905"
"Antofagasta";"ANTOFAGASTA";"16660-2";"SECTOR DESALADORA DE LA CIUDAD DE ANTOFAGASTA COMUNA ANTOFAGASTA";"11189";"CONCESION GRATUITA";"2-posible";"167840";"7139030"
"Tarapacá";"IQUIQUE";"SIN ROL";"MANZANA E LOTE 2 COMUNA IQUIQUE";"13600";"EN USO RECUPERABLE (texto)";"2-posible";"163200";"6941669"
"Tarapacá";"ALTO HOSPICIO";"SIN ROL";"ALTO MOLLE COMUNA ALTO HOSPICIO";"32500";"EN USO RECUPERABLE (texto)";"2-posible";"162500";"6911895"
"Antofagasta";"ANTOFAGASTA";"17015-15";"LOTE D ALTO LA PORTADA COMUNA ANTOFAGASTA";"10785";"ARRENDAMIENTO";"2-posible";"161770";"6880844"
"Antofagasta";"ANTOFAGASTA";"15010-3";"MANZANA M SITIO 3 EL HUASCAR COMUNA ANTOFAGASTA";"10762";"CONCESION GRATUITA";"2-posible";"161432";"6866468"
"Antofagasta";"SAN PEDRO DE ATACAMA";"3510-125";"PUKARA DE QUITOR COMUNA SAN PEDRO DE ATACAMA";"38000";"CONCESION GRATUITA";"2-posible";"152000";"6465280"
"Antofagasta";"CALAMA";"6070-33";"MANZANA 6 A LOTE 1 SECTOR TOPATER COMUNA CALAMA";"18983";"CONCESION GRATUITA";"2-posible";"151868";"6459665"
"Antofagasta";"ANTOFAGASTA";"8049-1";"AVENIDA PEREZ CANTO Y EDUARDO FOSTER POBLACION CARDENAL ZAMORE COMUNA ANTOFAGASTA";"10097";"CONCESION GRATUITA";"2-posible";"151455";"6442099"
"Antofagasta";"ANTOFAGASTA";"1709-1";"POBLACION CIRUJANO VIDELA AVENIDA SALVADOR ALLENDE CON CALLE LENKA FRANULIC COMUNA ANTOFAGAST";"9973";"CONCESION GRATUITA";"2-posible";"149599";"6363154"
"Antofagasta";"SAN PEDRO DE ATACAMA";"3510-170";"AYLLO DE QUITOR COMUNA SAN PEDRO DE ATACAMA";"36400";"CONCESION GRATUITA";"2-posible";"145600";"6193058"
"Antofagasta";"TALTAL";"316-1";"CEMENTERIO GENERAL DE TALTAL COMUNA TALTAL";"44219";"CONCESION GRATUITA";"2-posible";"132657";"5642531"
"Antofagasta";"ANTOFAGASTA";"16075-1";"CIUDAD DE ANTOFAGASTA SIN NUMERO COMUNA ANTOFAGASTA";"8700";"CONCESION GRATUITA";"2-posible";"130500";"5550783"
"Tarapacá";"ALTO HOSPICIO";"5362-6 PREASIGNADO";"LOTE 8 MANZANA A COMUNA ALTO HOSPICIO";"25881";"EN USO RECUPERABLE (texto)";"2-posible";"129406";"5504250"
"Tarapacá";"POZO ALMONTE";"PREASIGNADO";"LOTE C COMUNA POZO ALMONTE";"41300";"EN USO RECUPERABLE (texto)";"2-posible";"123900";"5270054"
"Antofagasta";"ANTOFAGASTA";"17015-13";"LOTE B ALTO LA PORTADA COMUNA ANTOFAGASTA";"8252";"ARRENDAMIENTO";"2-posible";"123784";"5265120"
"Antofagasta";"ANTOFAGASTA";"17011-1";"SECTOR NORTE DE LA CIUDAD DE ANTOFAGASTA COMUNA ANTOFAGASTA";"7893";"CONCESION A TITULO ONEROSO";"2-posible";"118400";"5036113"
"Antofagasta";"ANTOFAGASTA";"16161-7";"SITIO 7 MANZANA 60 LA CHIMBA COMUNA ANTOFAGASTA";"7787";"ARRENDAMIENTO";"2-posible";"116801";"4968100"
"Antofagasta";"SIERRA GORDA";"10000-25";"OASIS RELLENO SANITARIO COMUNA SIERRA GORDA";"56000";"CONCESION GRATUITA";"2-posible";"112000";"4763891"
"Antofagasta";"ANTOFAGASTA";"16171-3";"LA CHIMBA ALTO MANZANA 63 SITIO 3 COMUNA ANTOFAGASTA";"7428";"ARRENDAMIENTO";"2-posible";"111417";"4739093"
"Antofagasta";"ANTOFAGASTA";"25001-40";"SITIO 57 SECTOR QUINTAS COMUNA ANTOFAGASTA";"7409";"ARRENDAMIENTO";"2-posible";"111129";"4726843"
"Antofagasta";"CALAMA";"6147-6";"PARCELA EL ESFUERZO SECTOR EL PEUCO COMUNA CALAMA";"13364";"CONCESION GRATUITA";"2-posible";"106914";"4547559"
"Antofagasta";"TOCOPILLA";"8800-4";"AL NOROESTE DEL LOTEO TRES MARIAS COMUNA TOCOPILLA";"26500";"CONCESION GRATUITA";"2-posible";"106000";"4508682"
"Antofagasta";"CALAMA";"5309-12";"LOTE 12 MANZANA I PUERTO SECO COMUNA CALAMA";"12841";"CONCESION A TITULO ONEROSO";"2-posible";"102730";"4369594"
"Antofagasta";"CALAMA";"6070-34";"MANZANA 6 A LOTE 2 SECTOR TOPATER COMUNA CALAMA";"12505";"CONCESION GRATUITA";"2-posible";"100038";"4255090"
"Tarapacá";"HUARA";"PREASIGNADO 1057-122";"CALLE VECINAL SIN NUMERO COMUNA HUARA";"50000";"EN USO RECUPERABLE (texto)";"2-posible";"100000";"4253474"
"Antofagasta";"CALAMA";"3301-710";"LOTE 7 PUEBLO DE LASANA COMUNA CALAMA";"12500";"CONCESION GRATUITA";"2-posible";"100000";"4253474"
"Tarapacá";"IQUIQUE";"PREASIGNADO";"CALLE PROYECTADA SIN NUMERO COMUNA IQUIQUE";"8300";"EN USO RECUPERABLE (texto)";"2-posible";"99600";"4236460"
"Antofagasta";"CALAMA";"5304-1";"LOTE 1-A MANZANA D AMPLIACION PUERTO SECO COMUNA CALAMA";"12446";"ARRENDAMIENTO";"2-posible";"99565";"4234971"
"Antofagasta";"MARIA ELENA";"6800-26";"OFICINA TOCO COMUNA MARIA ELENA";"49300";"CONCESION GRATUITA";"2-posible";"98600";"4193925"
"Antofagasta";"CALAMA";"1240-43";"SITIO 10 AVENIDA TENIENTE MERINO 3551 COMUNA DE CALAMA";"12312";"CONCESION GRATUITA";"2-posible";"98499";"4189629"
"Antofagasta";"CALAMA";"5005-3";"SITIO 3 MANZANA 2 PUERTO SECO COMUNA CALAMA";"12300";"ARRENDAMIENTO";"2-posible";"98400";"4185418"
"Antofagasta";"CALAMA";"1407-1";"RIQUELME 4050 VILLA AYQUINA COMUNA CALAMA";"12067";"CONCESION GRATUITA";"2-posible";"96532";"4105963"
"Antofagasta";"SIERRA GORDA";"6101-28";"AL NORESTE DE LA LOCALIDAD DE SIERRA GORDA COMUNA SIERRA GORDA";"48200";"ARRENDAMIENTO";"2-posible";"96400";"4100349"
"Antofagasta";"CALAMA";"6070-37";"MANZANA 6 B LOTE 1 SECTOR TOPATER COMUNA CALAMA";"11910";"CONCESION GRATUITA";"2-posible";"95282";"4052795"
"Antofagasta";"CALAMA";"5306-1";"SITIO 1-A MANZANA F AMPLIACION PUERTO SECO COMUNA CALAMA";"11873";"ARRENDAMIENTO";"2-posible";"94988";"4040290"
"Antofagasta";"ANTOFAGASTA";"16070-1";"CALLE 2 SUR LA CHIMBA MANZANA 18 SITIO 1 VILLA AGRICOLA COMUNA ANTOFAGASTA";"6241";"ARRENDAMIENTO";"2-posible";"93611";"3981719"
"Antofagasta";"ANTOFAGASTA";"7850-1";"MANZANA 14 SECTOR LOS ARENALES COMUNA ANTOFAGASTA";"6113";"CONCESION GRATUITA";"2-posible";"91697";"3900308"
"Antofagasta";"ANTOFAGASTA";"20006-2";"SECTOR PORTEZUELO COMUNA ANTOFAGASTA";"6100";"ARRENDAMIENTO";"2-posible";"91500";"3891928"
"Antofagasta";"CALAMA";"8004-38";"ACCESO SUR DE CALAMA COMUNA CALAMA";"11342";"ARRENDAMIENTO";"2-posible";"90740";"3859602"
"Antofagasta";"ANTOFAGASTA";"16171-4";"LOTEO LAS PALMAS MANZANA 63 SITIO 4 LA CHIMBA COMUNA ANTOFAGASTA";"6012";"ARRENDAMIENTO";"2-posible";"90178";"3835697"
"Antofagasta";"ANTOFAGASTA";"16150-11";"SITIO 11 MANZANA 27 LA CHIMBA COMUNA ANTOFAGASTA";"6000";"ARRENDAMIENTO";"2-posible";"90000";"3828126"
"Antofagasta";"ANTOFAGASTA";"16151-11";"CALLE AGUAS CALIENTES SIN NUMERO MANZANA 28 SITIO 11 LA CHIMBA COMUNA ANTOFAGASTA";"6000";"ARRENDAMIENTO";"2-posible";"90000";"3828126"
"Antofagasta";"MARIA ELENA";"6700-54";"SECTOR CRUCERO LOTE C COMUNA MARIA ELENA";"45000";"CONCESION A TITULO ONEROSO";"2-posible";"90000";"3828126"
"Antofagasta";"ANTOFAGASTA";"16052-4";"LA CHIMBA SECTOR III MANZANA A SITIO 4 COMUNA ANTOFAGASTA";"6000";"CONCESION GRATUITA";"2-posible";"90000";"3828126"
"Antofagasta";"SAN PEDRO DE ATACAMA";"NO ENROLADO";"SECTOR LLANO DE LA PACIENCIA COMUNA SAN PEDRO DE ATACAMA";"22500";"ARRENDAMIENTO";"2-posible";"90000";"3828126"
"Antofagasta";"CALAMA";"8004-28";"ACCESO SUR DEL SECTOR BARRIO INDUSTRIAL COMUNA CALAMA";"10872";"ARRENDAMIENTO";"2-posible";"86978";"3699586"
"Antofagasta";"ANTOFAGASTA";"16153-12";"LOTE F-4B SECTOR LA CHIMBA COMUNA ANTOFAGASTA";"5744";"CONCESION GRATUITA";"2-posible";"86163";"3664921"
"Antofagasta";"ANTOFAGASTA";"25001-37";"LOS COPIHUES SIN NUMERO SITIO 58 COMUNA ANTOFAGASTA";"5699";"ARRENDAMIENTO";"2-posible";"85485";"3636082"
"Antofagasta";"CALAMA";"1436-2";"LA PAMPA 733 LOTE B VILLA KAMAC MAYU SECTOR AVENIDA GRAU KAMAC MAYU COMUNA CALAMA";"10619";"CONCESION GRATUITA";"2-posible";"84956";"3613581"
"Antofagasta";"CALAMA";"5328-5";"MANZANA 12 SITIO 5 EXTENSION PUERTO SECO COMUNA CALAMA";"10600";"ARRENDAMIENTO";"2-posible";"84800";"3606946"
"Antofagasta";"CALAMA";"4500-1";"AVENIDA CIRCUNVALACION SUR 069 COMUNA CALAMA";"10581";"ARRENDAMIENTO";"2-posible";"84644";"3600310"
"Antofagasta";"CALAMA";"2004-371";"SECTOR LA BANDA COMUNA CALAMA";"10564";"CONCESION GRATUITA";"2-posible";"84511";"3594653"
"Antofagasta";"ANTOFAGASTA";"16131-2";"LA CHIMBA MANZANA 11 SITIO 2 VILLA AGRICOLA COMUNA ANTOFAGASTA";"5623";"ARRENDAMIENTO";"2-posible";"84338";"3587295"
"Antofagasta";"CALAMA";"5311-12";"SITIO 12 MANZANA K PUERTO SECO COMUNA CALAMA";"10453";"ARRENDAMIENTO";"2-posible";"83626";"3557010"
"Antofagasta";"CALAMA";"5311-6";"SITIO 6 MANZANA K AMPLIACION PUERTO SECO COMUNA CALAMA";"10416";"ARRENDAMIENTO";"2-posible";"83325";"3544207"
"Antofagasta";"ANTOFAGASTA";"16090-4";"SITIO 4 MANZANA 25 SECTOR AGRICOLA LA CHIMBA COMUNA ANTOFAGASTA";"5389";"ARRENDAMIENTO";"2-posible";"80829";"3438040"
"Antofagasta";"SIERRA GORDA";"6052-1";"LOCALIDAD DE SIERRA GORDA COMUNA SIERRA GORDA";"40007";"ARRENDAMIENTO";"2-posible";"80015";"3403417"
"Antofagasta";"ANTOFAGASTA";"25001-45";"SITIO 49 SECTOR QUINTAS COMUNA ANTOFAGASTA";"5298";"CONCESION GRATUITA";"2-posible";"79466";"3380065"
"Antofagasta";"ANTOFAGASTA";"5003-1";"MANZANA 3 SITIO 3 BARRIO INDUSTRIAL SECTOR 4 COMUNA ANTOFAGASTA";"5292";"ARRENDAMIENTO";"2-posible";"79380";"3376407"
"Tarapacá";"PICA";"PREASIGNADO";"SECTOR ALTO COMINA COMUNA DE PICA";"26400";"EN USO RECUPERABLE (texto)";"2-posible";"79200";"3368751"
"Antofagasta";"SIERRA GORDA";"6024-1";"LOCALIDAD DE SIERRA GORDA COMUNA SIERRA GORDA";"39246";"CONCESION GRATUITA";"2-posible";"78492";"3338637"
"Antofagasta";"ANTOFAGASTA";"16070-11";"MANZANA D SITIO 3-A SECTOR III AGRICOLA E INDUSTRIAL LA CHIMBA COMUNA ANTOFAGASTA";"5048";"ARRENDAMIENTO";"2-posible";"75717";"3220603"
"Antofagasta";"ANTOFAGASTA";"25001-24";"SITIO 34 SECTOR QUINTAS COMUNA ANTOFAGASTA";"5000";"ARRENDAMIENTO";"2-posible";"75000";"3190105"
"Antofagasta";"ANTOFAGASTA";"25000-25";"SITIO 39 SECTOR QUINTAS COMUNA ANTOFAGASTA";"5000";"ARRENDAMIENTO";"2-posible";"75000";"3190105"
"Antofagasta";"ANTOFAGASTA";"16176-1";"LA CHIMBA CIUDAD DE ANTOFAGASTA COMUNA ANTOFAGASTA";"4965";"ARRENDAMIENTO";"2-posible";"74468";"3167477"
"Antofagasta";"CALAMA";"8004-31";"SITIO 9 AVENIDA CIRCUNVALACION ACCESO SUR CALAMA COMUNA CALAMA";"9123";"ARRENDAMIENTO";"2-posible";"72984";"3104355"
"Antofagasta";"MEJILLONES";"301-504";"LOTE 5 MANZANA 3 SECTOR SUR DE MEJILLONES COMUNA MEJILLONES";"14513";"CONCESION GRATUITA";"2-posible";"72567";"3086618"
"Antofagasta";"CALAMA";"5329-2";"MANZANA 13 SITIO 2 EXTENSION PUERTO SECO COMUNA CALAMA";"9000";"ARRENDAMIENTO";"2-posible";"72000";"3062501"
"Antofagasta";"CALAMA";"5306-3";"SITIO 3 MANZANA F AMPLIACION PUERTO SECO COMUNA CALAMA";"8909";"ARRENDAMIENTO";"2-posible";"71269";"3031408"
"Antofagasta";"SAN PEDRO DE ATACAMA";"10001-2";"LOTE A SECTOR PAMPA LA BOLA COMUNA SAN PEDRO DE ATACAMA";"17500";"CONCESION A TITULO ONEROSO";"2-posible";"70000";"2977432"
"Antofagasta";"ANTOFAGASTA";"16071-5";"SITIO 5 MANZANA 10 LA CHIMBA COMUNA ANTOFAGASTA";"4626";"ARRENDAMIENTO";"2-posible";"69386";"2951315"
"Antofagasta";"ANTOFAGASTA";"25001-36";"SITIO 56 SECTOR QUINTAS COMUNA ANTOFAGASTA";"4589";"ARRENDAMIENTO";"2-posible";"68842";"2928176"
"Antofagasta";"ANTOFAGASTA";"7534-1";"CALLE GUANAQUEROS LOTE A SECTOR LOS ARENALES COMUNA ANTOFAGASTA";"4539";"CONCESION GRATUITA";"2-posible";"68088";"2896105"
"Antofagasta";"MEJILLONES";"301-507";"LOTE 5 MANZANA 4 SECTOR SUR DE MEJILLONES COMUNA MEJILLONES";"13522";"CONCESION GRATUITA";"2-posible";"67611";"2875816"
"Antofagasta";"ANTOFAGASTA";"25001-49";"SITIO 48 SECTOR QUINTAS COMUNA ANTOFAGASTA";"4500";"ARRENDAMIENTO";"2-posible";"67500";"2871095"
"Antofagasta";"ANTOFAGASTA";"16042-5";"SITIO 5 MANZANA F SECTOR II SECTOR NORTE COMUNA ANTOFAGASTA";"4397";"CONCESION GRATUITA";"2-posible";"65952";"2805251"
"Antofagasta";"CALAMA";"5305-1";"MANZANA E-1 SITIO 8 AMPLIACION PUERTO SECO COMUNA CALAMA";"8200";"ARRENDAMIENTO";"2-posible";"65600";"2790279"
"Antofagasta";"CALAMA";"5327-3";"MANZANA 12 SITIO 8 EXTENSION PUERTO SECO COMUNA CALAMA";"8100";"ARRENDAMIENTO";"2-posible";"64800";"2756251"
"Tarapacá";"POZO ALMONTE";"4122-1";"CALLE TRES SIN NUMERO COMUNA POZO ALMONTE";"21200";"EN USO RECUPERABLE (texto)";"2-posible";"63600";"2705209"
"Antofagasta";"CALAMA";"5325-2";"MANZANA 5 SITIO 2 EXTENSION PUERTO SECO COMUNA CALAMA";"7900";"ARRENDAMIENTO";"2-posible";"63200";"2688195"
"Antofagasta";"ANTOFAGASTA";"16176-3";"SECTOR CHIMBA ALTO SIN NUMERO COMUNA ANTOFAGASTA";"4205";"ARRENDAMIENTO";"2-posible";"63075";"2682879"
"Antofagasta";"ANTOFAGASTA";"16045-1";"MANZANA A SITIO 1 LA CHIMBA SECTOR IV COMUNA ANTOFAGASTA";"4176";"CONCESION GRATUITA";"2-posible";"62640";"2664376"
"Antofagasta";"SIERRA GORDA";"6300-2";"LOCALIDAD DE BAQUEDANO COMUNA SIERRA GORDA";"31000";"ARRENDAMIENTO";"2-posible";"62000";"2637154"
"Antofagasta";"MEJILLONES";"301-502";"LOTE 3 MANZANA 3 SECTOR SUR DE MEJILLONES COMUNA MEJILLONES";"12361";"CONCESION GRATUITA";"2-posible";"61805";"2628859"
"Antofagasta";"ANTOFAGASTA";"16070-6";"LA CHIMBA MANZANA 18 SITIO 6 VILLA AGRICOLA COMUNA ANTOFAGASTA";"4100";"ARRENDAMIENTO";"2-posible";"61500";"2615886"
"Tarapacá";"IQUIQUE";"SIN ROL";"CALLE PROYECTADA SIN NUMERO COMUNA IQUIQUE";"5100";"EN USO RECUPERABLE (texto)";"2-posible";"61200";"2603126"
"Antofagasta";"ANTOFAGASTA";"1008-2";"POBLACION RENE SCHNEIDER PADRE HURTADO CON PASAJE COVADONGA COMUNA ANTOFAGASTA";"4071";"CONCESION GRATUITA";"2-posible";"61061";"2597214"
"Tarapacá";"IQUIQUE";"PREASIGNADO";"MANZANA B LOTE 4 COMUNA IQUIQUE";"5000";"EN USO RECUPERABLE (texto)";"2-posible";"60000";"2552084"
"Tarapacá";"IQUIQUE";"4700-58";"VIA 8 COMUNA IQUIQUE";"5000";"EN USO RECUPERABLE (texto)";"2-posible";"60000";"2552084"
"Antofagasta";"ANTOFAGASTA";"6723-3";"LA NEGRA MANZANA Ñ2 SITIO 3 COMUNA ANTOFAGASTA";"4000";"ARRENDAMIENTO";"2-posible";"60000";"2552084"
"Antofagasta";"ANTOFAGASTA";"16153-5";"LOTE F1 SECTOR LA CHIMBA COMUNA ANTOFAGASTA";"3920";"CONCESION GRATUITA";"2-posible";"58800";"2501043"
"Antofagasta";"CALAMA";"1014-22";"LOTE B OHIGGINS ENTRE SERRANO Y ECUADOR SIN NUMERO COMUNA CALAMA";"7313";"CONCESION GRATUITA";"2-posible";"58502";"2488367"
"Antofagasta";"CALAMA";"5327-1";"MANZANA 12 SITIO 6 EXTENSION PUERTO SECO COMUNA CALAMA";"7200";"ARRENDAMIENTO";"2-posible";"57600";"2450001"
"Antofagasta";"ANTOFAGASTA";"16071-7";"SITIO 7 MANZANA 10 LA CHIMBA COMUNA ANTOFAGASTA";"3810";"ARRENDAMIENTO";"2-posible";"57156";"2431115"
"Antofagasta";"SIERRA GORDA";"6366-1";"LOCALIDAD DE BAQUEDANO COMUNA SIERRA GORDA";"28427";"CONCESION GRATUITA";"2-posible";"56854";"2418270"
"Antofagasta";"SAN PEDRO DE ATACAMA";"3540-192";"SITIO D-2 MANZANA D AYLLU DE SEQUITOR COMUNA SAN PEDRO DE ATACAMA";"14073";"CONCESION GRATUITA";"2-posible";"56291";"2394323"
"Antofagasta";"ANTOFAGASTA";"452-1";"CIUDAD DE ANTOFAGASTA SIN NUMERO COMUNA ANTOFAGASTA";"3748";"CONCESION GRATUITA";"2-posible";"56219";"2391260"
"Antofagasta";"CALAMA";"5324-3";"MANZANA 4 SITIO 3 EXTENSION PUERTO SECO COMUNA CALAMA";"7000";"CONCESION A TITULO ONEROSO";"2-posible";"56000";"2381945"
"Antofagasta";"SIERRA GORDA";"6032-2";"LOCALIDAD DE SIERRA GORDA COMUNA SIERRA GORDA";"27845";"CONCESION GRATUITA";"2-posible";"55690";"2368759"
"Antofagasta";"ANTOFAGASTA";"16020-4";"LA CHIMBA SECTOR II MANZANA J SITIO 2 COMUNA ANTOFAGASTA";"3706";"CONCESION GRATUITA";"2-posible";"55590";"2364506"
"Antofagasta";"CALAMA";"5324-2";"MANZANA 4 SITIO 2 EXTENSION PUERTO SECO COMUNA CALAMA";"6900";"CONCESION A TITULO ONEROSO";"2-posible";"55200";"2347917"
"Antofagasta";"ANTOFAGASTA";"16095-6";"SITIO 6 MANZANA 37 LA CHIMBA COMUNA ANTOFAGASTA";"3645";"ARRENDAMIENTO";"2-posible";"54681";"2325842"
"Antofagasta";"CALAMA";"5313-16";"MANZANA L SITIO 17 EXTENSION PUERTO SECO COMUNA CALAMA";"6700";"ARRENDAMIENTO";"2-posible";"53600";"2279862"
"Antofagasta";"CALAMA";"5313-20";"MANZANA L SITIO 19 EXTENSION PUERTO SECO COMUNA CALAMA";"6700";"ARRENDAMIENTO";"2-posible";"53600";"2279862"
"Antofagasta";"CALAMA";"5313-21";"MANZANA L SITIO 20 EXTENSION PUERTO SECO COMUNA CALAMA";"6700";"ARRENDAMIENTO";"2-posible";"53600";"2279862"
"Antofagasta";"CALAMA";"5004-5";"MANZANA 1 SITIO 5-B COMUNA CALAMA";"6692";"ARRENDAMIENTO";"2-posible";"53536";"2277140"
"Antofagasta";"ANTOFAGASTA";"6700-7";"LA NEGRA MANZANA B-2 LOTE 2-B COMUNA ANTOFAGASTA";"3529";"ARRENDAMIENTO";"2-posible";"52935";"2251576"
"Antofagasta";"SIERRA GORDA";"6334-1";"LOCALIDAD DE BAQUEDANO COMUNA SIERRA GORDA";"26442";"CONCESION GRATUITA";"2-posible";"52883";"2249364"
"Antofagasta";"CALAMA";"5313-16";"MANZANA L SITIO 16 EXTENSION PUERTO SECO COMUNA CALAMA";"6600";"ARRENDAMIENTO";"2-posible";"52800";"2245834"
"Antofagasta";"CALAMA";"5313-19";"MANZANA L SITIO 18 EXTENSION PUERTO SECO COMUNA CALAMA";"6500";"ARRENDAMIENTO";"2-posible";"52000";"2211806"
"Antofagasta";"CALAMA";"5006-10";"LOTE 10 MANZANA 3 YALQUINCHA PUERTO SECO COMUNA CALAMA";"6489";"ARRENDAMIENTO";"2-posible";"51912";"2208063"
"Antofagasta";"TOCOPILLA";"151-1";"AVENIDA ARTURO PRAT CON CALLE BARROS ARANA CIUDAD DE TOCOPILLA COMUNA TOCOPILLA";"12829";"CONCESION GRATUITA";"2-posible";"51314";"2182627"
"Antofagasta";"CALAMA";"5006-14";"SITIO 14 MANZANA 3 SECTOR YALQUINCHA COMUNA CALAMA";"6323";"ARRENDAMIENTO";"2-posible";"50585";"2151620"
"Antofagasta";"CALAMA";"5006-12";"SITIO 12 MANZANA 3 PUERTO SECO COMUNA CALAMA";"6225";"ARRENDAMIENTO";"2-posible";"49798";"2118145"
"Antofagasta";"ANTOFAGASTA";"16095-9";"SITIO 9 MANZANA 37 LA CHIMBA COMUNA ANTOFAGASTA";"3302";"ARRENDAMIENTO";"2-posible";"49526";"2106575"
"Antofagasta";"ANTOFAGASTA";"16042-6";"SITIO 6-A MANZANA F SECTOR II SECTOR NORTE COMUNA ANTOFAGASTA";"3266";"CONCESION GRATUITA";"2-posible";"48989";"2083734"
"Antofagasta";"CALAMA";"5314-9";"MANZANA 11 SITIO 9 EXTENSION PUERTO SECO COMUNA CALAMA";"6000";"ARRENDAMIENTO";"2-posible";"48000";"2041667"
"Antofagasta";"CALAMA";"5328-4";"MANZANA 12 SITIO 4 EXTENSION PUERTO SECO COMUNA CALAMA";"6000";"ARRENDAMIENTO";"2-posible";"48000";"2041667"
"Antofagasta";"CALAMA";"5331-3";"MANZANA 10 SITIO 3 EXTENSION PUERTO SECO COMUNA CALAMA";"6000";"ARRENDAMIENTO";"2-posible";"48000";"2041667"
"Antofagasta";"CALAMA";"5314-1";"MANZANA 11 SITIO 1 EXTENSION PUERTO SECO COMUNA CALAMA";"6000";"ARRENDAMIENTO";"2-posible";"48000";"2041667"
"Antofagasta";"CALAMA";"5314-7";"MANZANA 11 SITIO 7 EXTENSION PUERTO SECO COMUNA CALAMA";"6000";"ARRENDAMIENTO";"2-posible";"48000";"2041667"
"Antofagasta";"CALAMA";"5314-6";"MANZANA 11 SITIO 6 EXTENSION PUERTO SECO COMUNA CALAMA";"6000";"ARRENDAMIENTO";"2-posible";"48000";"2041667"
"Antofagasta";"CALAMA";"5330-2";"MANZANA 7 SITIO 2 EXTENSION PUERTO SECO COMUNA CALAMA";"6000";"ARRENDAMIENTO";"2-posible";"48000";"2041667"
"Antofagasta";"CALAMA";"5314-13";"MANZANA 11 SITIO 13 EXTENSION PUERTO SECO COMUNA CALAMA";"6000";"ARRENDAMIENTO";"2-posible";"48000";"2041667"
"Antofagasta";"CALAMA";"5331-7";"MANZANA 10 SITIO 7 EXTENSION PUERTO SECO COMUNA CALAMA";"6000";"ARRENDAMIENTO";"2-posible";"48000";"2041667"
"Antofagasta";"CALAMA";"5330-1";"MANZANA 7 SITIO 1 EXTENSION PUERTO SECO COMUNA CALAMA";"6000";"ARRENDAMIENTO";"2-posible";"48000";"2041667"
"Antofagasta";"CALAMA";"5330-9";"MANZANA 7 SITIO 9 EXTENSION PUERTO SECO COMUNA CALAMA";"6000";"ARRENDAMIENTO";"2-posible";"48000";"2041667"
"Antofagasta";"CALAMA";"5314-12";"MANZANA 11 SITO 12 EXTENSION PUERTO SECO COMUNA CALAMA";"6000";"ARRENDAMIENTO";"2-posible";"48000";"2041667"
"Antofagasta";"CALAMA";"5314-8";"MANZANA 11 SITIO 8 EXTENSION PUERTO SECO COMUNA CALAMA";"6000";"ARRENDAMIENTO";"2-posible";"48000";"2041667"
"Antofagasta";"CALAMA";"5314-5";"MANZANA 11 SITIO 5 EXTENSION PUERTO SECO COMUNA CALAMA";"6000";"ARRENDAMIENTO";"2-posible";"48000";"2041667"
"Antofagasta";"ANTOFAGASTA";"5207-5";"LOTE E CALLE MATAVERY CON CALLE CHACALLUTA COMUNA ANTOFAGASTA";"3154";"CONCESION GRATUITA";"2-posible";"47310";"2012318"
"Antofagasta";"ANTOFAGASTA";"16161-4";"SITIO 4 MANZANA 60 LA CHIMBA COMUNA ANTOFAGASTA";"3136";"ARRENDAMIENTO";"2-posible";"47034";"2000579"
"Tarapacá";"PICA";"PREASIGNADO";"ALTO CONCOVA SIN NUMERO COMUNA PICA";"15400";"EN USO RECUPERABLE (texto)";"2-posible";"46200";"1965105"
"Antofagasta";"CALAMA";"5302-1";"SITIO 1 MANZANA B AMPLIACION PUERTO SECO COMUNA CALAMA";"5627";"ARRENDAMIENTO";"2-posible";"45012";"1914574"
"Antofagasta";"CALAMA";"5302-2";"SITIO 2 MANZANA B AMPLIACION PUERTO SECO COMUNA CALAMA";"5627";"ARRENDAMIENTO";"2-posible";"45012";"1914574"
"Antofagasta";"CALAMA";"5302-17";"LOTE 17 MANZANA B BARRIO INDUSTRIAL AMPLIACION COMUNA CALAMA";"5625";"ARRENDAMIENTO";"2-posible";"45000";"1914063"
"Antofagasta";"CALAMA";"5302-11";"AMPLIACION PUERTO SECO MANZANA B LOTE 11 COMUNA CALAMA";"5625";"ARRENDAMIENTO";"2-posible";"45000";"1914063"
"Antofagasta";"CALAMA";"5302-19";"AVENIDA COLECTORA 1 SIN NUMERO SITIO 19 MANZANA B AMPLIACION PUERTO SECO COMUNA CALAMA";"5625";"ARRENDAMIENTO";"2-posible";"45000";"1914063"
"Antofagasta";"CALAMA";"5302-18";"LOTE 18 MANZANA B BARRIO INDUSTRIAL COMUNA CALAMA";"5625";"ARRENDAMIENTO";"2-posible";"45000";"1914063"
"Antofagasta";"CALAMA";"5302-12";"SITIO 12 MANZANA B PUERTO SECO COMUNA CALAMA";"5600";"ARRENDAMIENTO";"2-posible";"44800";"1905556"
"Antofagasta";"CALAMA";"1240-36";"TENIENTE MERINO 3521 3525 3529 3531 COMUNA CALAMA";"5542";"CONCESION GRATUITA";"2-posible";"44336";"1885820"
"Tarapacá";"ALTO HOSPICIO";"SIN ROL";"AVENIDA SUR SIN NUMERO COMUNA ALTO HOSPICIO";"8818";"EN USO RECUPERABLE (texto)";"2-posible";"44089";"1875314"
"Antofagasta";"TALTAL";"388-3";"LOTE B-4 AVENIDA ARTURO PRAT 1849 COMUNA TALTAL";"14633";"CONCESION GRATUITA";"2-posible";"43898";"1867190"
"Antofagasta";"CALAMA";"5006-1";"LOTE 1 MANZANA 3 YALQUINCHA BARRIO INDUSTRIAL COMUNA CALAMA";"5473";"ARRENDAMIENTO";"2-posible";"43782";"1862256"
"Antofagasta";"ANTOFAGASTA";"16071-3";"SITIO 3 MANZANA 10 LA CHIMBA COMUNA ANTOFAGASTA";"2901";"ARRENDAMIENTO";"2-posible";"43513";"1850814"
"Tarapacá";"ALTO HOSPICIO";"6701-4 PREASIGNADO";"CALLE PUBLICA NUMERO 2329 COMUNA DE ALTO HOSPICIO";"8621";"EN USO RECUPERABLE (texto)";"2-posible";"43106";"1833502"
"Antofagasta";"ANTOFAGASTA";"16071-2";"SITIO 2 MANZANA 10 LA CHIMBA COMUNA ANTOFAGASTA";"2857";"ARRENDAMIENTO";"2-posible";"42850";"1822613"
"Antofagasta";"ANTOFAGASTA";"717-1";"14 DE FEBRERO ESQUINA 21 DE MAYO LOTE B COMUNA ANTOFAGASTA";"2852";"CONCESION GRATUITA";"2-posible";"42775";"1819423"
"Antofagasta";"ANTOFAGASTA";"1955-1";"POBLACION MANUEL RODRIGUEZ COMUNA ANTOFAGASTA";"2783";"CONCESION GRATUITA";"2-posible";"41738";"1775315"
"Antofagasta";"ANTOFAGASTA";"16082-11";"SITIO 11 MANZANA 9 LA CHIMBA COMUNA ANTOFAGASTA";"2782";"ARRENDAMIENTO";"2-posible";"41727";"1774847"
"Antofagasta";"CALAMA";"5309-3";"SITIO 3 MANZANA I PUERTO SECO COMUNA CALAMA";"5200";"ARRENDAMIENTO";"2-posible";"41600";"1769445"
"Antofagasta";"CALAMA";"5333-1";"MANZANA 9 SITIO 1 EXTENSION PUERTO SECO COMUNA CALAMA";"5200";"ARRENDAMIENTO";"2-posible";"41600";"1769445"
"Antofagasta";"ANTOFAGASTA";"16082-13";"SITIO 13 MANZANA 9 LA CHIMBA COMUNA ANTOFAGASTA";"2771";"ARRENDAMIENTO";"2-posible";"41559";"1767701"
"Antofagasta";"CALAMA";"5318-6";"MANUEL VILLEGAS MALDONADO SIN NUMERO SITIO 8 MANZANA C 2 SECTOR PUERTO SECO COMUNA CALAMA";"5188";"CONCESION A TITULO ONEROSO";"2-posible";"41506";"1765447"
"Antofagasta";"SAN PEDRO DE ATACAMA";"10001-13";"LOTE B SECTOR PAMPA LA BOLA COMUNA SAN PEDRO DE ATACAMA";"10300";"CONCESION GRATUITA";"2-posible";"41200";"1752431"
"Antofagasta";"ANTOFAGASTA";"331-1";"SECTOR SUR CIUDAD ANTOFAGASTA COMUNA ANTOFAGASTA";"2728";"CONCESION GRATUITA";"2-posible";"40920";"1740521"
"Antofagasta";"ANTOFAGASTA";"16092-5";"SITIO 5 MANZANA 8 LA CHIMBA COMUNA ANTOFAGASTA";"2722";"ARRENDAMIENTO";"2-posible";"40827";"1736566"
"Antofagasta";"CALAMA";"5309-9";"SITIO 9 MANZANA I SECTOR AMPLIACION PUERTO SECO COMUNA CALAMA";"5100";"ARRENDAMIENTO";"2-posible";"40800";"1735417"
"Antofagasta";"CALAMA";"5311-7";"SECTOR PUERTO SECO MANZANA K SITIO 7 COMUNA CALAMA";"5054";"CONCESION A TITULO ONEROSO";"2-posible";"40434";"1719850"
"Antofagasta";"CALAMA";"5319-2";"LOTE 8 MANZANA C-3 SECTOR AMPLIACION PUERTO SECO COMUNA CALAMA";"5053";"CONCESION A TITULO ONEROSO";"2-posible";"40421";"1719297"
"Antofagasta";"CALAMA";"5311-5";"SITIO 5 MANZANA K AMPLIACION PUERTO SECO COMUNA CALAMA";"5036";"ARRENDAMIENTO";"2-posible";"40290";"1713725"
"Antofagasta";"CALAMA";"5311-8";"AVENIDA LAS INDUSTRIAS MANZANA K SITIO 8 COMUNA CALAMA";"5031";"CONCESION A TITULO ONEROSO";"2-posible";"40244";"1711768"
"Antofagasta";"CALAMA";"5311-9";"AMPLIACION PUERTO SECO MANZANA K SITIO 9 COMUNA CALAMA";"5027";"CONCESION A TITULO ONEROSO";"2-posible";"40220";"1710747"
"Antofagasta";"CALAMA";"5311-3";"SITIO 3 MANZANA K AMPLIACION PUERTO SECO COMUNA CALAMA";"5026";"ARRENDAMIENTO";"2-posible";"40211";"1710364"
"Antofagasta";"CALAMA";"5311-4";"SITIO 4 MANZANA K AMPLIACION PUERTO SECO COMUNA CALAMA";"5026";"ARRENDAMIENTO";"2-posible";"40211";"1710364"
"Antofagasta";"CALAMA";"5311-2";"LOTE 2 MANZANA K AMPLIACION PUERTO SECO COMUNA CALAMA";"5026";"ARRENDAMIENTO";"2-posible";"40211";"1710364"
"Antofagasta";"CALAMA";"5311-10";"LOTE 10 MANZANA K AMPLIACION PUERTO SECO COMUNA CALAMA";"5023";"CONCESION A TITULO ONEROSO";"2-posible";"40182";"1709131"
"Antofagasta";"CALAMA";"5311-1";"SITIO 1 MANZANA K AMPLIACION PUERTO SECO COMUNA CALAMA";"5013";"ARRENDAMIENTO";"2-posible";"40108";"1705983"
"Antofagasta";"CALAMA";"5319-4";"MARTIN VEGA PIZARRO SIN NUMERO LOTE 6 MANZANA C-3 PUERTO SECO COMUNA CALAMA";"5006";"CONCESION A TITULO ONEROSO";"2-posible";"40051";"1703559"
"Antofagasta";"CALAMA";"5311-11";"SITIO 11 MANZANA K PUERTO SECO COMUNA CALAMA";"5003";"CONCESION A TITULO ONEROSO";"2-posible";"40022";"1702325"
"Antofagasta";"CALAMA";"5001-8";"LOTE 39 SECTOR PUERTO SECO COMUNA CALAMA";"5000";"ARRENDAMIENTO";"2-posible";"40000";"1701389"
"Antofagasta";"CALAMA";"5319-5";"JUAN NICOLAS ZALDIVAR SIN NUMERO SITIO 5 MANZANA C-3 SECTOR PUERTO SECO COMUNA CALAMA";"4979";"CONCESION A TITULO ONEROSO";"2-posible";"39830";"1694159"
"Antofagasta";"CALAMA";"5319-3";"JUAN NICOLAS ZALDIVAR SIN NUMERO LOTE 7 MANZANA C 3 PUERTO SECO COMUNA CALAMA";"4973";"CONCESION A TITULO ONEROSO";"2-posible";"39786";"1692287"
"Antofagasta";"CALAMA";"5319-6";"JUAN NICOLAS ZALDIVAR SIN NUMERO SITIO 4 MANZANA C-3 SECTOR AMPLIACION PUERTO SECO COMUNA CAL";"4944";"CONCESION A TITULO ONEROSO";"2-posible";"39554";"1682419"
"Antofagasta";"CALAMA";"5319-1";"MARTIN VEGA PIZARRO SIN NUMERO SITIO 9 MANZANA C-3 PUERTO SECO COMUNA CALAMA";"4937";"CONCESION A TITULO ONEROSO";"2-posible";"39496";"1679952"
"Antofagasta";"CALAMA";"5319-8";"JUAN NICOLAS ZALDIVAR SIN NUMERO SITIO 2 MANZANA C-3 SECTOR AMPLIACION PUERTO SECO COMUNA CAL";"4922";"CONCESION A TITULO ONEROSO";"2-posible";"39372";"1674678"
"Antofagasta";"CALAMA";"5317-7";"ALBERTO TERRAZAS VIRREYRA SIN NUMERO SECTOR PUERTO SECO MANZANA A-2 SITIO 3 COMUNA CALAMA";"4848";"CONCESION A TITULO ONEROSO";"2-posible";"38781";"1649540"
"Antofagasta";"CALAMA";"5316-1";"LOTE 3 MANZANA A-3 SECTOR PUERTO SECO COMUNA CALAMA";"4833";"ARRENDAMIENTO";"2-posible";"38661";"1644435"
"Antofagasta";"CALAMA";"5301-20";"ALBERTO TERRAZAS VYRREIRA SIN NUMERO SECTOR PUERTO SECO MANZANA A-1 SITIO 1 COMUNA CALAMA";"4807";"CONCESION A TITULO ONEROSO";"2-posible";"38455";"1635673"
"Antofagasta";"CALAMA";"5317-2";"SECTOR PUERTO SECO MANZANA A-2 LOTE 8 COMUNA CALAMA";"4759";"CONCESION A TITULO ONEROSO";"2-posible";"38076";"1619553"
"Antofagasta";"ANTOFAGASTA";"6705-3";"LA NEGRA MANZANA B-1 LOTE 3 COMUNA ANTOFAGASTA";"2537";"ARRENDAMIENTO";"2-posible";"38055";"1618659"
"Antofagasta";"CALAMA";"5317-4";"ALBERTO TERRAZAS VIRREYRA SIN NUMERO SECTOR PUERTO SECO MANZANA A-2 SITIO 6 COMUNA CALAMA";"4724";"CONCESION A TITULO ONEROSO";"2-posible";"37792";"1607473"
"Antofagasta";"TOCOPILLA";"44-19";"ACCESO PLANTA NORGENER COMUNA TOCOPILLA";"9410";"CONCESION GRATUITA";"2-posible";"37640";"1601007"
"Antofagasta";"ANTOFAGASTA";"15010-2";"EL HUASCAR MANZANA M SITIO 2 COMUNA ANTOFAGASTA";"2476";"ARRENDAMIENTO";"2-posible";"37145";"1579953"
"Antofagasta";"CALAMA";"5319-9";"SITIO 1 MANZANA C-3 SECTOR PUERTO SECO COMUNA CALAMA";"4632";"CONCESION A TITULO ONEROSO";"2-posible";"37057";"1576210"
"Antofagasta";"CALAMA";"5317-6";"LOTE 4 MANZANA A-2 SECTOR PUERTO SECO COMUNA CALAMA";"4605";"ARRENDAMIENTO";"2-posible";"36843";"1567107"
"Antofagasta";"CALAMA";"3301-714";"LOCALIDAD DE CHIU-CHIU COMUNA CALAMA";"4550";"CONCESION GRATUITA";"2-posible";"36397";"1548137"
"Antofagasta";"CALAMA";"5317-5";"ALBERTO TERRAZAS VIRREYRA SIN NUMERO SECTOR PUERTO SECO MANZANA A-2 LOTE 5 COMUNA CALAMA";"4548";"CONCESION A TITULO ONEROSO";"2-posible";"36384";"1547584"
"Antofagasta";"ANTOFAGASTA";"16092-7";"SITIO 7 MANZANA 8 LA CHIMBA COMUNA ANTOFAGASTA";"2422";"ARRENDAMIENTO";"2-posible";"36335";"1545500"
"Antofagasta";"CALAMA";"5317-1";"SECTOR PUERTO SECO MANZANA A-2 SITIO 9 COMUNA CALAMA";"4529";"CONCESION A TITULO ONEROSO";"2-posible";"36236";"1541289"
"Antofagasta";"ANTOFAGASTA";"16173-5";"SITIO 5-A MANZANA 62 LA CHIMBA COMUNA ANTOFAGASTA";"2382";"ARRENDAMIENTO";"2-posible";"35734";"1519936"
"Antofagasta";"TALTAL";"4005-13";"LOTE B CORRALON MUNICIPAL COMUNA TALTAL";"11500";"CONCESION GRATUITA";"2-posible";"34500";"1467448"
"Antofagasta";"ANTOFAGASTA";"5207-2";"LOTE B CALLE TEPUAL CON MATAVERI VILLA AZUL COMUNA ANTOFAGASTA";"2289";"CONCESION GRATUITA";"2-posible";"34330";"1460218"
"Antofagasta";"ANTOFAGASTA";"16142-3";"LA CHIMBA ALTO MANZANA 33 SITIO 3-A COMUNA ANTOFAGASTA";"2219";"ARRENDAMIENTO";"2-posible";"33279";"1415514"
"Antofagasta";"ANTOFAGASTA";"442-2";"CALLE ANGOL SIN NUMERO COMUNA ANTOFAGASTA";"2176";"CONCESION GRATUITA";"2-posible";"32637";"1388206"
"Antofagasta";"CALAMA";"5301-13";"SECTOR PUERTO SECO MANZANA A-1 SITIO 8 COMUNA CALAMA";"4000";"ARRENDAMIENTO";"2-posible";"32000";"1361112"
"Antofagasta";"CALAMA";"5317-3";"AVENIDA ALBERTO TERRAZAS SECTOR PUERTO SECO MANZANA A-2 SITIO 7 COMUNA CALAMA";"3959";"ARRENDAMIENTO";"2-posible";"31669";"1347033"
"Antofagasta";"ANTOFAGASTA";"16142-12";"SITIO 3-B MANZANA 33 LA CHIMBA ALTO COMUNA ANTOFAGASTA";"2079";"ARRENDAMIENTO";"2-posible";"31179";"1326191"
"Antofagasta";"ANTOFAGASTA";"16095-11";"SITIO 11 MANZANA 37 LA CHIMBA COMUNA ANTOFAGASTA";"2074";"ARRENDAMIENTO";"2-posible";"31110";"1323256"
"Antofagasta";"ANTOFAGASTA";"1836-2";"CALLE PAIHUANO ESQUINA AVENIDA ESPANA COMUNA ANTOFAGASTA";"2048";"CONCESION GRATUITA";"2-posible";"30723";"1306795"
"Antofagasta";"ANTOFAGASTA";"16071-9";"SITIO 9 MANZANA 10 LA CHIMBA COMUNA ANTOFAGASTA";"2001";"ARRENDAMIENTO";"2-posible";"30022";"1276978"
"Tarapacá";"ALTO HOSPICIO";"6502-33";"LOTE 1 ALTO MOLLE COMUNA ALTO HOSPICIO";"6000";"EN USO RECUPERABLE (texto)";"2-posible";"30000";"1276042"
"Tarapacá";"IQUIQUE";"4700-89";"CALLE VIA 5 COMUNA IQUIQUE";"2500";"EN USO RECUPERABLE (texto)";"2-posible";"30000";"1276042"
"Antofagasta";"ANTOFAGASTA";"1258-1";"CALLE VENEZUELA SITIO 1 COMUNA ANTOFAGASTA";"1999";"CONCESION GRATUITA";"2-posible";"29989";"1275574"
"Antofagasta";"CALAMA";"5305-13";"CALLE TRES SIN NUMERO LOTE 13 MANZANA E-1 PUERTO SECO COMUNA CALAMA";"3727";"CONCESION A TITULO ONEROSO";"2-posible";"29813";"1268088"
"Antofagasta";"TALTAL";"615-1";"SITIO S-1 MANZANA E-EQUIPAMIENTO CANCHA DE FUTBOL PAPOSO COMUNA TALTAL";"9887";"CONCESION GRATUITA";"2-posible";"29660";"1261580"
"Antofagasta";"MEJILLONES";"60-001";"HOSPITAL DE MEJILLONES COMUNA MEJILLONES";"5707";"CONCESION GRATUITA";"2-posible";"28537";"1213814"
"Antofagasta";"CALAMA";"5315-22";"PUERTO SECO MANZANA E-2 LOTE 22 COMUNA CALAMA";"3550";"CONCESION A TITULO ONEROSO";"2-posible";"28403";"1208114"
"Antofagasta";"SAN PEDRO DE ATACAMA";"3560-95";"PARTE DEL SITIO 51 EX ESCUELA DE COYO AYLLO DE COYO COMUNA SAN PEDRO DE ATACAMA";"7000";"CONCESION GRATUITA";"2-posible";"28000";"1190973"
"Antofagasta";"MEJILLONES";"84-4";"BERNARDO OHIGGINS ESQUINA FERTILIZANTE LOTE A COMUNA MEJILLONES";"5577";"CONCESION GRATUITA";"2-posible";"27884";"1186039"
"Tarapacá";"ALTO HOSPICIO";"NO MENCIONA";"HUANTAJAYA SUR COMUNA ALTO HOSPICIO";"5500";"EN USO RECUPERABLE (texto)";"2-posible";"27500";"1169705"
"Tarapacá";"ALTO HOSPICIO";"SIN ROL";"AVENIDA LOS AROMOS SIN NUMERO COMUNA ALTO HOSPICIO";"5453";"EN USO RECUPERABLE (texto)";"2-posible";"27265";"1159710"
"Tarapacá";"ALTO HOSPICIO";"6502-34";"COMUNA ALTO HOSPICIO";"5429";"EN USO RECUPERABLE (texto)";"2-posible";"27144";"1154563"
"Tarapacá";"ALTO HOSPICIO";"SIN ROL";"LOTE 2 COMUNA ALTO HOSPICIO";"5400";"EN USO RECUPERABLE (texto)";"2-posible";"27000";"1148438"
"Antofagasta";"ANTOFAGASTA";"16440-1";"RICA AVENTURA EX CINCO LA CHIMBA MANZANA 3 LOTE 1 COMUNA ANTOFAGASTA";"1800";"CONCESION A TITULO ONEROSO";"2-posible";"27000";"1148438"
"Antofagasta";"ANTOFAGASTA";"20005-4";"SECTOR MANTOS BLANCOS SIN NUMERO COMUNA ANTOFAGASTA";"1784";"CONCESION A TITULO ONEROSO";"2-posible";"26756";"1138059"
"Antofagasta";"ANTOFAGASTA";"16440-2";"RICA AVENTURA EX CINCO LA CHIMBA MANZANA 3 LOTE 2 COMUNA ANTOFAGASTA";"1700";"CONCESION A TITULO ONEROSO";"2-posible";"25500";"1084636"
"Antofagasta";"TALTAL";"509-37";"APROX A 51,30 KMS AL ESTE DE LA CIUDAD DE TALTAL COMUNA TALTAL";"8500";"ARRENDAMIENTO";"2-posible";"25500";"1084636"
"Tarapacá";"ALTO HOSPICIO";"5394-1";"SITIO 1 COMUNA ALTO HOSPICIO";"5043";"EN USO RECUPERABLE (texto)";"2-posible";"25214";"1072471"
"Tarapacá";"ALTO HOSPICIO";"5301-5";"SITIO 2 MANZANA E COMUNA ALTO HOSPICIO";"5024";"EN USO RECUPERABLE (texto)";"2-posible";"25120";"1068473"
"Tarapacá";"ALTO HOSPICIO";"5350-06";"CALLE ITALO SCIARAFFIA COMUNA ALTO HOSPICIO";"5013";"EN USO RECUPERABLE (texto)";"2-posible";"25065";"1066133"
"Tarapacá";"ALTO HOSPICIO";"PREASIGNADO";"CALLE RICARDO LAGOS SIN NUMERO COMUNA ALTO HOSPICIO";"5000";"EN USO RECUPERABLE (texto)";"2-posible";"25000";"1063368"
"Tarapacá";"ALTO HOSPICIO";"PREASIGNADO";"CALLE PROYECTADA SIN NUMERO COMUNA ALTO HOSPICIO";"5000";"EN USO RECUPERABLE (texto)";"2-posible";"25000";"1063368"
"Tarapacá";"ALTO HOSPICIO";"SIN ROL";"CALLE PROYECTADA SIN NUMERO COMUN ALTO HOSPICIO";"5000";"EN USO RECUPERABLE (texto)";"2-posible";"25000";"1063368"
"Tarapacá";"ALTO HOSPICIO";"PREASIGNADO";"SITIO DOS MANZANA E COMUNA ALTO HOSPICIO";"5000";"EN USO RECUPERABLE (texto)";"2-posible";"25000";"1063368"
"Tarapacá";"ALTO HOSPICIO";"SIN ROL";"AVENIDA LAS PARCELAS SIN NUMERO COMUNA ALTO HOSPICIO";"4958";"EN USO RECUPERABLE (texto)";"2-posible";"24790";"1054436"
"Tarapacá";"ALTO HOSPICIO";"5303-6";"MANZANA A LOTE 3 COMUNA ALTO HOSPICIO";"4958";"EN USO RECUPERABLE (texto)";"2-posible";"24788";"1054351"
"Antofagasta";"ANTOFAGASTA";"8000-3";"LOTE B CALLE EDUARDO FOSTER CON VLADIMIR SAAVEDRA CHIMBA ALTO COMUNA ANTOFAGASTA";"1646";"CONCESION GRATUITA";"2-posible";"24691";"1050225"
"Antofagasta";"CALAMA";"5303-10";"LUIS CALLEJAS ROJAS SIN NUMERO LOTE 4 MANZANA C-1 SECTOR PUERTO SECO COMUNA CALAMA";"3081";"CONCESION A TITULO ONEROSO";"2-posible";"24645";"1048269"
"Antofagasta";"CALAMA";"5303-9";"LOTE 5 MANZANA C 1 SECTOR PUERTO SECO COMUNA CALAMA";"3068";"ARRENDAMIENTO";"2-posible";"24541";"1043845"
"Antofagasta";"ANTOFAGASTA";"1316-1";"POBLACION VILLA EL SALAR COMUNA ANTOFAGASTA";"1631";"CONCESION GRATUITA";"2-posible";"24458";"1040315"
"Antofagasta";"ANTOFAGASTA";"551-1";"ANDRES SABELLA ESQUINA PASAJE AVELINO CONTARDO NORTE VILLA ESMERALDA COMUNA ANTOFAGASTA";"1623";"CONCESION GRATUITA";"2-posible";"24346";"1035551"
"Antofagasta";"CALAMA";"5318-1";"LOTE 4 MANZANA C-2 SECTOR PUERTO SECO COMUNA CALAMA";"3016";"CONCESION A TITULO ONEROSO";"2-posible";"24126";"1026193"
"Antofagasta";"CALAMA";"5318-8";"MARTIN VEGA PIZARRO SIN NUMERO LOTE 1 MANZANA C-2 SECTOR PUERTO SECO COMUNA CALAMA";"3005";"CONCESION A TITULO ONEROSO";"2-posible";"24040";"1022535"
"Antofagasta";"ANTOFAGASTA";"20005-2";"SUBESTACION CAPRICORNIO COMUNA ANTOFAGASTA";"1600";"ARRENDAMIENTO";"2-posible";"24000";"1020834"
"Antofagasta";"ANTOFAGASTA";"5033-806";"EL ORO ESQUINA NICOLAS TIRADO BARRIO INDUSTRIAL SECTOR 5B MANZANA 11-A SITIO 13 COMUNA ANTOFA";"1587";"CONCESION GRATUITA";"2-posible";"23810";"1012752"
"Antofagasta";"OLLAGUE";"3429-1";"CAMPO DEPORTIVO COMUNA OLLAGUE";"23806";"CONCESION GRATUITA";"2-posible";"23806";"1012582"
"Antofagasta";"ANTOFAGASTA";"2477-1";"HUANTAJAYA SIN NUMERO INTERSECCION AVENIDA IRARRAZABAL COMUNA ANTOFAGASTA";"1576";"CONCESION GRATUITA";"2-posible";"23640";"1005521"
"Antofagasta";"CALAMA";"5301-7";"LOTE 16 MANAZANA A 1 SECTOR PUERTO SECO COMUNA CALAMA";"2908";"ARRENDAMIENTO";"2-posible";"23266";"989613"
"Antofagasta";"ANTOFAGASTA";"3017-4";"POBLACION COVIEFI COMUNA ANTOFAGASTA";"1544";"CONCESION GRATUITA";"2-posible";"23166";"985360"
"Antofagasta";"CALAMA";"5318-9";"SITIO 6 B MANZANA C-2 SECTOR PUERTO SECO COMUNA CALAMA";"2867";"CONCESION A TITULO ONEROSO";"2-posible";"22936";"975577"
"Antofagasta";"SIERRA GORDA";"6053-1";"LOCALIDAD DE SIERRA GORDA COMUNA SIERRA GORDA";"11279";"CONCESION GRATUITA";"2-posible";"22559";"959541"
"Antofagasta";"CALAMA";"5301-16";"LUIS CALLEJAS ROJAS SIN NUMERO SITIO 5 MANZANA A-1 SECTOR AMPLIACION PUERTO SECO COMUNA CALAM";"2804";"CONCESION A TITULO ONEROSO";"2-posible";"22434";"954224"
"Tarapacá";"POZO ALMONTE";"PREASIGNADO";"CALLE PROYECTADA SECTOR INDUSTRIAL COMUNA POZO ALMONTE";"7400";"EN USO RECUPERABLE (texto)";"2-posible";"22200";"944271"
"Antofagasta";"CALAMA";"5303-1";"LOTE 8 MANZANA C-1 PUERTO SECO COMUNA CALAMA";"2760";"CONCESION A TITULO ONEROSO";"2-posible";"22080";"939167"
"Antofagasta";"MEJILLONES";"32-12";"MANZANA 11 SITIO 6 COMUNA MEJILLONES";"4363";"CONCESION GRATUITA";"2-posible";"21816";"927938"
"Antofagasta";"ANTOFAGASTA";"3017-2";"MAR DEL PLATA CON SANTA ELENA COMUNA ANTOFAGASTA";"1446";"CONCESION GRATUITA";"2-posible";"21687";"922451"
"Antofagasta";"CALAMA";"5317-9";"LUIS CALLEJA ROJAS SIN NUMERO SECTOR PUERTO SECO MANZANA A-2 LOTE 1 COMUNA CALAMA";"2709";"CONCESION A TITULO ONEROSO";"2-posible";"21671";"921770"
"Antofagasta";"CALAMA";"5318-10";"MARTIN VEGA PIZARRO SIN NUMERO SITIO 2B MANZANA C-2 SECTOR PUERTO SECO COMUNA CALAMA";"2708";"CONCESION A TITULO ONEROSO";"2-posible";"21666";"921558"
"Antofagasta";"ANTOFAGASTA";"3016-1";"POBLACION COVIEFI SIN NUMERO COMUNA ANTOFAGASTA";"1437";"CONCESION GRATUITA";"2-posible";"21559";"917006"
"Tarapacá";"ALTO HOSPICIO";"PREASIGNADO";"CALLE VECINA SIN NUMERO COMUNA ALTO HOSPICIO";"4209";"EN USO RECUPERABLE (texto)";"2-posible";"21043";"895058"
"Antofagasta";"CALAMA";"5318-7";"SITIO 2 A MANZANA C 2 PUERTO SECO COMUNA CALAMA";"2619";"ARRENDAMIENTO";"2-posible";"20953";"891230"
"Antofagasta";"ANTOFAGASTA";"1951-9";"CALLE EL LOA CON PASAJE COBIJA POBLACION MANUEL RODRIGUEZ COMUNA ANTOFAGASTA";"1396";"CONCESION GRATUITA";"2-posible";"20933";"890380"
"Antofagasta";"ANTOFAGASTA";"1689-2";"LOTE B FREIRINA ESQUINA OLLAGUE POBLACION EL GOLF COMUNA ANTOFAGASTA";"1377";"CONCESION GRATUITA";"2-posible";"20655";"878555"
"Antofagasta";"CALAMA";"5316-2";"MANUEL VILLEGAS MALDONADO SIN NUMERO SITIO 2 MANZANA A-3 PUERTO SECO COMUNA CALAMA";"2565";"CONCESION A TITULO ONEROSO";"2-posible";"20518";"872728"
"Antofagasta";"SAN PEDRO DE ATACAMA";"10001-15";"LOTE D SECTOR PAMPA LA BOLA COMUNA SAN PEDRO DE ATACAMA";"5100";"CONCESION A TITULO ONEROSO";"2-posible";"20400";"867709"
"Antofagasta";"CALAMA";"5301-5";"SITIO 14 MANZANA A 1 SECTOR PUERTO SECO COMUNA CALAMA";"2522";"ARRENDAMIENTO";"2-posible";"20176";"858181"
"Antofagasta";"CALAMA";"5318-4";"CALLE LUIS CALLEJAS ROJAS SITIO 7 MANZANA C 2 SECTOR PUERTO SECO COMUNA CALAMA";"2515";"CONCESION A TITULO ONEROSO";"2-posible";"20120";"855799"
"Antofagasta";"CALAMA";"5301-15";"CALLE LUIS CALLEJAS ROJAS MANZANA A-1 LOTE 6 SECTOR PUERTO SECO COMUNA CALAMA";"2506";"ARRENDAMIENTO";"2-posible";"20047";"852694"
"Antofagasta";"SAN PEDRO DE ATACAMA";"10001-14";"LOTE C SECTOR PAMPA LA BOLA COMUNA SAN PEDRO DE ATACAMA";"5000";"CONCESION GRATUITA";"2-posible";"20000";"850695"
"Antofagasta";"CALAMA";"5318-2";"SITIO 5 MANZANA C-2 SECTOR PUERTO SECO COMUNA CALAMA";"2493";"CONCESION A TITULO ONEROSO";"2-posible";"19946";"848398"
"Antofagasta";"ANTOFAGASTA";"1689-1";"LOTE A ELQUI ESQUINA OLLAGUE POBLACION EL GOLF COMUNA ANTOFAGASTA";"1328";"CONCESION GRATUITA";"2-posible";"19918";"847207"
"Antofagasta";"MEJILLONES";"1001-2";"BALNEARIO HORNITOS COMUNA MEJILLONES";"3976";"CONCESION GRATUITA";"2-posible";"19878";"845505"
"Antofagasta";"SIERRA GORDA";"6038-2";"LOCALIDAD DE SIERRA GORDA COMUNA SIERRA GORDA";"9821";"CONCESION GRATUITA";"2-posible";"19642";"835467"
"Tarapacá";"ALTO HOSPICIO";"7000-13";"LOTE 1 COMUNA ALTO HOSPICIO";"3926";"EN USO RECUPERABLE (texto)";"2-posible";"19629";"834914"
"Antofagasta";"ANTOFAGASTA";"3002-1";"SANTA MARTA SIN NUMERO MANZANA 31 COMUNA ANTOFAGASTA";"1296";"CONCESION GRATUITA";"2-posible";"19440";"826875"
"Antofagasta";"CALAMA";"5301-11";"GILBERTO GOMEZ CONTARDO SIN NUMERO SECTOR PUERTO SECO MANZANA A-1 LOTE 20 COMUNA CALAMA";"2422";"CONCESION A TITULO ONEROSO";"2-posible";"19376";"824153"
"Antofagasta";"CALAMA";"5305-12";"COLECTORA SIN NUMERO MANZANA E-1 LOTE 1 PUERTO SECO COMUNA CALAMA";"2417";"CONCESION A TITULO ONEROSO";"2-posible";"19335";"822409"
"Antofagasta";"CALAMA";"5301-10";"GILBERTO GOMEZ CONTARDO SIN NUMERO LOTE 19 MANZANA A-1 SECTOR AMPLIACION PUERTO SECO COMUNA C";"2417";"CONCESION A TITULO ONEROSO";"2-posible";"19334";"822367"
"Antofagasta";"CALAMA";"5301-19";"SECTOR PUERTO SECO MANZANA A-1 LOTE 2 COMUNA CALAMA";"2406";"CONCESION A TITULO ONEROSO";"2-posible";"19246";"818624"
"Antofagasta";"CALAMA";"5301-9";"SECTOR PUERTO SECO MANZANA A-1 SITIO 18 COMUNA CALAMA";"2401";"CONCESION A TITULO ONEROSO";"2-posible";"19211";"817135"
"Antofagasta";"CALAMA";"5301-8";"LOTE 17 MANZANA A-1 SECTOR PUERTO SECO COMUNA CALAMA";"2400";"CONCESION A TITULO ONEROSO";"2-posible";"19201";"816709"
"Antofagasta";"CALAMA";"5303-7";"LUIS CALLEJAS ROJAS SIN NUMERO LOTE 7 MANZANA C 1 SECTOR PUERTO SECO COMUNA CALAMA";"2400";"CONCESION A TITULO ONEROSO";"2-posible";"19199";"816624"
"Antofagasta";"CALAMA";"1240-34";"SECTOR PONIENTE VILLA LOS SALARES COMUNA CALAMA";"2395";"CONCESION GRATUITA";"2-posible";"19157";"814838"
"Antofagasta";"SIERRA GORDA";"6365-3";"A 560 MTS AL OESTE DE LA LOCALIDAD DE BAQUEDANO COMUNA SIERRA GORDA";"9495";"CONCESION GRATUITA";"2-posible";"18990";"807735"
"Tarapacá";"PICA";"PREASIGNADO";"LOTE 2 COMUNA PICA";"6191";"EN USO RECUPERABLE (texto)";"2-posible";"18573";"789998"
"Antofagasta";"CALAMA";"5301-14";"LUIS CALLEJAS ROJAS SIN NUMERO SECTOR PUERTO SECO MANZANA A-1 SITIO 7 COMUNA CALAMA";"2293";"CONCESION A TITULO ONEROSO";"2-posible";"18345";"780300"
"Tarapacá";"POZO ALMONTE";"PREASIGNADO";"LOTE 5 MANZANA B LA TIRANA COMUNA POZO ALMONTE";"6100";"EN USO RECUPERABLE (texto)";"2-posible";"18300";"778386"
"Antofagasta";"SIERRA GORDA";"6051-1";"A 197 M AL NORESTE DE LA CALLE ARTURO PRAT COMUNA SIERRA GORDA";"9119";"CONCESION GRATUITA";"2-posible";"18238";"775749"
"Antofagasta";"CALAMA";"5301-4";"SECTOR PUERTO SECO MANZANA A-1 SITIO 13 COMUNA CALAMA";"2261";"ARRENDAMIENTO";"2-posible";"18085";"769241"
"Tarapacá";"POZO ALMONTE";"PREASIGNADO";"PREDIO IBAQUIZA COMUNA POZO ALMONTE";"6000";"EN USO RECUPERABLE (texto)";"2-posible";"18000";"765625"
"Antofagasta";"ANTOFAGASTA";"8546-1";"CALLE LAS GAVIOTAS CON PASAJE CHOAPA COMUNA ANTOFAGASTA";"1175";"CONCESION GRATUITA";"2-posible";"17630";"749887"
"Antofagasta";"SIERRA GORDA";"6410-1";"A 554 MT AL SURESTE DE AVENIDA SALVADOR ALLENDE BAQUEDANO COMUNA SIERRA GORDA";"8752";"CONCESION GRATUITA";"2-posible";"17503";"744485"
"Antofagasta";"SAN PEDRO DE ATACAMA";"3751-36";"LOTE B LOCALIDAD DE PEINE COMUNA SAN PEDRO DE ATACAMA";"4365";"CONCESION GRATUITA";"2-posible";"17459";"742614"
"Antofagasta";"ANTOFAGASTA";"3017-1";"VIENTOS DEL SUR LOTE 1 COMUNA ANTOFAGASTA";"1163";"CONCESION GRATUITA";"2-posible";"17440";"741806"
"Antofagasta";"CALAMA";"5315-11";"LOTE 1 MANZANA E-2 PUERTO SECO COMUNA CALAMA";"2178";"CONCESION A TITULO ONEROSO";"2-posible";"17425";"741168"
"Antofagasta";"CALAMA";"5318-3";"SITIO 6 A MANZANA C-2 PUERTO SECO COMUNA CALAMA";"2174";"ARRENDAMIENTO";"2-posible";"17392";"739764"
"Antofagasta";"ANTOFAGASTA";"1160-1";"CALLE JOSE CRUZAT ENTRE INGENIERO MUTILLA POBLACION TENIENTE MERINO COMUNA ANTOFAGASTA";"1158";"CONCESION GRATUITA";"2-posible";"17374";"738999"
"Antofagasta";"MEJILLONES";"600-5";"MANZANA F SITIO 5 SECTOR SUR DE MEJILLONES COMUNA MEJILLONES";"3450";"ARRENDAMIENTO";"2-posible";"17248";"733639"
"Tarapacá";"PICA";"PREASIGNADO";"SECTOR VALLE DE QUISCA COMUNA DE PICA";"5700";"EN USO RECUPERABLE (texto)";"2-posible";"17100";"727344"
"Antofagasta";"MARIA ELENA";"373-2";"PUEBLO DE QUILLAGUA SIN NUMERO COMUNA MARIA ELENA";"8500";"CONCESION GRATUITA";"2-posible";"17000";"723091"
"Antofagasta";"CALAMA";"5303-5";"GILBERTO GOMEZ CONTARDO SIN NUMERO LOTE 12 MANZANA C-1 PUERTO SECO COMUNA CALAMA";"2100";"CONCESION A TITULO ONEROSO";"2-posible";"16799";"714541"
"Antofagasta";"ANTOFAGASTA";"448-2";"EDUARDO ORCHARD LOTE A POBLACION LA FAVORECEDORA COMUNA ANTOFAGASTA";"1117";"CONCESION GRATUITA";"2-posible";"16757";"712755"
"Antofagasta";"CALAMA";"5303-6";"LOTE 13 MANZANA C-1 PUERTO SECO COMUNA CALAMA";"2081";"CONCESION A TITULO ONEROSO";"2-posible";"16651";"708246"
"Antofagasta";"CALAMA";"5303-8";"LUIS CALLEJAS ROJAS SIN NUMERO SITIO 6 MANZANA C-1 SECTOR PUERTO SECO COMUNA CALAMA";"2072";"CONCESION A TITULO ONEROSO";"2-posible";"16577";"705098"
"Antofagasta";"OLLAGUE";"4100-65";"A 700 MTS AL SURESTE DE LA LOCALIDAD DE OLLAGUE COMUNA OLLAGUE";"16500";"CONCESION GRATUITA";"2-posible";"16500";"701823"
"Antofagasta";"CALAMA";"5305-17";"SITIO 17 MANZANA E-1 BARRIO INDUSTRIAL SECTOR PUERTO SECO COMUNA DE CALAMA";"2061";"CONCESION A TITULO ONEROSO";"2-posible";"16487";"701270"
"Antofagasta";"CALAMA";"5305-23";"LOTE 23 MANZANA E-1 PUERTO SECO COMUNA CALAMA";"2061";"CONCESION A TITULO ONEROSO";"2-posible";"16487";"701270"
"Antofagasta";"CALAMA";"5305-15";"CALLE TRES SIN NUMERO PUERTO SECO MANZANA E-1 SITIO 15 COMUNA CALAMA";"2061";"CONCESION A TITULO ONEROSO";"2-posible";"16487";"701270"
"Antofagasta";"CALAMA";"5305-22";"CALLE TRES SIN NUMERO LOTE 22 MANZANA E-1 PUERTO SECO COMUNA CALAMA";"2061";"CONCESION A TITULO ONEROSO";"2-posible";"16487";"701270"
"Antofagasta";"CALAMA";"5305-21";"CALLE TRES SIN NUMERO LOTE 21 MANZANA E-1 PUERTO SECO COMUNA CALAMA";"2061";"CONCESION A TITULO ONEROSO";"2-posible";"16487";"701270"
"Antofagasta";"CALAMA";"5305-18";"SITIO 18 MANZANA E-1 SECTOR AMPLIACION PUERTO SECO COMUNA CALAMA";"2061";"CONCESION A TITULO ONEROSO";"2-posible";"16487";"701270"
"Antofagasta";"CALAMA";"5305-20";"LOTE 20 MANZANA E-1 PUERTO SECO COMUNA CALAMA";"2061";"CONCESION A TITULO ONEROSO";"2-posible";"16487";"701270"
"Antofagasta";"CALAMA";"5305-19";"CALLE TRES SIN NUMERO MANZANA E-1 LOTE 19 BARRIO INDUSTRIAL PUERTO SECO COMUNA CALAMA";"2061";"CONCESION A TITULO ONEROSO";"2-posible";"16487";"701270"
"Antofagasta";"CALAMA";"5303-4";"GILBERTO GOMEZ CONTARDO SIN NUMERO SITIO 11-A MANZANA C-1 PUERTO SECO COMUNA CALAMA";"2058";"CONCESION A TITULO ONEROSO";"2-posible";"16464";"700292"
"Tarapacá";"ALTO HOSPICIO";"PREASIGNADO";"PASAJE LOS CONQUISTADORES SIN NUMERO COMUNA DE ALTO HOSPICIO";"3289";"EN USO RECUPERABLE (texto)";"2-posible";"16445";"699484"
"Antofagasta";"CALAMA";"5301-17";"LOTE 4 MANZANA A-1 SECTOR PUERTO SECO COMUNA CALAMA";"2049";"CONCESION A TITULO ONEROSO";"2-posible";"16395";"697357"
"Antofagasta";"CALAMA";"5315-12";"BARRIO INDUSTRIAL SECTOR PUERTO SECO MANZANA E-2 LOTE 12 COMUNA CALAMA";"2040";"ARRENDAMIENTO";"2-posible";"16319";"694124"
"Antofagasta";"SIERRA GORDA";"6365-2";"LOTE 2 A 600 M AL OESTE DE AVENIDA SALVADOR ALLENDE COMUNA SIERRA GORDA";"8113";"CONCESION GRATUITA";"2-posible";"16226";"690169"
"Antofagasta";"CALAMA";"5305-2";"PUERTO SECO MANZANA E-1 LOTE 12 COMUNA CALAMA";"2025";"CONCESION A TITULO ONEROSO";"2-posible";"16202";"689148"
"Antofagasta";"CALAMA";"5305-7";"LOTE 6 MANZANA E-1 PUERTO SECO COMUNA CALAMA";"2025";"CONCESION A TITULO ONEROSO";"2-posible";"16202";"689148"
"Antofagasta";"CALAMA";"5305-10";"LOTE 3 MANZANA E-1 PUERTO SECO COMUNA CALAMA";"2025";"CONCESION A TITULO ONEROSO";"2-posible";"16202";"689148"
"Antofagasta";"CALAMA";"5305-11";"LOTE 2 MANZANA E-1 PUERTO SECO BARRIO INDUSTRIAL COMUNA CALAMA";"2025";"CONCESION A TITULO ONEROSO";"2-posible";"16202";"689148"
"Antofagasta";"CALAMA";"5305-5";"LOTE 9 MANZANA E-1 SECTOR PUERTO SECO COMUNA CALAMA";"2025";"CONCESION A TITULO ONEROSO";"2-posible";"16202";"689148"
"Antofagasta";"CALAMA";"5305-4";"LOTE 10 MANZANA E-1 PUERTO SECO COMUNA CALAMA";"2025";"CONCESION A TITULO ONEROSO";"2-posible";"16202";"689148"
"Antofagasta";"CALAMA";"5305-8";"LOTE 5 MANZANA E-1 PUERTO SECO COMUNA CALAMA";"2025";"ARRENDAMIENTO";"2-posible";"16202";"689148"
"Antofagasta";"CALAMA";"5305-9";"LOTE 4 MANZANA E-1 PUERTO SECO COMUNA CALAMA";"2025";"CONCESION A TITULO ONEROSO";"2-posible";"16202";"689148"
"Antofagasta";"CALAMA";"5315-1";"MANZANA E-2 LOTE 11 PUERTO SECO COMUNA CALAMA";"2025";"ARRENDAMIENTO";"2-posible";"16201";"689105"
"Antofagasta";"CALAMA";"5315-9";"PUERTO SECO MANZANA E-2 LOTE 3 COMUNA CALAMA";"2018";"ARRENDAMIENTO";"2-posible";"16143";"686638"
"Antofagasta";"CALAMA";"5315-6";"SITIO 6 MANZANA E-2 SECTOR AMPLIACION PUERTO SECO COMUNA CALAMA";"2018";"CONCESION A TITULO ONEROSO";"2-posible";"16143";"686638"
"Antofagasta";"CALAMA";"5315-7";"SITIO 5 MANZANA E-2 PUERTO SECO COMUNA CALAMA";"2018";"ARRENDAMIENTO";"2-posible";"16143";"686638"
"Antofagasta";"CALAMA";"5315-8";"CALLE CINCO SIN NUMERO MANZANA E-2 LOTE 4 SECTOR PUERTO SECO COMUNA CALAMA";"2018";"CONCESION A TITULO ONEROSO";"2-posible";"16143";"686638"
"Antofagasta";"CALAMA";"5315-5";"CALLE CINCO SIN NUMERO PUERTO SECO SITIO 7 MANZANA E-2 COMUNA CALAMA";"2018";"CONCESION A TITULO ONEROSO";"2-posible";"16143";"686638"
"Antofagasta";"CALAMA";"5315-15";"BARRIO INDUSTRIAL PUERTO SECO LOTE 15 MANZANA E-2 COMUNA CALAMA";"2018";"CONCESION A TITULO ONEROSO";"2-posible";"16143";"686638"
"Antofagasta";"CALAMA";"5315-3";"LOTE 9 MANZANA E-2 SECTOR PUERTO SECO COMUNA CALAMA";"2018";"CONCESION A TITULO ONEROSO";"2-posible";"16143";"686638"
"Antofagasta";"CALAMA";"5315-19";"MANZANA E-2 LOTE 19 PUERTO SECO COMUNA CALAMA";"2018";"CONCESION A TITULO ONEROSO";"2-posible";"16143";"686638"
"Antofagasta";"CALAMA";"5315-16";"SITIO 16 MANZANA E-2 SECTOR PUERTO SECO COMUNA CALAMA";"2018";"CONCESION A TITULO ONEROSO";"2-posible";"16143";"686638"
"Antofagasta";"CALAMA";"5315-2";"BARRIO INDUSTRIAL PUERTO SECO MANZANA E-2 LOTE 10 COMUNA CALAMA";"2018";"ARRENDAMIENTO";"2-posible";"16143";"686638"
"Antofagasta";"CALAMA";"5315-10";"CALLE CINCO SIN NOMBRE PUERTO SECO MANZANA E-2 LOTE 2 COMUNA CALAMA";"2018";"CONCESION A TITULO ONEROSO";"2-posible";"16143";"686638"
"Antofagasta";"CALAMA";"5315-17";"SITIO 17 MANZANA E-2 SECTOR PUERTO SECO COMUNA CALAMA";"2018";"ARRENDAMIENTO";"2-posible";"16143";"686638"
"Antofagasta";"CALAMA";"5315-20";"LOTE 20 MANZANA E-2 PUERTO SECO COMUNA CALAMA";"2018";"CONCESION A TITULO ONEROSO";"2-posible";"16143";"686638"
"Antofagasta";"CALAMA";"5315-21";"MANZANA E-2 LOTE 21 SECTOR PUERTO SECO COMUNA CALAMA";"2018";"CONCESION A TITULO ONEROSO";"2-posible";"16143";"686638"
"Antofagasta";"CALAMA";"5315-13";"BARRIO INDUSTRIAL SECTOR PUERTO SECO MANZANA E-2 LOTE 13 COMUNA CALAMA";"2018";"CONCESION A TITULO ONEROSO";"2-posible";"16143";"686638"
"Antofagasta";"CALAMA";"5315-14";"LOTE 14 MANZANA E-2 SECTOR PUERTO SECO COMUNA CALAMA";"2018";"CONCESION A TITULO ONEROSO";"2-posible";"16143";"686638"
"Antofagasta";"CALAMA";"5315-18";"BARRIO INDUSTRIAL SECTOR PUERTO SECO MANZANA E-2 LOTE 18 COMUNA CALAMA";"2018";"ARRENDAMIENTO";"2-posible";"16143";"686638"
"Antofagasta";"ANTOFAGASTA";"1479-1";"LOTE 2 POBLACION PABLO KRUGGER COMUNA ANTOFAGASTA";"1076";"CONCESION GRATUITA";"2-posible";"16140";"686511"
"Antofagasta";"ANTOFAGASTA";"16114-2";"CALLE HUAMACHUCO ENTRE CALLE LOS RUBIES Y CALLE LOS TOPACIOS SECTOR LA CHIMBA COMUNA ANTOFAGA";"1071";"CONCESION GRATUITA";"2-posible";"16061";"683150"
"Antofagasta";"CALAMA";"5301-3";"SECTOR PUERTO SECO MANZANA A-1 LOTE 12 COMUNA CALAMA";"2001";"CONCESION A TITULO ONEROSO";"2-posible";"16010";"680981"
"Tarapacá";"POZO ALMONTE";"4110-5";"LOTE 5 MANZANA 22 LA TIRANA COMUNA POZO ALMONTE";"5316";"EN USO RECUPERABLE (texto)";"2-posible";"15948";"678344"
"Antofagasta";"CALAMA";"740-5";"CALLE ALONSO DE ERCILLA 3162 LOTE 6 COMUNA CALAMA";"1991";"CONCESION A TITULO ONEROSO";"2-posible";"15924";"677323"
"Antofagasta";"ANTOFAGASTA";"1730-10";"LOTE B PASAJE OLLAGUE CON CALLE ELQUI COMUNA ANTOFAGASTA";"1061";"CONCESION GRATUITA";"2-posible";"15922";"677238"
"Antofagasta";"CALAMA";"740-6";"ALONSO DE ERCILLA 3112 LOTE 7 COMUNA CALAMA";"1990";"CONCESION A TITULO ONEROSO";"2-posible";"15921";"677196"
"Antofagasta";"CALAMA";"740-1";"CALLE ALONSO DE ERCILLA 3198 LOTE 5 COMUNA CALAMA";"1990";"CONCESION A TITULO ONEROSO";"2-posible";"15918";"677068"
"Antofagasta";"CALAMA";"5305-24";"LOTE 24 MANZANA E-1 SECTOR PUERTO SECO COMUNA CALAMA";"1985";"ARRENDAMIENTO";"2-posible";"15880";"675452"
"Antofagasta";"CALAMA";"5301-6";"LOTE 15 MANZANA A-1 SECTOR PUERTO SECO COMUNA CALAMA";"1976";"CONCESION A TITULO ONEROSO";"2-posible";"15812";"672559"
"Antofagasta";"CALAMA";"5303-2";"GILBERTO GOMEZ CONTARDO SIN NUMERO LOTE 9 MANZANA C-1 SECTOR PUERTO SECO COMUNA CALAMA";"1962";"CONCESION A TITULO ONEROSO";"2-posible";"15696";"667625"
"Antofagasta";"CALAMA";"5301-2";"SECTOR PUERTO SECO MANZANA A-1 SITIO 11 COMUNA CALAMA";"1962";"ARRENDAMIENTO";"2-posible";"15693";"667498"
"Antofagasta";"CALAMA";"5303-14";"SITIO 11 B MANZANA C 1 PUERTO SECO COMUNA CALAMA";"1960";"CONCESION A TITULO ONEROSO";"2-posible";"15682";"667030"
"Tarapacá";"POZO ALMONTE";"PREASIGNADO";"LOTE 8 MANZANA B LA TIRANA COMUNA POZO ALMONTE";"5200";"EN USO RECUPERABLE (texto)";"2-posible";"15600";"663542"
"Tarapacá";"POZO ALMONTE";"PREASIGNADO";"LOTE 1 MANZANA D LA TIRANA COMUNA DE POZO ALMONTE";"5200";"EN USO RECUPERABLE (texto)";"2-posible";"15600";"663542"
"Antofagasta";"CALAMA";"5303-11";"SITIO 3 MANZANA C-1 SECTOR PUERTO SECO COMUNA CALAMA";"1949";"CONCESION A TITULO ONEROSO";"2-posible";"15591";"663159"
"Antofagasta";"CALAMA";"740-2";"CALLE ALONSO DE ERCILLA 3204 POBLACION ALEMANIA LOTE 2 COMUNA CALAMA";"1947";"CONCESION A TITULO ONEROSO";"2-posible";"15580";"662691"
"Antofagasta";"CALAMA";"740-2";"CALLE ALONSO DE ERCILLA 3208 LOTE 3 COMUNA CALAMA";"1947";"ARRENDAMIENTO";"2-posible";"15579";"662649"
"Antofagasta";"CALAMA";"740-4";"ALONSO DE ERCILLA 3202 LOTE 4 POBLACION NUEVA ALEMANIA COMUNA CALAMA";"1947";"CONCESION A TITULO ONEROSO";"2-posible";"15577";"662564"
"Antofagasta";"CALAMA";"5303-3";"LOTE 10 MANZANA C-1 PUERTO SECO COMUNA CALAMA";"1943";"ARRENDAMIENTO";"2-posible";"15542";"661075"
"Tarapacá";"PICA";"SIN ROL";"LOTE 5 COMUNA PICA";"5144";"EN USO RECUPERABLE (texto)";"2-posible";"15433";"656439"
"Antofagasta";"CALAMA";"5301-1";"SECTOR PUERTO SECO MANZANA A-1 LOTE 10 COMUNA CALAMA";"1917";"CONCESION A TITULO ONEROSO";"2-posible";"15340";"652483"
"Tarapacá";"POZO ALMONTE";"PREASIGNADO";"CALLE SANTA ROSA COMUNA POZO ALMONTE";"5100";"EN USO RECUPERABLE (texto)";"2-posible";"15300";"650781"
"Antofagasta";"SIERRA GORDA";"6405-1";"ESTACION BAQUEDANO COMUNA SIERRA GORDA";"7647";"CONCESION A TITULO ONEROSO";"2-posible";"15294";"650526"
"Antofagasta";"ANTOFAGASTA";"5640-7";"AVENIDA RADOMIRO TOMIC 8341 SITIO 2-C MANZANA A SECTOR 2 BARRIO INDUSTRIAL COMUNA ANTOFAGASTA";"1019";"ARRENDAMIENTO";"2-posible";"15285";"650143"
"Tarapacá";"POZO ALMONTE";"2681-2";"CALLE ALDUNATE SIN NUMERO COMUNA POZO ALMONTE";"5074";"EN USO RECUPERABLE (texto)";"2-posible";"15223";"647506"
"Tarapacá";"POZO ALMONTE";"PREASIGNADO";"MANZANA 8 LOTE 13 COMUNA DE POZO ALMONTE";"5073";"EN USO RECUPERABLE (texto)";"2-posible";"15218";"647294"
"Antofagasta";"ANTOFAGASTA";"5320-1";"CALLE LOS NARANJOS LOTE C POBLACION LAS ROCAS TROCADERO COMUNA ANTOFAGASTA";"1014";"CONCESION GRATUITA";"2-posible";"15210";"646953"
"Antofagasta";"CALAMA";"740-7";"CALLE ALONSO DE ERCILLA 3326 LOTE 1 COMUNA CALAMA";"1892";"CONCESION A TITULO ONEROSO";"2-posible";"15134";"643721"
"Tarapacá";"POZO ALMONTE";"4295-90";"SANTA ROSA SIN NUMERO MANZANA 2 LOTE 3 COMUNA POZO ALMONTE";"5000";"EN USO RECUPERABLE (texto)";"2-posible";"15000";"638021"
"Tarapacá";"POZO ALMONTE";"SIN ROL";"CALLE PUBLICA SIN NUMERO COMUNA POZO ALMONTE";"5000";"EN USO RECUPERABLE (texto)";"2-posible";"15000";"638021"
"Antofagasta";"SIERRA GORDA";"6050-2";"PROLONGACION CALLE OHIGGINS 03 COMUNA SIERRA GORDA";"7431";"CONCESION GRATUITA";"2-posible";"14862";"632151"
"Tarapacá";"POZO ALMONTE";"PREASIGNADO";"CALLE ALDUNATE SIN NUMERO COMUNA POZO ALMONTE";"4900";"EN USO RECUPERABLE (texto)";"2-posible";"14700";"625261"
"Antofagasta";"CALAMA";"5303-12";"LUIS CALLEJAS ROJAS SIN NUMERO PUERTO SECO SITIO 2 MANZANA C-1 COMUNA CALAMA";"1832";"CONCESION A TITULO ONEROSO";"2-posible";"14655";"623347"
"Antofagasta";"MEJILLONES";"10000-12";"LOCALIDAD DE MICHILLA SIN NUMERO COMUNA MEJILLONES";"2746";"CONCESION GRATUITA";"2-posible";"13732";"584087"
"Antofagasta";"SIERRA GORDA";"6404-1";"LOCALIDAD DE BAQUEDANO COMUNA SIERRA GORDA";"6818";"CONCESION GRATUITA";"2-posible";"13636";"580004"
"Antofagasta";"MEJILLONES";"301-5";"LOTE 1 MANZANA 3 SECTOR SUR DE MEJILLONES COMUNA MEJILLONES";"2661";"CONCESION GRATUITA";"2-posible";"13303";"565840"
"Antofagasta";"SIERRA GORDA";"6039-1";"LOCALIDAD DE SIERRA GORDA COMUNA SIERRA GORDA";"6538";"CONCESION GRATUITA";"2-posible";"13077";"556227"
"Tarapacá";"ALTO HOSPICIO";"PREASIGNADO";"CALLE LOS AROMOS SIN NUMERO COMUNA DE ALTO HOSPICIO";"2575";"EN USO RECUPERABLE (texto)";"2-posible";"12874";"547592"
"Tarapacá";"ALTO HOSPICIO";"PREASIGNADO";"CALLE SANTA ROSA DE MOLLE SIN NUMERO COMUNA ALTO HOSPICIO";"2534";"EN USO RECUPERABLE (texto)";"2-posible";"12669";"538873"
"Antofagasta";"ANTOFAGASTA";"1730-9";"PASAJE OLLAGUE CON CALLE ELQUI COMUNA ANTOFAGASTA";"836";"CONCESION GRATUITA";"2-posible";"12537";"533258"
"Tarapacá";"ALTO HOSPICIO";"5305-3";"LOTE 6 MANZANA C COMUNA ALTO HOSPICIO";"2501";"EN USO RECUPERABLE (texto)";"2-posible";"12503";"531812"
"Tarapacá";"ALTO HOSPICIO";"PREASIGNADO";"PARCELA 13-A COMUNA ALTO HOSPICIO";"2500";"EN USO RECUPERABLE (texto)";"2-posible";"12500";"531684"
"Tarapacá";"ALTO HOSPICIO";"PREASIGNADO";"PROLONGACION AVENIDA LOS AROMOS COMUNA ALTO HOSPICIO";"2500";"EN USO RECUPERABLE (texto)";"2-posible";"12500";"531684"
"Antofagasta";"ANTOFAGASTA";"1790-5";"PASAJE LA UNION 1105 COMUNA ANTOFAGASTA";"827";"CONCESION GRATUITA";"2-posible";"12411";"527899"
"Tarapacá";"ALTO HOSPICIO";"PREASIGNADO";"AVENIDA RICARDO LAGOS NUMERO 47 COMUNA ALTO HOSPICIO";"2463";"EN USO RECUPERABLE (texto)";"2-posible";"12317";"523900"
"Antofagasta";"ANTOFAGASTA";"563-21";"LOTE 1 AVELINO CONTARDO ENTRE GUACOLDA Y LAS BRISAS VILLA ESMERALDA COMUNA ANTOFAGASTA";"791";"CONCESION GRATUITA";"2-posible";"11868";"504802"
"Antofagasta";"SIERRA GORDA";"6420-2";"AL ESTE DE AVENIDA SALVADOR ALLENDE LOCALIDAD BAQUEDANO COMUNA SIERRA GORDA";"5868";"CONCESION GRATUITA";"2-posible";"11735";"499145"
"Tarapacá";"ALTO HOSPICIO";"6327-1";"AVENIDA LAS AMERICAS SIN NUMERO ESQUINA CALLE CONTINENTAL";"2240";"EN USO RECUPERABLE (texto)";"2-posible";"11200";"476389"
"Antofagasta";"ANTOFAGASTA";"1000-21";"COVADONGA NUEVA 851-871 MANZANA 1000 SITIO 21 COMUNA ANTOFAGASTA";"742";"CONCESION GRATUITA";"2-posible";"11128";"473327"
"Antofagasta";"SIERRA GORDA";"6027-1";"LOTE B LOCALIDAD DE SIERRA GORDA COMUNA SIERRA GORDA";"5492";"CONCESION GRATUITA";"2-posible";"10984";"467202"
"Antofagasta";"SIERRA GORDA";"6026-1";"LOTE A LOCALIDAD DE SIERRA GORDA COMUNA SIERRA GORDA";"5462";"CONCESION GRATUITA";"2-posible";"10924";"464649"
"Antofagasta";"MEJILLONES";"301-6";"LOTE 2 MANZANA 3 SECTOR SUR DE MEJILLONES COMUNA MEJILLONES";"2182";"CONCESION GRATUITA";"2-posible";"10911";"464097"
"Antofagasta";"MEJILLONES";"2001-8";"MORRO MORENO COMUNA MEJILLONES";"2100";"CONCESION GRATUITA";"2-posible";"10500";"446615"
"Antofagasta";"SIERRA GORDA";"6050-3";"PROLONGACION CALLE OHIGGINS 05 LOCALIDAD DE SIERRA GORDA COMUNA SIERRA GORDA";"5126";"CONCESION GRATUITA";"2-posible";"10252";"436066"
"Antofagasta";"SIERRA GORDA";"6319-1";"A 81,50 M AL NORESTE DE LA CALLE RAMON BARROS LUCO LOCALIDAD DE BAQUEDANO COMUNA SIERRA GORDA";"5060";"CONCESION GRATUITA";"2-posible";"10121";"430494"
"Antofagasta";"MEJILLONES";"606-3";"MANZANA J SITIO 3 SECTOR SUR DE MEJILLONES COMUNA MEJILLONES";"2011";"ARRENDAMIENTO";"2-posible";"10055";"427687"
"Antofagasta";"ANTOFAGASTA";"448-6";"EDUARDO ORCHARD LOTE E POBLACION LA FAVORECEDORA COMUNA ANTOFAGASTA";"660";"CONCESION GRATUITA";"2-posible";"9905";"421307"
"Antofagasta";"ANTOFAGASTA";"325-9";"CALLE HOMERO AVILA SILVA 950 COMUNA ANTOFAGASTA";"649";"ARRENDAMIENTO";"2-posible";"9729";"413820"
"Antofagasta";"ANTOFAGASTA";"5712-9";"TRAVESIA DEL MIRADOR JARDINES DEL SUR COMUNA ANTOFAGASTA";"637";"CONCESION GRATUITA";"2-posible";"9552";"406292"
"Antofagasta";"SIERRA GORDA";"6365-1";"LOTE 1 A 600 METROS AL OESTE DE AVENIDA SALVADOR ALLENDE COMUNA SIERRA GORDA";"4757";"CONCESION GRATUITA";"2-posible";"9514";"404675"
"Antofagasta";"SIERRA GORDA";"6054-1";"LOCALIDAD DE SIERRA GORDA COMUNA SIERRA GORDA";"4708";"CONCESION GRATUITA";"2-posible";"9416";"400507"
"Antofagasta";"TALTAL";"369-17";"LOTE B BELMOR ROJAS ENTRE CARLOS IBANEZ Y DAVILA BAEZA SIN NUMERO COMUNA TALTAL";"3137";"CONCESION GRATUITA";"2-posible";"9411";"400294"
"Antofagasta";"ANTOFAGASTA";"1037-5";"LOTE A CIUDAD DE ANTOFAGASTA COMUNA ANTOFAGASTA";"614";"CONCESION GRATUITA";"2-posible";"9216";"392000"
"Antofagasta";"MEJILLONES";"NO ENROLADO";"MANZANA A SITIO 5-A COMUNA MEJILLONES";"1779";"ARRENDAMIENTO";"2-posible";"8893";"378261"
"Tarapacá";"IQUIQUE";"3053-2";"VICTOR GARRIDO SIN NUMERO - LOTE A-2 COMUNA IQUIQUE";"730";"EN USO RECUPERABLE (texto)";"2-posible";"8760";"372604"
"Antofagasta";"ANTOFAGASTA";"15013-6";"EL HUASCAR MANZANA C-S SITIO 6 COMUNA ANTOFAGASTA";"562";"ARRENDAMIENTO";"2-posible";"8432";"358653"
"Antofagasta";"ANTOFAGASTA";"1037-4";"LOTE B CIUDAD DE ANTOFAGASTA COMUNA ANTOFAGASTA";"560";"CONCESION GRATUITA";"2-posible";"8405";"357504"
"Antofagasta";"SIERRA GORDA";"6029-1";"AL SURESTE DE LA LOCALIDAD DE SIERRA GORDA COMUNA DE SIERRA GORDA";"4118";"CONCESION GRATUITA";"2-posible";"8236";"350316"
"Antofagasta";"SAN PEDRO DE ATACAMA";"4102-7";"CALLE LASCAR EQUIPAMIENTO 3 COMUNA SAN PEDRO DE ATACAMA";"2038";"ARRENDAMIENTO";"2-posible";"8152";"346743"
"Antofagasta";"CALAMA";"3301-716";"PUEBLO DE LASANA COMUNA CALAMA";"1012";"CONCESION GRATUITA";"2-posible";"8099";"344489"
"Antofagasta";"ANTOFAGASTA";"15011-8";"EL HUASCAR MANZANA A-S SITIO 8 COMUNA ANTOFAGASTA";"536";"ARRENDAMIENTO";"2-posible";"8037";"341852"
"Tarapacá";"ALTO HOSPICIO";"PREASIGNADO";"AVENIDA LOS ARENEROS SIN NUMERO COMUNA ALTO HOSPICIO";"1606";"EN USO RECUPERABLE (texto)";"2-posible";"8031";"341596"
"Antofagasta";"CALAMA";"6075-4";"SITIO 4 MANZANA D EL VERGEL COMUNA CALAMA";"1002";"ARRENDAMIENTO";"2-posible";"8017";"341001"
"Antofagasta";"MEJILLONES";"5127-1";"LOCALIDAD DE MICHILLA COMUNA MEJILLONES";"1598";"CONCESION GRATUITA";"2-posible";"7990";"339853"
"Antofagasta";"ANTOFAGASTA";"7472-1";"RIO SALADO CON INGENIERO HYATT COMUNA ANTOFAGASTA";"532";"CONCESION GRATUITA";"2-posible";"7980";"339427"
"Antofagasta";"CALAMA";"1240-42";"SITIO 9 AVENIDA TENIENTE MERINO VILLA LOS SALARES POBLACION EDUARDO FREI COMUNA CALAMA";"992";"CONCESION GRATUITA";"2-posible";"7937";"337598"
"Antofagasta";"MEJILLONES";"5128-4";"LOCALIDAD DE MICHILLA SIN NUMERO COMUNA MEJILLONES";"1571";"CONCESION GRATUITA";"2-posible";"7857";"334195"
"Antofagasta";"ANTOFAGASTA";"1527-13";"CALLE VALLENAR 678 POBLACION LAUTARO MANZANA I SITIO 7 F 2 COMUNA ANTOFAGASTA";"518";"CONCESION GRATUITA";"2-posible";"7768";"330410"
"Tarapacá";"HUARA";"2580-236";"LOTE A COMUNA HUARA";"3800";"EN USO RECUPERABLE (texto)";"2-posible";"7600";"323264"
"Antofagasta";"ANTOFAGASTA";"15008-17";"EL HUASCAR MANZANA C SITIO 17 COMUNA ANTOFAGASTA";"507";"ARRENDAMIENTO";"2-posible";"7599";"323221"
"Tarapacá";"ALTO HOSPICIO";"PREASIGNADO";"AVENIDA LOS AROMOS SIN NUMERO ALTO HOSPICIO";"1502";"EN USO RECUPERABLE (texto)";"2-posible";"7511";"319478"
"Antofagasta";"SAN PEDRO DE ATACAMA";"3750-111";"PUEBLO DE TALABRE COMUNA SAN PEDRO DE ATACAMA";"1870";"CONCESION GRATUITA";"2-posible";"7482";"318245"
"Antofagasta";"ANTOFAGASTA";"15011-7";"EL HUASCAR MANZANA A-S SITIO 7 COMUNA ANTOFAGASTA";"496";"ARRENDAMIENTO";"2-posible";"7435";"316246"
"Antofagasta";"CALAMA";"3301-713";"LOCALIDAD DE CHIU-CHIU COMUNA CALAMA";"923";"CONCESION GRATUITA";"2-posible";"7380";"313906"
"Antofagasta";"SIERRA GORDA";"6367-1";"LOCALIDAD DE BAQUEDANO COMUNA SIERRA GORDA";"3658";"CONCESION GRATUITA";"2-posible";"7317";"311227"
"Tarapacá";"HUARA";"PREASIGNADO";"LOTE B COMUNA HUARA";"3600";"EN USO RECUPERABLE (texto)";"2-posible";"7200";"306250"
"Antofagasta";"ANTOFAGASTA";"16113-5";"PASAJE LOS DIAMNTES 822 LA CHIMBA MANZANA 3 SITIO 8 COMUNA ANTOFAGASTA";"480";"CONCESION GRATUITA";"2-posible";"7200";"306250"
"Antofagasta";"ANTOFAGASTA";"15011-10";"EL HUASCAR MANZANA A-S SITIO 10 COMUNA ANTOFAGASTA";"477";"ARRENDAMIENTO";"2-posible";"7158";"304464"
"Antofagasta";"ANTOFAGASTA";"7470-1";"CALLE HUAMACHUCO 8959 POBLACION OSCAR BONILLA COMUNA ANTOFAGASTA";"476";"CONCESION GRATUITA";"2-posible";"7140";"303698"
"Antofagasta";"ANTOFAGASTA";"7471-1";"RIO SALADO CON HUAMACHUCO SIN NUMERO COMUNA ANTOFAGASTA";"476";"CONCESION GRATUITA";"2-posible";"7140";"303698"
"Antofagasta";"SAN PEDRO DE ATACAMA";"3750-1";"PUEBLO DE TALABRE COMUNA SAN PEDRO DE ATACAMA";"1745";"CONCESION GRATUITA";"2-posible";"6980";"296892"
"Antofagasta";"CALAMA";"6080-5";"SITIO 1 MANZANA C EL VERGEL COMUNA CALAMA";"858";"ARRENDAMIENTO";"2-posible";"6866";"292044"
"Antofagasta";"ANTOFAGASTA";"15011-5";"EL HUASCAR MANZANA A-S SITIO 5 COMUNA ANTOFAGASTA";"456";"ARRENDAMIENTO";"2-posible";"6839";"290895"
"Antofagasta";"ANTOFAGASTA";"15011-6";"EL HUASCAR MANZANA A-S SITIO 6 COMUNA ANTOFAGASTA";"452";"ARRENDAMIENTO";"2-posible";"6776";"288215"
"Antofagasta";"ANTOFAGASTA";"15011-12";"BALTAZAR LEIGHTON MANZANA A-S SITIO 12 SECTOR EL HUASCAR COMUNA ANTOFAGASTA";"450";"ARRENDAMIENTO";"2-posible";"6750";"287109"
"Antofagasta";"ANTOFAGASTA";"15012-8";"CALLE 6 MANZANA B S SITIO 8 BALNEARIO EL HUASCAR COMUNA ANTOFAGASTA";"450";"ARRENDAMIENTO";"2-posible";"6748";"287024"
"Antofagasta";"SAN PEDRO DE ATACAMA";"3452-7";"SITIO 7 MANZANA H POBLACION PUNTA DE DIAMANTE LOCALIDAD DE SAN PEDRO DE ATACAMA COMUNA SAN PE";"1685";"CONCESION GRATUITA";"2-posible";"6741";"286727"
"Antofagasta";"ANTOFAGASTA";"15012-9";"CALLE 6 MANZANA B-S SITIO 9 BALNEARIO EL HUASCAR SUR COMUNA ANTOFAGASTA";"447";"ARRENDAMIENTO";"2-posible";"6703";"285110"
"Antofagasta";"MEJILLONES";"601-12";"MANZANA A SITIO 12 SECTOR SUR DE MEJILLONES COMUNA MEJILLONES";"1340";"ARRENDAMIENTO";"2-posible";"6699";"284940"
"Antofagasta";"ANTOFAGASTA";"15011-3";"EL HUASCAR MANZANA A-S SITIO 3 COMUNA ANTOFAGASTA";"446";"ARRENDAMIENTO";"2-posible";"6692";"284642"
"Antofagasta";"ANTOFAGASTA";"15012-2";"BALNEARIO HUASCAR SUR MANZANA B-S SITIO 2 COMUNA ANTOFAGASTA";"446";"ARRENDAMIENTO";"2-posible";"6686";"284387"
"Antofagasta";"ANTOFAGASTA";"15008-21";"BALNEARIO EL HUASCAR MANZANA C SITIO 21 COMUNA ANTOFAGASTA";"443";"ARRENDAMIENTO";"2-posible";"6647";"282728"
"Antofagasta";"ANTOFAGASTA";"15011-2";"EL HUASCAR MANZANA A-S SITIO 2 COMUNA ANTOFAGASTA";"437";"ARRENDAMIENTO";"2-posible";"6554";"278773"
"Antofagasta";"ANTOFAGASTA";"15012-9";"EL HUASCAR SITIO 6 MANZANA C COMUNA ANTOFAGASTA";"436";"ARRENDAMIENTO";"2-posible";"6543";"278305"
"Antofagasta";"ANTOFAGASTA";"15201-1 15201-2 15201-31";"SECTOR COLOSO DE LA CIUDAD DE ANTOFAGASTA COMUNA ANTOFAGASTA";"432";"CONCESION GRATUITA";"2-posible";"6480";"275625"
"Antofagasta";"ANTOFAGASTA";"15011-4";"EL HUASCAR MANZANA A-S SITIO 4 COMUNA ANTOFAGASTA";"432";"ARRENDAMIENTO";"2-posible";"6479";"275583"
"Tarapacá";"POZO ALMONTE";"PREASIGNADO";"CALLE ALDUNATE SIN NUMERO COMUNA POZO ALMONTE";"2156";"EN USO RECUPERABLE (texto)";"2-posible";"6468";"275115"
"Antofagasta";"ANTOFAGASTA";"15011-13";"EL HUASCAR MANZANA A-S SITIO 13 COMUNA ANTOFAGASTA";"430";"ARRENDAMIENTO";"2-posible";"6450";"274349"
"Antofagasta";"SIERRA GORDA";"6101-8";"AL NOROESTE DE LA LOCALIDAD DE SIERRA GORDA COMUNA SIERRA GORDA";"3200";"CONCESION GRATUITA";"2-posible";"6400";"272222"
"Antofagasta";"MEJILLONES";"608-7";"MANZANA H SITIO 7 SECTOR SUR DE MEJILLONES COMUNA MEJILLONES";"1271";"ARRENDAMIENTO";"2-posible";"6355";"270308"
"Antofagasta";"MEJILLONES";"608-4";"MANZANA H SITIO 4 SECTOR SUR DE MEJILLONES COMUNA MEJILLONES";"1271";"ARRENDAMIENTO";"2-posible";"6355";"270308"
"Antofagasta";"ANTOFAGASTA";"15013-8";"EL HUASCAR MANZANA C-S SITIO 8 COMUNA ANTOFAGASTA";"420";"ARRENDAMIENTO";"2-posible";"6301";"268011"
"Antofagasta";"ANTOFAGASTA";"15001-3";"CALLE 2 MANZANA E SITIO 3 COMUNA ANTOFAGASTA";"418";"ARRENDAMIENTO";"2-posible";"6270";"266693"
"Tarapacá";"POZO ALMONTE";"PREASIGNADO";"CALLE LUIS YANEZ BRICENO ESQUINA CALLE ANDRES FARIAS COMUNA DE POZO ALMONTE";"2087";"EN USO RECUPERABLE (texto)";"2-posible";"6262";"266353"
"Antofagasta";"ANTOFAGASTA";"15015-2";"EL HUASCAR MANZANA D-S SITIO 2 COMUNA ANTOFAGASTA";"416";"ARRENDAMIENTO";"2-posible";"6246";"265672"
"Antofagasta";"CALAMA";"6074-6";"SITIO 6 MANZANA C EL VERGEL COMUNA CALAMA";"780";"CONCESION GRATUITA";"2-posible";"6242";"265502"
"Antofagasta";"CALAMA";"1240-27";"SITIO 20 MANZANA A POBLACION EDUARDO FREI COMUNA CALAMA";"779";"CONCESION GRATUITA";"2-posible";"6233";"265119"
"Antofagasta";"SIERRA GORDA";"6430-1";"CALLE ELEUTERIO RAMIREZ COMUNA SIERRA GORDA";"3109";"CONCESION GRATUITA";"2-posible";"6219";"264524"
"Antofagasta";"ANTOFAGASTA";"15008-5";"BALNEARIO EL HUASCAR MANZANA C SITIO 5 COMUNA ANTOFAGASTA";"414";"ARRENDAMIENTO";"2-posible";"6213";"264268"
"Antofagasta";"SAN PEDRO DE ATACAMA";"4101-5";"MANZANA A EQUIPAMIENTO COMUNITARIO 05 SECTOR ADUANA COMUNA SAN PEDRO DE ATACAMA";"1553";"CONCESION GRATUITA";"2-posible";"6212";"264226"
"Antofagasta";"ANTOFAGASTA";"15003-4";"EL HUASCAR MANZANA A SITIO 4 COMUNA ANTOFAGASTA";"411";"ARRENDAMIENTO";"2-posible";"6161";"262057"
"Antofagasta";"ANTOFAGASTA";"15009-4";"BALNEARIO EL HUASCAR SITIO 4 MANZANA D COMUNA ANTOFAGASTA";"411";"ARRENDAMIENTO";"2-posible";"6159";"261971"
"Antofagasta";"ANTOFAGASTA";"15013-13";"EL HUASCAR MANZANA C-S SITIO 13 COMUNA ANTOFAGASTA";"410";"ARRENDAMIENTO";"2-posible";"6155";"261801"
"Antofagasta";"MEJILLONES";"601-5";"MANZANA A SITIO 5 SECTOR SUR DE MEJILLONES COMUNA MEJILLONES";"1219";"ARRENDAMIENTO";"2-posible";"6097";"259334"
"Antofagasta";"ANTOFAGASTA";"15013-2";"CIRCUNVALACION MANZANA C-S SITIO 2 COMUNA ANTOFAGASTA";"404";"ARRENDAMIENTO";"2-posible";"6061";"257803"
"Antofagasta";"ANTOFAGASTA";"15003-3";"EL HUASCAR MANZANA A SITIO 3 COMUNA ANTOFAGASTA";"402";"ARRENDAMIENTO";"2-posible";"6036";"256740"
"Antofagasta";"ANTOFAGASTA";"15013-4";"EL HUASCAR MANZANA C-S SITIO 4 COMUNA ANTOFAGASTA";"399";"ARRENDAMIENTO";"2-posible";"5991";"254826"
"Antofagasta";"SAN PEDRO DE ATACAMA";"3516-6";"POBLACION CONDE DUQUE MANZANA G SITIO 6 SAN PEDRO DE ATACAMA";"1498";"ARRENDAMIENTO";"2-posible";"5991";"254826"
"Antofagasta";"ANTOFAGASTA";"15006-6";"PASAJE 5 MANZANA B SITIO 6 EL HUASCAR COMUNA ANTOFAGASTA";"399";"ARRENDAMIENTO";"2-posible";"5990";"254783"
"Antofagasta";"SAN PEDRO DE ATACAMA";"3800-3";"PUEBLO DE TOCONAO SIN NUMERO COMUNA SAN PEDRO DE ATACAMA";"1497";"CONCESION GRATUITA";"2-posible";"5988";"254698"
"Antofagasta";"ANTOFAGASTA";"15008-1";"ELIAS ARANGUIZ 06270 MANZANA C SITIO 1 COMUNA ANTOFAGASTA";"398";"ARRENDAMIENTO";"2-posible";"5977";"254230"
"Tarapacá";"ALTO HOSPICIO";"5302-6";"SITIO 8 MANZANA C COMUNA ALTO HOSPICIO";"1186";"EN USO RECUPERABLE (texto)";"2-posible";"5929";"252188"
"Antofagasta";"ANTOFAGASTA";"15015-10";"EL HUASCAR MANZANA D-S SITIO 10 COMUNA ANTOFAGASTA";"395";"ARRENDAMIENTO";"2-posible";"5926";"252061"
"Antofagasta";"ANTOFAGASTA";"15016-3";"EL HUASCAR MANZANA E-S SITIO 3 COMUNA ANTOFAGASTA";"392";"ARRENDAMIENTO";"2-posible";"5875";"249892"
"Antofagasta";"SIERRA GORDA";"6101-7";"LOCALIDAD DE SIERRA GORDA COMUNA SIERRA GORDA";"2900";"CONCESION GRATUITA";"2-posible";"5800";"246701"
"Antofagasta";"ANTOFAGASTA";"15013-12";"CALLE ALTA MANZANA C-S SITIO 12 BALNEARIO EL HUASCAR COMUNA ANTOFAGASTA";"386";"ARRENDAMIENTO";"2-posible";"5796";"246531"
"Antofagasta";"ANTOFAGASTA";"15008-2";"EL HUASCAR MANZANA C SITIO 2 COMUNA ANTOFAGASTA";"385";"ARRENDAMIENTO";"2-posible";"5777";"245723"
"Antofagasta";"ANTOFAGASTA";"15008-3";"EL HUASCAR MANZANA C SITIO 3 COMUNA ANTOFAGASTA";"385";"ARRENDAMIENTO";"2-posible";"5777";"245723"
"Antofagasta";"ANTOFAGASTA";"15008-20";"EL HUASCAR MANZANA C SITIO 20 COMUNA ANTOFAGASTA";"380";"ARRENDAMIENTO";"2-posible";"5700";"242448"
"Antofagasta";"ANTOFAGASTA";"15013-10";"SITIO 10 MANZANA Cs BALNEARIO EL HUASCAR COMUNA ANTOFAGASTA";"374";"ARRENDAMIENTO";"2-posible";"5613";"238747"
"Antofagasta";"ANTOFAGASTA";"3017-3";"POBLACION COVIEFI COMUNA ANTOFAGASTA";"373";"CONCESION GRATUITA";"2-posible";"5600";"238195"
"Antofagasta";"ANTOFAGASTA";"1258-2 1258-3";"SITIO 2 Y 3 POBLACION CHILE COMUNA ANTOFAGASTA";"373";"CONCESION GRATUITA";"2-posible";"5595";"237982"
"Antofagasta";"SAN PEDRO DE ATACAMA";"3760-355";"CALLE LATORRE 143 PUEBLO DE PEINE COMUNA SAN PEDRO DE ATACAMA";"1395";"CONCESION GRATUITA";"2-posible";"5578";"237259"
"Antofagasta";"ANTOFAGASTA";"15008-23";"EL HUASCAR MANZANA C SITIO 23 COMUNA ANTOFAGASTA";"370";"ARRENDAMIENTO";"2-posible";"5549";"236025"
"Antofagasta";"TOCOPILLA";"248-001";"PLACILLA SUR 1205 MANZANA 122 SITIO 20 COMUNA TOCOPILLA";"1380";"CONCESION GRATUITA";"2-posible";"5520";"234792"
"Antofagasta";"ANTOFAGASTA";"15003-5";"EL HUASCAR SITIO 5 MANZANA A COMUNA ANTOFAGASTA";"368";"ARRENDAMIENTO";"2-posible";"5515";"234579"
"Antofagasta";"ANTOFAGASTA";"15013-5";"EL HUASCAR MANZANA C-S SITIO 5 COMUNA ANTOFAGASTA";"362";"ARRENDAMIENTO";"2-posible";"5429";"230921"
"Antofagasta";"CALAMA";"6073-7";"SITIO 7 MANZANA B EL VERGEL COMUNA CALAMA";"677";"ARRENDAMIENTO";"2-posible";"5419";"230496"
"Antofagasta";"MEJILLONES";"603-11";"MANZANA C SITIO 11 SECTOR SUR DE MEJILLONES COMUNA MEJILLONES";"1083";"ARRENDAMIENTO";"2-posible";"5416";"230368"
"Antofagasta";"CALAMA";"6077-2";"SITIO 2 MANZANA F EL VERGEL COMUNA CALAMA";"676";"ARRENDAMIENTO";"2-posible";"5408";"230028"
"Antofagasta";"SAN PEDRO DE ATACAMA";"4100-2";"CALLE SOCAIRE COMUNA SAN PEDRO DE ATACAMA";"1349";"CONCESION GRATUITA";"2-posible";"5395";"229475"
"Antofagasta";"ANTOFAGASTA";"15013-11";"VICENTE CABALLEROS 6700 MANZANA C-S SITIO 11 EL HUASCAR COMUNA ANTOFAGASTA";"359";"ARRENDAMIENTO";"2-posible";"5389";"229220"
"Antofagasta";"ANTOFAGASTA";"15005-8";"MANZANA G SITIO 8 BALNEARIO EL HUASCAR COMUNA ANTOFAGASTA";"356";"ARRENDAMIENTO";"2-posible";"5337";"227008"
"Tarapacá";"POZO ALMONTE";"PREASIGNADO";"CALLE ALDUNATE SIN NUMERO COMUNA POZO ALMONTE";"1766";"EN USO RECUPERABLE (texto)";"2-posible";"5298";"225349"
"Antofagasta";"ANTOFAGASTA";"15002-2";"EL HUASCAR MANZANA F SITIO 2 COMUNA ANTOFAGASTA";"352";"ARRENDAMIENTO";"2-posible";"5274";"224328"
"Tarapacá";"ALTO HOSPICIO";"SIN ROL";"CALLE JERUSALEN SIN NUMERO COMUNA ALTO HOSPICIO";"1053";"EN USO RECUPERABLE (texto)";"2-posible";"5266";"223988"
"Antofagasta";"ANTOFAGASTA";"15006-9";"MANZANA B SITIO 9 BALNEARIO EL HUASCAR COMUNA ANTOFAGASTA";"351";"ARRENDAMIENTO";"2-posible";"5261";"223775"
"Antofagasta";"MEJILLONES";"607-7";"MANZANA I SITIO 7 SECTOR SUR DE MEJILLONES COMUNA MEJILLONES";"1029";"ARRENDAMIENTO";"2-posible";"5143";"218756"
"Antofagasta";"ANTOFAGASTA";"15001-6";"CALLE 3 MANZANA E SITIO 6 BALNEARIO EL HUASCAR COMUNA ANTOFAGASTA";"340";"ARRENDAMIENTO";"2-posible";"5093";"216629"
"Antofagasta";"ANTOFAGASTA";"15007-5";"EL HUASCAR MANZANA K-2 SITIO 5 COMUNA ANTOFAGASTA";"335";"ARRENDAMIENTO";"2-posible";"5019";"213482"
"Tarapacá";"ALTO HOSPICIO";"PREASIGNADO";"CALLLE JERUSALEN SIN NUMERO EX PARCELA 18 LOTE B ALTO HOSPICIO";"1002";"EN USO RECUPERABLE (texto)";"2-posible";"5011";"213142"
"Tarapacá";"ALTO HOSPICIO";"5302-10";"CALLE LUIS EMILIO RECABARREN ESQUINA ITALO SCIARAFFIA LOTE B SECTOR EL BORO";"1002";"EN USO RECUPERABLE (texto)";"2-posible";"5008";"213014"
"Antofagasta";"MEJILLONES";"604-5";"MANZANA D SITIO 5 SECTOR SUR DE MEJILLONES COMUNA MEJILLONES";"1000";"ARRENDAMIENTO";"2-posible";"5000";"212674"
"Antofagasta";"ANTOFAGASTA";"15006-11";"EL HUASCAR MANZANA B SITIO 11 COMUNA ANTOFAGASTA";"331";"ARRENDAMIENTO";"2-posible";"4966";"211228"
"Antofagasta";"ANTOFAGASTA";"15005-2";"EL HUASCAR MANZANA G SITIO 2 COMUNA ANTOFAGASTA";"331";"ARRENDAMIENTO";"2-posible";"4962";"211057"
"Antofagasta";"ANTOFAGASTA";"5927-6";"AVENIDA LUIS CRUZ MARTINEZ COMUNA ANTOFAGASTA";"324";"CONCESION GRATUITA";"2-posible";"4860";"206719"
"Antofagasta";"ANTOFAGASTA";"15003-16";"PASAJE 1 MANZANA A SITIO 16 SECTOR EL HUASCAR COMUNA ANTOFAGASTA";"322";"ARRENDAMIENTO";"2-posible";"4830";"205443"
"Antofagasta";"ANTOFAGASTA";"1730-2";"HUASCO ESQUINA OLLAGUE POBLACION EL GOLF COMUNA ANTOFAGASTA";"321";"CONCESION GRATUITA";"2-posible";"4814";"204762"
"Antofagasta";"ANTOFAGASTA";"454-7";"SITIOS 5 Y 7 MANZANA 3 POBLACION COVADONGA COMUNA ANTOFAGASTA";"320";"CONCESION GRATUITA";"2-posible";"4800";"204167"
"Antofagasta";"ANTOFAGASTA";"847-12";"WASHINGTON 2527 PISO 2 COMUNA ANTOFAGASTA";"319";"CONCESION GRATUITA";"2-posible";"4785";"203529"
"Antofagasta";"SIERRA GORDA";"6033-1";"CALLE ELEUTERIO RAMIREZ CON AVENIDA EDUARDO FREI MONTALVA LOTE 1 COMUNA SIERRA GORDA";"2371";"CONCESION GRATUITA";"2-posible";"4742";"201700"
"Antofagasta";"SAN PEDRO DE ATACAMA";"3515-139";"LOTE 3 AYLLO DE CONDE DUQUE COMUNA SAN PEDRO DE ATACAMA";"1184";"ARRENDAMIENTO";"2-posible";"4737";"201487"
"Antofagasta";"MEJILLONES";"224-4";"BALNEARIO PUNTA ITATA MANZANA 16 SITIO 4 COMUNA MEJILLONES";"936";"ARRENDAMIENTO";"2-posible";"4680";"199063"
"Antofagasta";"ANTOFAGASTA";"15013-9";"BALNEARIO EL HUASCAR MANZANA C-S SITIO 9 COMUNA ANTOFAGASTA";"312";"ARRENDAMIENTO";"2-posible";"4674";"198807"
"Antofagasta";"SIERRA GORDA";"6025-1";"A 43 M AL SURESTE DE CALLE ARTURO PRAT COMUNA SIERRA GORDA";"2325";"CONCESION GRATUITA";"2-posible";"4650";"197787"
"Antofagasta";"ANTOFAGASTA";"15015-9";"BALNEARIO EL HUASCAR SUR MANZANA D-S SITIO 9 COMUNA ANTOFAGASTA";"308";"ARRENDAMIENTO";"2-posible";"4619";"196468"
"Antofagasta";"SAN PEDRO DE ATACAMA";"4504-12";"MANZANA E SITIO 18 LOTEO VILLA ALTO MIRADOR COMUNA SAN PEDRO DE ATACAMA";"1128";"ARRENDAMIENTO";"2-posible";"4511";"191874"
"Antofagasta";"ANTOFAGASTA";"15015-8";"CIRCUNVALACION MANZANA D-S SITIO 8 COMUNA ANTOFAGASTA";"300";"ARRENDAMIENTO";"2-posible";"4500";"191406"
"Antofagasta";"MEJILLONES";"504-4";"CANIL MUNICIPAL MEJILLONES COMUNA MEJILLONES";"900";"CONCESION GRATUITA";"2-posible";"4500";"191406"
"Antofagasta";"ANTOFAGASTA";"15015-7";"HUASCAR MANZANA D-S SITIO 7 COMUNA ANTOFAGASTA";"299";"ARRENDAMIENTO";"2-posible";"4479";"190513"
"Antofagasta";"MEJILLONES";"101-252";"BALNEARIO HORNITOS SITIO 222 COMUNA MEJILLONES";"895";"ARRENDAMIENTO";"2-posible";"4475";"190343"
"Antofagasta";"MEJILLONES";"222-2";"BALNEARIO PUNTA ITATA MANZANA 14 SITIO 2 COMUNA MEJILLONES";"892";"CONCESION GRATUITA";"2-posible";"4462";"189790"
"Antofagasta";"TALTAL";"507-63";"APROX A 75 KMS AL NORESTE DE LA CIUDAD DE TALTAL COMUNA TALTAL";"1480";"ARRENDAMIENTO, CONCESION A TITULO ONEROSO";"2-posible";"4440";"188854"
"Antofagasta";"SAN PEDRO DE ATACAMA";"3748-17";"CALLE PEDRO LAGOS PUEBLO DE CAMAR COMUNA SAN PEDRO DE ATACAMA";"1100";"CONCESION GRATUITA";"2-posible";"4400";"187153"
"Antofagasta";"ANTOFAGASTA";"6099-1";"PASAJE OSCAR BONILLA 8527 COMUNA ANTOFAGASTA";"293";"CONCESION GRATUITA";"2-posible";"4390";"186727"
"Antofagasta";"MEJILLONES";"5128-2";"LOCALIDAD DE MICHILLA SIN NUMERO COMUNA MEJILLONES";"875";"CONCESION GRATUITA";"2-posible";"4375";"186089"
"Antofagasta";"ANTOFAGASTA";"15013-14";"EL HUASCAR MANZANA C-S SITIO 14 COMUNA ANTOFAGASTA";"291";"ARRENDAMIENTO";"2-posible";"4370";"185877"
"Antofagasta";"OLLAGUE";"3431-1";"PUEBLO DE OLLAGUE COMUNA OLLAGUE";"4307";"CONCESION GRATUITA";"2-posible";"4307";"183197"
"Antofagasta";"SIERRA GORDA";"6032-3";"LOCALIDAD DE SIERRA GORDA SIN NUMERO COMUNA SIERRA GORDA";"2151";"CONCESION GRATUITA";"2-posible";"4302";"182984"
"Antofagasta";"ANTOFAGASTA";"01691-10";"MANZANA 20-F SITIO 34 COMUNA ANTOFAGASTA";"281";"CONCESION GRATUITA";"2-posible";"4218";"179412"
"Tarapacá";"POZO ALMONTE";"PREASIGNADO";"CALLE PROYECTADA SIN NUMERO COMUNA POZO ALMONTE";"1400";"EN USO RECUPERABLE (texto)";"2-posible";"4200";"178646"
"Antofagasta";"SAN PEDRO DE ATACAMA";"3515-166";"AYLLO CONDE DUQUE COMUNA SAN PEDRO DE ATACAMA";"1043";"ARRENDAMIENTO";"2-posible";"4173";"177497"
"Antofagasta";"TOCOPILLA";"147-23";"CIENFUEGOS 1397 COMUNA TOCOPILLA";"1020";"CONCESION GRATUITA";"2-posible";"4080";"173542"
"Antofagasta";"SAN PEDRO DE ATACAMA";"3510-150";"CALLEJON FLORES AYLLO DE QUITOR COMUNA SAN PEDRO DE ATACAMA";"1000";"ARRENDAMIENTO";"2-posible";"4000";"170139"
"Antofagasta";"SAN PEDRO DE ATACAMA";"4306-13";"SITIO 13 MANZANA G SECTOR ADUANA COMUNA SAN PEDRO DE ATACAMA";"1000";"ARRENDAMIENTO";"2-posible";"4000";"170139"
"Tarapacá";"ALTO HOSPICIO";"PREASIGNADO";"LOS ARENEROS SIN NUMERO MANZANA C LOTE 10 COMUNA ALTO HOSPICIO";"799";"EN USO RECUPERABLE (texto)";"2-posible";"3996";"169969"
"Tarapacá";"ALTO HOSPICIO";"PREASIGNADO";"PASAJE PUBLICO SIN NUEMRO COMUNA ALTO HOSPICIO";"787";"EN USO RECUPERABLE (texto)";"2-posible";"3937";"167459"
"Antofagasta";"OLLAGUE";"3419-12";"SITIO 4 MANZANA C PUEBLO DE OLLAGUE COMUNA OLLAGUE";"3851";"CONCESION GRATUITA";"2-posible";"3851";"163801"
"Antofagasta";"ANTOFAGASTA";"15007-23";"EL HUASCAR MANZANA K-2 SITIO 17 COMUNA ANTOFAGASTA";"251";"ARRENDAMIENTO";"2-posible";"3767";"160228"
"Antofagasta";"ANTOFAGASTA";"15007-22";"EL HUASCAR MANZANA K-2 SITIO 16 COMUNA ANTOFAGASTA";"251";"ARRENDAMIENTO";"2-posible";"3767";"160228"
"Tarapacá";"IQUIQUE";"320-12";"TARAPACA 781 IQUIQUE";"313";"EN USO RECUPERABLE (texto)";"2-posible";"3762";"160016"
"Antofagasta";"OLLAGUE";"3426-2";"LOCALIDAD DE OLLAGUE COMUNA OLLAGUE";"3724";"CONCESION GRATUITA";"2-posible";"3724";"158399"
"Antofagasta";"MEJILLONES";"1003-1";"SECTOR BALNEARIO HORNITOS COMUNA MEJILLONES";"745";"CONCESION GRATUITA";"2-posible";"3724";"158399"
"Antofagasta";"SIERRA GORDA";"6330-3";"CALLE JAIME GUZMAN COMUNA SIERRA GORDA";"1838";"CONCESION GRATUITA";"2-posible";"3675";"156315"
"Tarapacá";"ALTO HOSPICIO";"PREASIGNADO";"ESQUINA PASAJE 8 Y CALLE 7 COMUNA ALTO HOSPICIO";"732";"EN USO RECUPERABLE (texto)";"2-posible";"3660";"155677"
"Antofagasta";"CALAMA";"6079-8";"SITIO 8 MANZANA H EL VERGEL COMUNA CALAMA";"456";"ARRENDAMIENTO";"2-posible";"3646";"155082"
"Antofagasta";"TOCOPILLA";"347-4";"SECTOR BARRILES COMUNA TOCOPILLA";"900";"ARRENDAMIENTO, CONCESION A TITULO ONEROSO";"2-posible";"3600";"153125"
"Antofagasta";"ANTOFAGASTA";"15007-24";"EL HUASCAR MANZANA K-2 SITIO 18 COMUNA ANTOFAGASTA";"239";"CONCESION GRATUITA";"2-posible";"3587";"152572"
"Antofagasta";"CALAMA";"6072-4";"SITIO 4 MANZANA A EL VERGEL COMUNA CALAMA";"442";"ARRENDAMIENTO";"2-posible";"3536";"150403"
"Antofagasta";"OLLAGUE";"3415-2";"PUEBLO DE OLLAGUE SITIO 1 MANZANA K COMUNA OLLAGUE";"3482";"CONCESION GRATUITA";"2-posible";"3482";"148106"
"Antofagasta";"MEJILLONES";"101-134";"SITIO 69 B BALNEARIO HORNITOS COMUNA MEJILLONES";"696";"ARRENDAMIENTO";"2-posible";"3481";"148063"
"Antofagasta";"SAN PEDRO DE ATACAMA";"3471-12";"SITIO 64-D COMUNA SAN PEDRO DE ATACAMA";"869";"CONCESION GRATUITA";"2-posible";"3478";"147936"
"Antofagasta";"MARIA ELENA";"368-1";"ESTANQUES DE AGUA DE QUILLAGUA SIN NUMERO COMUNA MARIA ELENA";"1733";"CONCESION GRATUITA";"2-posible";"3466";"147425"
"Antofagasta";"SAN PEDRO DE ATACAMA";"3545-387";"SITIO 15 MANZANA I VILLA SOLOR COMUNA SAN PEDRO DE ATACAMA";"864";"ARRENDAMIENTO";"2-posible";"3455";"146958"
"Antofagasta";"ANTOFAGASTA";"683-20";"COQUIMBO 850 AL 854 COMUNA ANTOFAGASTA";"227";"CONCESION GRATUITA";"2-posible";"3407";"144916"
"Antofagasta";"ANTOFAGASTA";"448-4";"EDUARDO ORCHARD LOTE D POBLACION LA FAVORECEDORA COMUNA ANTOFAGASTA";"227";"CONCESION GRATUITA";"2-posible";"3406";"144873"
"Antofagasta";"ANTOFAGASTA";"5010-14";"POBLACION LOS PINARES SITIO 8B MANZANA J COMUNA ANTOFAGASTA";"226";"CONCESION GRATUITA";"2-posible";"3384";"143938"
"Antofagasta";"SAN PEDRO DE ATACAMA";"3545-395";"SITIO 7 MANZANA G AYLLO DE SOLOR COMUNA SAN PEDRO DE ATACAMA";"836";"ARRENDAMIENTO";"2-posible";"3342";"142151"
"Antofagasta";"SIERRA GORDA";"6335-1";"LOCALIDAD DE BAQUEDANO COMUNA SIERRA GORDA";"1656";"CONCESION GRATUITA";"2-posible";"3313";"140918"
"Antofagasta";"SAN PEDRO DE ATACAMA";"3545-392";"MANZANA G SITO 4 AYLLO DE SOLOR COMUNA SAN PEDRO DE ATACAMA";"827";"ARRENDAMIENTO";"2-posible";"3306";"140620"
"Antofagasta";"SAN PEDRO DE ATACAMA";"3545-358";"SITIO 10 MANZANA E VILLA SOLOR COMUNA SAN PEDRO DE ATACAMA";"820";"ARRENDAMIENTO";"2-posible";"3280";"139514"
"Antofagasta";"TALTAL";"615-2";"AVENIDA DEL MAR MANZANA E SITIO S-2 COMUNA TALTAL";"1092";"CONCESION GRATUITA";"2-posible";"3275";"139301"
"Antofagasta";"SAN PEDRO DE ATACAMA";"3545-368";"MANZANA H SITIO 8 AYLLO DE SOLOR COMUNA SAN PEDRO DE ATACAMA";"816";"ARRENDAMIENTO";"2-posible";"3264";"138833"
"Antofagasta";"SAN PEDRO DE ATACAMA";"3545-363";"SITIO 3 MANZANA H VILLA SOLOR COMUNA SAN PEDRO DE ATACAMA";"806";"ARRENDAMIENTO";"2-posible";"3223";"137089"
"Antofagasta";"SAN PEDRO DE ATACAMA";"3545-320";"MANZANA A SITIO 1 AYLLO DE SOLOR COMUNA SAN PEDRO DE ATACAMA";"804";"ARRENDAMIENTO";"2-posible";"3216";"136792"
"Antofagasta";"SAN PEDRO DE ATACAMA";"3545-391";"MANZANA G SITIO 3 AYLLO DE SOLOR COMUNA SAN PEDRO DE ATACAMA";"802";"ARRENDAMIENTO";"2-posible";"3207";"136409"
"Antofagasta";"SIERRA GORDA";"6400-1";"LOCALIDAD DE BAQUEDANO COMUNA SIERRA GORDA";"1598";"CONCESION GRATUITA";"2-posible";"3196";"135941"
"Antofagasta";"SAN PEDRO DE ATACAMA";"3545-362";"SITIO 2 MANZANA H VILLA SOLOR COMUNA SAN PEDRO DE ATACAMA";"798";"ARRENDAMIENTO";"2-posible";"3194";"135856"
"Antofagasta";"SAN PEDRO DE ATACAMA";"3545-389";"MANZANA G SITO 1 AYLLO DE SOLOR COMUNA SAN PEDRO DE ATACAMA";"792";"ARRENDAMIENTO";"2-posible";"3166";"134665"
"Antofagasta";"CALAMA";"6077-4";"SITIO 4 MANZANA F EL VERGEL COMUNA CALAMA";"396";"ARRENDAMIENTO";"2-posible";"3165";"134622"
"Antofagasta";"MEJILLONES";"222-6";"BALNEARIO PUNTA ITATA MANZANA 14 SITIO 6 COMUNA MEJILLONES";"629";"CONCESION GRATUITA";"2-posible";"3143";"133687"
"Antofagasta";"ANTOFAGASTA";"448-4";"EDUARDO ORCHARD LOTE C POBLACION LA FAVORECEDORA COMUNA ANTOFAGASTA";"208";"CONCESION GRATUITA";"2-posible";"3126";"132964"
"Antofagasta";"TALTAL";"607-2";"SITIO S-1 MANZANA H EQUIPAMIENTO 3 EXPANSION ESCUELA COMUNA TALTAL";"1034";"CONCESION GRATUITA";"2-posible";"3102";"131943"
"Antofagasta";"ANTOFAGASTA";"895-7";"BOLIVAR 188 COMUNA ANTOFAGASTA";"206";"CONCESION GRATUITA";"2-posible";"3097";"131730"
"Tarapacá";"ALTO HOSPICIO";"PREASIGNADO";"AVENIDA LAS PARCELAS 2951 COMUNA ALTO HOSPICIO";"601";"EN USO RECUPERABLE (texto)";"2-posible";"3007";"127902"
"Antofagasta";"ANTOFAGASTA";"15007-19";"EL HUASCAR MANZANA K-2 SITIO 13 COMUNA ANTOFAGASTA";"200";"ARRENDAMIENTO";"2-posible";"2996";"127434"
"Antofagasta";"ANTOFAGASTA";"6737-9";"SECTOR LA NEGRA SIN NUMERO COMUNA ANTOFAGASTA";"199";"CONCESION A TITULO ONEROSO";"2-posible";"2983";"126881"
"Tarapacá";"IQUIQUE";"PREASIGNADO";"AVENIDA SANTIAGO POLANCO NUMERO 2227 COMUNA IQUIQUE";"247";"EN USO RECUPERABLE (texto)";"2-posible";"2970";"126328"
"Antofagasta";"ANTOFAGASTA";"1527-129";"POBLACION BARRIO NORTE MANZANA I SITIO 7G-1 COMUNA ANTOFAGASTA";"197";"CONCESION GRATUITA";"2-posible";"2955";"125690"
"Tarapacá";"ALTO HOSPICIO";"PREASIGNADO";"LOTE 2 COMUNA ALTO HOSPICIO";"587";"EN USO RECUPERABLE (texto)";"2-posible";"2936";"124882"
"Antofagasta";"ANTOFAGASTA";"975-18";"COVADONGA VIEJA 448 COMUNA ANTOFAGASTA";"194";"CONCESION GRATUITA";"2-posible";"2910";"123776"
"Antofagasta";"MEJILLONES";"222-1";"BALNEARIO PUNTA ITATA MANZANA 14 SITIO 1 COMUNA MEJILLONES";"580";"CONCESION GRATUITA";"2-posible";"2899";"123308"
"Antofagasta";"ANTOFAGASTA";"539-3";"AVELINO CONTARDO 1526 SITIO 158-A POBLACION VILLA ESMERALDA COMUNA ANTOFAGASTA";"192";"CONCESION GRATUITA";"2-posible";"2880";"122500"
"Antofagasta";"ANTOFAGASTA";"1157-21";"CALLE BELLAVISTA 3763 LOTE 57 COMUNA ANTOFAGASTA";"190";"ARRENDAMIENTO";"2-posible";"2851";"121267"
"Antofagasta";"MEJILLONES";"5128-3";"LOCALIDAD DE MICHILLA SIN NUMERO COMUNA MEJILLONES";"560";"CONCESION GRATUITA";"2-posible";"2800";"119097"
"Antofagasta";"SAN PEDRO DE ATACAMA";"3614-1";"SITIO 12 MANZANA L CALLE HUAYTIQUINA S/N LOCALIDAD DE TOCONAO COMUNA DE SAN PEDRO DE ATACAMA";"694";"CONCESION GRATUITA";"2-posible";"2777";"118119"
"Antofagasta";"MEJILLONES";"101-301";"BALNEARIO ALTOS HORNITOS SITIO 301 COMUNA MEJILLONES";"555";"ARRENDAMIENTO";"2-posible";"2776";"118076"
"Antofagasta";"OLLAGUE";"3429-4";"SITIO 3 MANZANA P COMUNA OLLAGUE";"2742";"CONCESION GRATUITA";"2-posible";"2742";"116630"
"Antofagasta";"ANTOFAGASTA";"867-29";"MANZANA T SITIO 29 POBLACION AMPLIACION MIRAMAR 4 COMUNA ANTOFAGASTA";"180";"CONCESION GRATUITA";"2-posible";"2700";"114844"
"Antofagasta";"ANTOFAGASTA";"1303-19";"PASAJE SAUSALITO 686 MANZANA 46 SITIO 46 COMUNA ANTOFAGASTA";"180";"ARRENDAMIENTO";"2-posible";"2700";"114844"
"Antofagasta";"SAN PEDRO DE ATACAMA";"4302-6";"SITIO 6 MANZANA C SECTOR ADUANA COMUNA SAN PEDRO DE ATACAMA";"629";"ARRENDAMIENTO";"2-posible";"2518";"107102"
"Antofagasta";"TOCOPILLA";"327-27";"AL SURESTE DE LA CIUDAD DE TOCOPILLA COMUNA TOCOPILLA";"625";"ARRENDAMIENTO";"2-posible";"2500";"106337"
"Antofagasta";"CALAMA";"6078-2";"SITIO 2 MANZANA G EL VERGEL COMUNA CALAMA";"307";"ARRENDAMIENTO";"2-posible";"2452";"104295"
"Antofagasta";"CALAMA";"887-30";"CALLE VARGAS 2201 COMUNA CALAMA";"301";"CONCESION GRATUITA";"2-posible";"2408";"102424"
"Tarapacá";"IQUIQUE";"PREASIGNADO";"PASAJE BOTES SIN NUMERO COMUNA IQUIQUE";"200";"EN USO RECUPERABLE (texto)";"2-posible";"2400";"102083"
"Antofagasta";"SAN PEDRO DE ATACAMA";"3760-469";"PUEBLO DE PEINE SIN NUMERO COMUNA SAN PEDRO DE ATACAMA";"599";"CONCESION GRATUITA";"2-posible";"2397";"101956"
"Antofagasta";"ANTOFAGASTA";"513-1";"HERMOGENES ALFARO 1138 COMUNA ANTOFAGASTA";"160";"CONCESION GRATUITA";"2-posible";"2394";"101828"
"Antofagasta";"SAN PEDRO DE ATACAMA";"3463-19";"PUEBLO DE SAN PEDRO DE ATACAMA COMUNA SAN PEDRO DE ATACAMA";"591";"CONCESION GRATUITA";"2-posible";"2363";"100510"
"Antofagasta";"CALAMA";"6079-2";"SITIO 2 MANZANA H EL VERGEL COMUNA CALAMA";"292";"ARRENDAMIENTO";"2-posible";"2332";"99191"
"Antofagasta";"MEJILLONES";"101-152";"HORNITOS 461 SITIO 47 COMUNA MEJILLONES";"465";"ARRENDAMIENTO";"2-posible";"2325";"98893"
"Antofagasta";"MEJILLONES";"8001-6";"LOCALIDAD DE MICHILLA SIN NUMERO COMUNA MEJILLONES";"464";"CONCESION GRATUITA";"2-posible";"2321";"98723"
"Antofagasta";"MARIA ELENA";"333-1";"PUEBLO DE QUILLAGUA SITIO 144 COMUNA MARIA ELENA";"1156";"CONCESION GRATUITA";"2-posible";"2312";"98340"
"Antofagasta";"SIERRA GORDA";"6319-2";"LOTE B LOCALIDAD DE BAQUEDANO COMUNA SIERRA GORDA";"1146";"CONCESION GRATUITA";"2-posible";"2292";"97490"
"Antofagasta";"SAN PEDRO DE ATACAMA";"3517-5";"POBLACION CONDE DUQUE SITIO 5 MANZANA C COMUNA SAN PEDRO DE ATACAMA";"570";"CONCESION GRATUITA";"2-posible";"2281";"97022"
"Antofagasta";"SAN PEDRO DE ATACAMA";"NO ENROLADO";"SITIO 8 MANZANA C SECTOR ADUANA COMUNA SAN PEDRO DE ATACAMA";"566";"ARRENDAMIENTO";"2-posible";"2264";"96299"
"Antofagasta";"TALTAL";"4002-11";"PORTEZUELO LAS BOMBAS COMUNA TALTAL";"750";"CONCESION A TITULO ONEROSO";"2-posible";"2250";"95703"
"Antofagasta";"CALAMA";"6080-8";"SITIO 8 MANZANA I EL VERGEL COMUNA CALAMA";"281";"ARRENDAMIENTO";"2-posible";"2247";"95576"
"Antofagasta";"SIERRA GORDA";"6309-5";"SITIO 5 MANZANA 8 BAQUEDANO COMUNA SIERRA GORDA";"1123";"CONCESION GRATUITA";"2-posible";"2247";"95576"
"Antofagasta";"ANTOFAGASTA";"448-3";"CALLE EDUARDO ORCHARD LOTE B POBLACION LA FAVORECEDORA COMUNA ANTOFAGASTA";"150";"CONCESION GRATUITA";"2-posible";"2244";"95448"
"Antofagasta";"SAN PEDRO DE ATACAMA";"4304-4";"SITIO 7 MANZANA E SECTOR ADUANA COMUNA SAN PEDRO DE ATACAMA";"556";"ARRENDAMIENTO";"2-posible";"2225";"94640"
"Antofagasta";"OLLAGUE";"3426-1";"LOTE A SIN NUMERO PUEBLO DE OLLAGUE COMUNA OLLAGUE";"2218";"CONCESION GRATUITA";"2-posible";"2218";"94342"
"Antofagasta";"CALAMA";"6080-7";"SITIO 7 MANZANA I EL VERGEL COMUNA CALAMA";"277";"ARRENDAMIENTO";"2-posible";"2217";"94300"
"Antofagasta";"CALAMA";"6080-1";"SITIO 1 MANZANA I EL VERGEL COMUNA CALAMA";"275";"ARRENDAMIENTO";"2-posible";"2200";"93576"
"Antofagasta";"SAN PEDRO DE ATACAMA";"4504-5";"MANZANA E SITIO 9 LOTEO VILLA ALTO MIRADOR COMUNA SAN PEDRO DE ATACAMA";"540";"ARRENDAMIENTO";"2-posible";"2160";"91875"
"Antofagasta";"SAN PEDRO DE ATACAMA";"4504-14";"MANZANA E SITIO 16 LOTEO VILLA ALTO MIRADOR COMUNA SAN PEDRO DE ATACAMA";"540";"ARRENDAMIENTO";"2-posible";"2160";"91875"
"Antofagasta";"CALAMA";"6080-2";"SITIO 2 MANZANA I EL VERGEL COMUNA CALAMA";"269";"ARRENDAMIENTO";"2-posible";"2153";"91577"
"Antofagasta";"CALAMA";"6080-5";"SITIO 5 MANZANA I EL VERGEL COMUNA CALAMA";"261";"ARRENDAMIENTO";"2-posible";"2092";"88983"
"Antofagasta";"CALAMA";"6080-4";"SITIO 4 MANZANA I EL VERGEL COMUNA CALAMA";"259";"ARRENDAMIENTO";"2-posible";"2070";"88047"
"Antofagasta";"MEJILLONES";"101-306";"BALNEARIO HORNITOS SITIO 306 COMUNA MEJILLONES";"414";"ARRENDAMIENTO";"2-posible";"2068";"87962"
"Antofagasta";"SAN PEDRO DE ATACAMA";"4508-2";"MANZANA L SITIO 2 LOTEO VILLA ALTO MIRADOR COMUNA SAN PEDRO DE ATACAMA";"514";"ARRENDAMIENTO";"2-posible";"2056";"87451"
"Antofagasta";"SAN PEDRO DE ATACAMA";"4514-9";"VILLA ALGARROBO MANZANA K SITIO 13 COMUNA SAN PEDRO DE ATACAMA";"512";"ARRENDAMIENTO";"2-posible";"2048";"87111"
"Antofagasta";"SIERRA GORDA";"6330-5";"CALLE JAIME GUZMAN COMUNA SIERRA GORDA";"1022";"CONCESION GRATUITA";"2-posible";"2044";"86941"
"Antofagasta";"SAN PEDRO DE ATACAMA";"4103-18";"SITIO 4 MANZANA C POBLACION ALTO JAMA COMUNA SAN PEDRO DE ATACAMA";"506";"ARRENDAMIENTO";"2-posible";"2023";"86048"
"Antofagasta";"CALAMA";"6080-3";"SITIO 3 MANZANA I EL VERGEL COMUNA CALAMA";"252";"ARRENDAMIENTO";"2-posible";"2015";"85707"
"Antofagasta";"SAN PEDRO DE ATACAMA";"4104-7";"SITIO 7 MANZANA D POBLACION ALTO JAMA SECTOR ADUANA COMUNA SAN PEDRO DE ATACAMA";"503";"ARRENDAMIENTO";"2-posible";"2011";"85537"
"Antofagasta";"CALAMA";"6080-6";"SITIO 6 MANZANA I EL VERGEL COMUNA CALAMA";"251";"ARRENDAMIENTO";"2-posible";"2010";"85495"
"Antofagasta";"SAN PEDRO DE ATACAMA";"4103-14";"SITIO 11 MANZANA C POBLACION ALTO JAMA SECTOR ADUANA COMUNA SAN PEDRO DE ATACAMA";"502";"ARRENDAMIENTO";"2-posible";"2007";"85367"
"Tarapacá";"IQUIQUE";"551-22";"CALLE BARROS ARANA 1196 COMUNA IQUIQUE";"167";"EN USO RECUPERABLE (texto)";"2-posible";"2005";"85282"
"Antofagasta";"ANTOFAGASTA";"1527-31";"POBLACION BARRIO NORTE MANZANA I SITIO 7-E COMUNA ANTOFAGASTA";"134";"CONCESION GRATUITA";"2-posible";"2003";"85197"
"Antofagasta";"MEJILLONES";"101-159";"BALNEARIO HORNITOS SITIO 40 COMUNA MEJILLONES";"400";"ARRENDAMIENTO";"2-posible";"2000";"85069"
"Antofagasta";"SIERRA GORDA";"6322-8";"LOTE A SALVADOR ALLENDE SIN NUMERO COMUNA SIERRA GORDA";"999";"CONCESION GRATUITA";"2-posible";"1997";"84942"
"Antofagasta";"MEJILLONES";"5128-5";"LOCALIDAD DE MICHILLA SIN NUMERO COMUNA MEJILLONES";"388";"CONCESION GRATUITA";"2-posible";"1938";"82432"
"Antofagasta";"MEJILLONES";"101-305";"SITIO 305 BALNEARIO ALTOS HORNITOS COMUNA MEJILLONES";"380";"ARRENDAMIENTO";"2-posible";"1898";"80731"
"Antofagasta";"MARIA ELENA";"307-1";"PUEBLO DE QUILLAGUA COMUNA MARIA ELENA";"946";"CONCESION GRATUITA";"2-posible";"1892";"80476"
"Antofagasta";"ANTOFAGASTA";"911-8";"MIRAFLORES SITIO 178 POBLACION MIRAMAR COMUNA ANTOFAGASTA";"126";"CONCESION GRATUITA";"2-posible";"1890";"80391"
"Antofagasta";"MEJILLONES";"101-307";"BALNEARIO HORNITOS COMUNA MEJILLONES";"377";"ARRENDAMIENTO";"2-posible";"1883";"80093"
"Antofagasta";"TALTAL";"43-2";"LOTE B AVENIDA ARTURO PRAT ESQUINA CALLE ESMERALDA COMUNA TALTAL";"627";"CONCESION GRATUITA";"2-posible";"1882";"80050"
"Antofagasta";"MEJILLONES";"101-403";"BALNEARIO HORNITOS SITIO 403 COMUNA MEJILLONES";"375";"ARRENDAMIENTO";"2-posible";"1875";"79753"
"Antofagasta";"MEJILLONES";"101-404";"SITIO 404 ACCESO SUR BALNEARIO HORNITOS COMUNA MEJILLONES";"375";"ARRENDAMIENTO";"2-posible";"1875";"79753"
"Antofagasta";"SAN PEDRO DE ATACAMA";"4504-7";"MANZANA E SITIO 11 LOTEO VILLA ALTO MIRADOR COMUNA SAN PEDRO DE ATACAMA";"465";"ARRENDAMIENTO";"2-posible";"1858";"79030"
"Antofagasta";"SIERRA GORDA";"6200-11";"LOCALIDAD DE BAQUEDANO COMUNA SIERRA GORDA";"925";"CONCESION GRATUITA";"2-posible";"1849";"78647"
"Antofagasta";"SIERRA GORDA";"6500-10";"CARMEN ALTO COMUNA SIERRA GORDA";"900";"ARRENDAMIENTO";"2-posible";"1800";"76563"
"Antofagasta";"OLLAGUE";"4100-79";"PAMPA EL LEON COMUNA OLLAGUE";"1800";"CONCESION GRATUITA";"2-posible";"1800";"76563"
"Tarapacá";"POZO ALMONTE";"PREASIGNADO";"LOTE 1 MANZANA 4 COMUNA POZO ALMONTE";"597";"EN USO RECUPERABLE (texto)";"2-posible";"1790";"76137"
"Tarapacá";"ALTO HOSPICIO";"PREASIGNADO";"LOTE 4 COMUNA ALTO HOSPICIO";"354";"EN USO RECUPERABLE (texto)";"2-posible";"1769";"75244"
"Antofagasta";"SIERRA GORDA";"6200-13";"LOCALIDAD DE BAQUEDANO COMUNA SIERRA GORDA";"884";"CONCESION GRATUITA";"2-posible";"1769";"75244"
"Antofagasta";"SAN PEDRO DE ATACAMA";"4103-17";"SITIO 5 MANZANA C SECTOR ADUANA COMUNA SAN PEDRO DE ATACAMA";"430";"ARRENDAMIENTO";"2-posible";"1719";"73117"
"Antofagasta";"MEJILLONES";"101-158";"BALNEARIO HORNITOS SITIO 41 COMUNA MEJILLONES";"343";"ARRENDAMIENTO";"2-posible";"1715";"72947"
"Antofagasta";"SAN PEDRO DE ATACAMA";"4508-3";"MANZANA L SITIO 3 LOTEO VILLA ALTO MIRADOR COMUNA SAN PEDRO DE ATACAMA";"399";"ARRENDAMIENTO";"2-posible";"1595";"67843"
"Antofagasta";"ANTOFAGASTA";"693-199";"JOSE SANTOS OSSA 1941 A 1945 LOTE 2 COMUNA ANTOFAGASTA";"106";"CONCESION GRATUITA";"2-posible";"1592";"67715"
"Antofagasta";"MEJILLONES";"211-2";"MANZANA 12 SITIO 2 BALNEARIO PUNTA ITATA COMUNA MEJILLONES";"315";"ARRENDAMIENTO";"2-posible";"1575";"66992"
"Antofagasta";"MEJILLONES";"226-1";"MANZANA 19 SITIO 1 COMUNA MEJILLONES";"315";"ARRENDAMIENTO";"2-posible";"1575";"66992"
"Antofagasta";"MEJILLONES";"225-11";"BALNEARIO PUNTA ITATA MANZANA 18 SITIO 11 COMUNA MEJILLONES";"315";"ARRENDAMIENTO";"2-posible";"1575";"66992"
"Antofagasta";"MEJILLONES";"214-11";"BALNEARIO PUNTA ITATA MANZANA 9 SITIO 11 COMUNA MEJILLONES";"315";"ARRENDAMIENTO";"2-posible";"1575";"66992"
"Antofagasta";"MEJILLONES";"212-12";"BALNEARIO PUNTA ITATA MANZANA 11 SITIO 12 COMUNA MEJILLONES";"315";"ARRENDAMIENTO";"2-posible";"1575";"66992"
"Antofagasta";"MEJILLONES";"211-4";"PUNTA ITATA SITIO 4 MANZANA 12 COMUNA MEJILLONES";"315";"ARRENDAMIENTO";"2-posible";"1575";"66992"
"Antofagasta";"MEJILLONES";"226-10";"SITIO 10 MANZANA 19 BALNEARIO PUNTA ITATA COMUNA MEJILLONES";"315";"ARRENDAMIENTO";"2-posible";"1575";"66992"
"Antofagasta";"MEJILLONES";"210-25";"BALNEARIO PUNTA ITATA MANZANA 13 SITIO 12 COMUNA MEJILLONES";"315";"ARRENDAMIENTO";"2-posible";"1575";"66992"
"Antofagasta";"MEJILLONES";"212-3";"BALNEARIO PUNTA ITATA MANZANA 11 SITIO 3 COMUNA MEJILLONES";"315";"ARRENDAMIENTO";"2-posible";"1575";"66992"
"Antofagasta";"MEJILLONES";"226-11";"PUNTA ITATA SITIO 11 MANZANA 19 COMUNA MEJILLONES";"315";"ARRENDAMIENTO";"2-posible";"1575";"66992"
"Antofagasta";"MEJILLONES";"215-10";"BALNEARIO PUNTA ITATA MANZANA 8 SITIO 10 COMUNA MEJILLONES";"315";"ARRENDAMIENTO";"2-posible";"1575";"66992"
"Antofagasta";"MEJILLONES";"211-6";"BALNEARIO PUNTA ITATA MANZANA 12 SITIO 6 COMUNA MEJILLONES";"315";"ARRENDAMIENTO";"2-posible";"1575";"66992"
"Antofagasta";"MEJILLONES";"226-12";"BALNEARIO PUNTA ITATA MANZANA 19 SITIO 12 COMUNA MEJILLONES";"315";"ARRENDAMIENTO";"2-posible";"1575";"66992"
"Antofagasta";"MEJILLONES";"216-12";"BALNEARIO PUNTA ITATA MANZANA 6 SITIO 12 COMUNA MEJILLONES";"315";"ARRENDAMIENTO";"2-posible";"1575";"66992"
"Antofagasta";"CALAMA";"1138-11";"CALLE LOS CHANARES 1285 SITIO 2 POBLACION LOS PIMIENTOS COMUNA CALAMA";"194";"CONCESION GRATUITA";"2-posible";"1549";"65886"
"Tarapacá";"PICA";"SIN ROL";"CALLE LAUTARO SIN NUMERO COMUNA PICA";"514";"EN USO RECUPERABLE (texto)";"2-posible";"1543";"65631"
"Antofagasta";"SIERRA GORDA";"6322-9";"LOTE B AL SUR LOCALIDAD DE BAQUEDANO COMUNA SIERRA GORDA";"767";"CONCESION GRATUITA";"2-posible";"1533";"65206"
"Tarapacá";"POZO ALMONTE";"PREASIGNADO";"CALLE ALDUNATE NUMERO 913 COMUNA DE POZO ALMONTE";"509";"EN USO RECUPERABLE (texto)";"2-posible";"1526";"64908"
"Antofagasta";"ANTOFAGASTA";"1401-34";"PARTE DEL LOTE 75 SALVADOR ALLENDE 752 COMUNA ANTOFAGASTA";"102";"ARRENDAMIENTO";"2-posible";"1526";"64908"
"Antofagasta";"ANTOFAGASTA";"1712-23";"SITIO 2 VILLA LAS AMERICAS COMUNA ANTOFAGASTA";"101";"CONCESION GRATUITA";"2-posible";"1519";"64610"
"Antofagasta";"TOCOPILLA";"74-12";"CALLE 21 DE MAYO 1284 AL 1292 COMUNA TOCOPILLA";"375";"CONCESION GRATUITA";"2-posible";"1500";"63802"
"Antofagasta";"ANTOFAGASTA";"4518-4";"CIUDAD DE ANTOFAGASTA JARDINES DEL SUR SIN NUMERO COMUNA ANTOFAGASTA";"100";"ARRENDAMIENTO";"2-posible";"1500";"63802"
"Antofagasta";"SAN PEDRO DE ATACAMA";"3751-238";"EQUIPAMIENTO 6 SITIO 84 MANZANA Ñ LOCALIDAD DE SOCAIRE COMUNA SAN PEDRO DE ATACAMA";"373";"CONCESION GRATUITA";"2-posible";"1491";"63419"
"Antofagasta";"MEJILLONES";"10000-11";"LOCALIDAD DE MICHILLA SIN NUMERO COMUNA MEJILLONES";"288";"CONCESION GRATUITA";"2-posible";"1442";"61335"
"Antofagasta";"ANTOFAGASTA";"3074-7";"ARGENTINA 01896 DEPARTAMENTO 31 BLOCK H COVIEFI COMUNA ANTOFAGASTA";"95";"CONCESION GRATUITA";"2-posible";"1430";"60825"
"Antofagasta";"OLLAGUE";"3419-11";"SITIO 5 MANZANA C PUEBLO DE OLLAGUE COMUNA OLLAGUE";"1418";"CONCESION GRATUITA";"2-posible";"1418";"60314"
"Antofagasta";"OLLAGUE";"4100-71";"PLANTA DE ALCANTARILLADO DEL POBLADO DE OLLAGUE COMUNA OLLAGUE";"1397";"CONCESION GRATUITA";"2-posible";"1397";"59421"
"Antofagasta";"SAN PEDRO DE ATACAMA";"3540-171";"AYLLO DE SEQUITOR COMUNA SAN PEDRO DE ATACAMA";"340";"ARRENDAMIENTO";"2-posible";"1358";"57762"
"Antofagasta";"ANTOFAGASTA";"1401-33";"PARTE DEL LOTE 74 SALVADOR ALLENDE 754 COMUNA ANTOFAGASTA";"90";"ARRENDAMIENTO";"2-posible";"1356";"57677"
"Antofagasta";"OLLAGUE";"3413-2";"SITIO 1 MANZANA N PUEBLO DE OLLGUE COMUNA OLLAGUE";"1313";"CONCESION GRATUITA";"2-posible";"1313";"55848"
"Antofagasta";"SIERRA GORDA";"6302-3";"CALLE ACONCAGUA ENTRE AVENIDA SALVADOR ALLENDE Y CALLE JAIME GUZMAN PUEBLO BAQUEDANO COMUNA S";"653";"CONCESION GRATUITA";"2-posible";"1306";"55550"
"Tarapacá";"ALTO HOSPICIO";"SIN ROL";"CALLE SANTA ROSA DE HUARA LOTE 5 COMUNA ALTO HOSPICIO";"255";"EN USO RECUPERABLE (texto)";"2-posible";"1273";"54147"
"Tarapacá";"POZO ALMONTE";"PREASIGNADO";"CALLE 4 SIN NUMERO COMUNA POZO ALMONTE";"423";"EN USO RECUPERABLE (texto)";"2-posible";"1268";"53934"
"Antofagasta";"TALTAL";"43-5";"LOTE A AVENIDA ARTURO PRAT ESQUINA CALLE ESMERALDA COMUNA TALTAL";"422";"CONCESION GRATUITA";"2-posible";"1267";"53892"
"Antofagasta";"SIERRA GORDA";"6322-10";"LOTE C LOCALIDAD DE BAQUEDANO COMUNA SIERRA GORDA";"631";"CONCESION GRATUITA";"2-posible";"1261";"53636"
"Antofagasta";"OLLAGUE";"3434-1";"PUEBLO DE OLLAGUE SIN NUMERO COMUNA OLLAGUE";"1243";"CONCESION GRATUITA";"2-posible";"1243";"52871"
"Antofagasta";"SIERRA GORDA";"6036-1";"LOCALIDAD DE SIERRA GORDA COMUNA SIERRA GORDA";"604";"CONCESION GRATUITA";"2-posible";"1207";"51339"
"Antofagasta";"SAN PEDRO DE ATACAMA";"4521-2";"SITIO 17 MANZANA R LOTEO VILAMA COMUNA SAN PEDRO DE ATACAMA";"302";"ARRENDAMIENTO";"2-posible";"1206";"51297"
"Antofagasta";"TALTAL";"507-24";"APROX A 66 KMS AL NORESTE DE LA CIUDAD DE TALTAL COMUNA TALTAL";"400";"ARRENDAMIENTO";"2-posible";"1200";"51042"
"Antofagasta";"MEJILLONES";"1000-3";"SITIO 3 MANZANA A BALNEARIO ALTOS HORNITOS COMUNA MEJILLONES";"239";"ARRENDAMIENTO";"2-posible";"1196";"50872"
"Antofagasta";"SAN PEDRO DE ATACAMA";"4537-4";"MANZANA K SITIO 4 NORTE POBLACION CONDE DUQUE COMUNA SAN PEDRO DE ATACAMA";"296";"ARRENDAMIENTO";"2-posible";"1184";"50361"
"Antofagasta";"SAN PEDRO DE ATACAMA";"3443-6";"SITIO 6 MANZANA D POBLACION LICANCABUR COMUNA SAN PEDRO DE ATACAMA";"295";"ARRENDAMIENTO";"2-posible";"1179";"50148"
"Antofagasta";"ANTOFAGASTA";"1303-31";"CIUDAD DE ANTOFAGASTA COMUNA ANTOFAGASTA";"74";"ARRENDAMIENTO";"2-posible";"1113";"47341"
"Antofagasta";"SAN PEDRO DE ATACAMA";"3517-9";"LAS PARINAS 470 MANZANA C SITIO 9 POBLACION CONDE DUQUE COMUNA SAN PEDRO DE ATACAMA";"276";"ARRENDAMIENTO";"2-posible";"1102";"46873"
"Antofagasta";"MARIA ELENA";"336-4";"CALLE COMERCIO PUEBLO DE QUILLAGUA SITIO 143 COMUNA MARIA ELENA";"548";"CONCESION GRATUITA";"2-posible";"1095";"46576"
"Antofagasta";"SIERRA GORDA";"6019-15";"LOCALIDAD DE SIERRA GORDA COMUNA SIERRA GORDA";"548";"CONCESION GRATUITA";"2-posible";"1095";"46576"
"Antofagasta";"MEJILLONES";"1000-10";"SITIO 10 MANZANA A ALTO BALNEARIO HORNITOS COMUNA MEJILLONES";"213";"ARRENDAMIENTO";"2-posible";"1066";"45342"
"Antofagasta";"MEJILLONES";"1000-17";"SITIO 17 MANZANA B BALNEARIO HORNITOS COMUNA MEJILLONES";"206";"ARRENDAMIENTO";"2-posible";"1028";"43726"
"Antofagasta";"ANTOFAGASTA";"5048-9";"IQUIQUE 7349 SITIO 9 COSTA AZUL COMUNA ANTOFAGASTA";"68";"CONCESION GRATUITA";"2-posible";"1019";"43343"
"Antofagasta";"MEJILLONES";"1000-16";"SITIO 16 MANZANA B ALTO BALNEARIO HORNITOS COMUNA MEJILLONES";"204";"ARRENDAMIENTO";"2-posible";"1019";"43343"
"Antofagasta";"ANTOFAGASTA";"1401-32";"PARTE DEL LOTE 73 SALVADOR ALLENDE 780 COMUNA ANTOFAGASTA";"67";"ARRENDAMIENTO";"2-posible";"1007";"42832"
"Antofagasta";"SAN PEDRO DE ATACAMA";"4307-9";"SITIO 3 MANZANA C SECTOR EL CALVARIO COMUNA SAN PEDRO DE ATACAMA";"251";"ARRENDAMIENTO";"2-posible";"1004";"42705"
"Antofagasta";"ANTOFAGASTA";"1401-31";"PARTE DEL LOTE 71 SALVADOR ALLENDE SIN NUMERO COMUNA ANTOFAGASTA";"67";"ARRENDAMIENTO";"2-posible";"999";"42492"
"Antofagasta";"ANTOFAGASTA";"5048-8";"AVENIDA IQUIQUE 7345 SITIO 10 COMUNA ANTOFAGASTA";"65";"CONCESION GRATUITA";"2-posible";"974";"41429"
"Antofagasta";"ANTOFAGASTA";"5048-11";"AVENIDA IQUIQUE 7357 SITIO 7 CONJUNTO HABITACIONAL COSTA AZUL II COMUNA ANTOFAGASTA";"65";"CONCESION GRATUITA";"2-posible";"974";"41429"
"Antofagasta";"MEJILLONES";"1000-6";"BALNEARIO ALTOS HORNITOS SITIO 6 MANZANA A COMUNA MEJILLONES";"195";"ARRENDAMIENTO";"2-posible";"973";"41386"
"Antofagasta";"MEJILLONES";"1000-18";"BALNEARIO HORNITOS SITIO 18 MANZANA B COMUNA MEJILLONES";"192";"ARRENDAMIENTO";"2-posible";"960";"40833"
"Antofagasta";"CALAMA";"3301-715";"LOCALIDAD DE CHIU-CHIU COMUNA CALAMA";"118";"CONCESION GRATUITA";"2-posible";"941";"40025"
"Antofagasta";"SAN PEDRO DE ATACAMA";"3451-35";"MANZANA B SITIO 35 POBLACION PUNTA DE DIAMANTE COMUNA SAN PEDRO DE ATACAMA";"234";"ARRENDAMIENTO";"2-posible";"937";"39855"
"Antofagasta";"SIERRA GORDA";"6330-2";"A 13 METROS DE CALLE JAIME GUZMAN LOCALIDAD DE BAQUEDANO COMUNA SIERRA GORDA";"467";"CONCESION GRATUITA";"2-posible";"934";"39727"
"Antofagasta";"SIERRA GORDA";"6309-4";"SITIO 4 MANZANA 8 BAQUEDANO COMUNA SIERRA GORDA";"466";"CONCESION GRATUITA";"2-posible";"932";"39642"
"Antofagasta";"ANTOFAGASTA";"1177-22";"BELLAVISTA 3656 DEPARTAMENTO F PISO 3 COMUNA ANTOFAGASTA";"60";"CONCESION GRATUITA";"2-posible";"903";"38409"
"Antofagasta";"ANTOFAGASTA";"1177-11";"BELLAVISTA 3636 DEPARTAMENTO C PISO 2 COMUNA ANTOFAGASTA";"60";"CONCESION GRATUITA";"2-posible";"903";"38409"
"Antofagasta";"TOCOPILLA";"804-2";"AL ESTE DE LA POBLACION LAS TRES MARIAS COMUNA TOCOPILLA";"225";"ARRENDAMIENTO, CONCESION A TITULO ONEROSO";"2-posible";"900";"38281"
"Antofagasta";"MEJILLONES";"24-6";"MANZANA 13 SITIO 11 COMUNA MEJILLONES";"180";"ARRENDAMIENTO";"2-posible";"900";"38281"
"Antofagasta";"SAN PEDRO DE ATACAMA";"3451-34";"MANZANA B SITIO 34 COMUNA SAN PEDRO DE ATACAMA";"223";"ARRENDAMIENTO";"2-posible";"891";"37898"
"Antofagasta";"OLLAGUE";"3429-3";"MANZANA P SITIO 2 COMUNA OLLAGUE";"886";"CONCESION GRATUITA";"2-posible";"886";"37686"
"Antofagasta";"OLLAGUE";"3429-2";"MANZANA P SITIO 1 PUEBLO OLLAGUE COMUNA OLLAGUE";"885";"CONCESION GRATUITA";"2-posible";"885";"37643"
"Antofagasta";"ANTOFAGASTA";"1303-34";"CIUDAD DE ANTOFAGASTA COMUNA ANTOFAGASTA";"57";"CONCESION GRATUITA";"2-posible";"853";"36282"
"Antofagasta";"ANTOFAGASTA";"1303-20";"CIUDAD DE ANTOFAGASTA COMUNA ANTOFAGASTA";"57";"CONCESION GRATUITA";"2-posible";"853";"36282"
"Antofagasta";"SIERRA GORDA";"6040-1";"CALLE BOLIVAR COMUNA SIERRA GORDA";"420";"CONCESION GRATUITA";"2-posible";"840";"35729"
"Antofagasta";"SIERRA GORDA";"6309-1";"SITIO 1 MANZANA 8 BAQUEDANO COMUNA SIERRA GORDA";"412";"CONCESION GRATUITA";"2-posible";"823";"35006"
"Tarapacá";"POZO ALMONTE";"ROL PREASIGNADO";"CALLE PROYECTADA SIN NUMERO POZO ALMONTE";"270";"EN USO RECUPERABLE (texto)";"2-posible";"810";"34453"
"Tarapacá";"HUARA";"2421-1";"CALLE ESTACION SIN NUMERO COMUNA HUARA";"401";"EN USO RECUPERABLE (texto)";"2-posible";"802";"34113"
"Antofagasta";"MEJILLONES";"6400-4";"LOCALIDAD DE MICHILLA SIN NUMERO COMUNA MEJILLONES";"156";"CONCESION GRATUITA";"2-posible";"779";"33135"
"Antofagasta";"MEJILLONES";"101-196";"BALNEARIO HORNITOS SITIO 3 COMUNA MEJILLONES";"152";"ARRENDAMIENTO";"2-posible";"760";"32326"
"Antofagasta";"OLLAGUE";"3411-10";"SITIO 7 MANZANA L PUEBLO OLLAGUE COMUNA OLLAGUE";"755";"CONCESION GRATUITA";"2-posible";"755";"32114"
"Antofagasta";"SIERRA GORDA";"6301-4";"AVENIDA SALVADOR ALLENDE LOCALIDAD BAQUEDANO COMUNA SIERRA GORDA";"376";"CONCESION GRATUITA";"2-posible";"752";"31986"
"Antofagasta";"SIERRA GORDA";"6026-2";"LOTE A LOCALIDAD DE SIERRA GORDA COMUNA SIERRA GORDA";"312";"CONCESION GRATUITA";"2-posible";"623";"26499"
"Antofagasta";"MARIA ELENA";"369-4";"LOCALIDAD DE QUILLAGUA COMUNA MARIA ELENA";"300";"ARRENDAMIENTO";"2-posible";"600";"25521"
"Tarapacá";"HUARA";"SIN ROL";"PASAJE PUBLICO SIN NUMERO COMUNA HUARA";"299";"EN USO RECUPERABLE (texto)";"2-posible";"599";"25478"
"Antofagasta";"SIERRA GORDA";"6322-4";"SITIO 3 CENTRO COMERCIAL BAQUEDANO COMUNA SIERRA GORDA";"297";"ARRENDAMIENTO";"2-posible";"593";"25223"
"Antofagasta";"SIERRA GORDA";"6322-5";"SITIO 4 CENTRO COMERCIAL BAQUEDANO COMUNA SIERRA GORDA";"286";"ARRENDAMIENTO";"2-posible";"571";"24287"
"Antofagasta";"SAN PEDRO DE ATACAMA";"3545-402";"COSTADO SUR ESCUELA G-25 COMUNA SAN PEDRO DE ATACAMA";"140";"CONCESION GRATUITA";"2-posible";"560";"23819"
"Antofagasta";"SIERRA GORDA";"6041-1";"LOCALIDAD DE SIERRA GORDA COMUNA SIERRA GORDA";"270";"CONCESION GRATUITA";"2-posible";"540";"22969"
"Antofagasta";"SIERRA GORDA";"6322-7";"SITIO 6 CENTRO COMERCIAL BAQUEDANO COMUNA SIERRA GORDA";"246";"ARRENDAMIENTO";"2-posible";"492";"20927"
"Antofagasta";"OLLAGUE";"3423-2";"PUEBLO DE OLLAGUE SITIO 1 MANZANA E COMUNA OLLAGUE";"485";"CONCESION GRATUITA";"2-posible";"485";"20629"
"Antofagasta";"OLLAGUE";"3411-21";"MANZANA D PLAN REGULADOR COMUNAL OLLAGUE COMUNA OLLAGUE";"476";"CONCESION GRATUITA";"2-posible";"476";"20247"
"Tarapacá";"HUARA";"PREASIGNADO";"ALTOS DE TARAPACA COMUNA HUARA";"225";"EN USO RECUPERABLE (texto)";"2-posible";"450";"19141"
"Antofagasta";"SIERRA GORDA";"6322-3";"SITIO 2 CENTRO COMERCIAL BAQUEDANO COMUNA SIERRA GORDA";"224";"ARRENDAMIENTO";"2-posible";"448";"19056"
"Antofagasta";"MARIA ELENA";"307-3";"PUEBLO DE QUILLAGUA SIN NUMERO COMUNA MARIA ELENA";"212";"ARRENDAMIENTO";"2-posible";"423";"17992"
"Tarapacá";"POZO ALMONTE";"PREASIGNADO";"PASAJE PEATONAL SIN NUMERO COMUNA POZO ALMONTE";"136";"EN USO RECUPERABLE (texto)";"2-posible";"409";"17397"
"Antofagasta";"SIERRA GORDA";"70000-29";"AL SUROESTE DE LA LOCALIDAD DE SIERRA GORDA COMUNA SIERRA GORDA";"200";"ARRENDAMIENTO";"2-posible";"400";"17014"
"Antofagasta";"OLLAGUE";"3419-2";"SITIO 1 MANZANA C COMUNA OLLAGUE";"390";"CONCESION GRATUITA";"2-posible";"390";"16589"
"Antofagasta";"OLLAGUE";"3421-14";"PUEBLO DE OLLAGUE SITIO 10 MANZANA G COMUNA OLLAGUE";"359";"ARRENDAMIENTO";"2-posible";"359";"15270"
"Tarapacá";"POZO ALMONTE";"PREASIGNADO";"HUATACONDO COMUNA POZO ALMONTE";"100";"EN USO RECUPERABLE (texto)";"2-posible";"300";"12760"
"Antofagasta";"OLLAGUE";"3416-5";"PUEBLO DE OLLAGUE SITIO 5 MANZANA J COMUNA OLLAGUE";"280";"CONCESION GRATUITA";"2-posible";"280";"11910"
"Antofagasta";"OLLAGUE";"3416-6";"PUEBLO DE OLLAGUE SITIO 6 MANZANA J COMUNA OLLAGUE";"280";"CONCESION GRATUITA";"2-posible";"280";"11910"
"Antofagasta";"OLLAGUE";"3416-7";"PUEBLO DE OLLAGUE SITIO 7 MANZANA J COMUNA OLLAGUE";"280";"CONCESION GRATUITA";"2-posible";"280";"11910"
"Antofagasta";"SIERRA GORDA";"6420-1";"AVENIDA SALVADOR ALLENDE 452 COMUNA SIERRA GORDA";"117";"CONCESION GRATUITA";"2-posible";"233";"9911"
"Antofagasta";"OLLAGUE";"3419-3";"SITIO 2 MANZANA C COMUNA OLLAGUE";"225";"CONCESION GRATUITA";"2-posible";"225";"9570"
"Tarapacá";"HUARA";"SIN ROL";"PASAJE PUBLICO SIN NUMERO AL OESTE DE PLAZA COMUNA HUARA";"110";"EN USO RECUPERABLE (texto)";"2-posible";"221";"9400"
"Antofagasta";"MARIA ELENA";"6800-27";"SECTOR CRUCERO COMUNA MARIA ELENA";"100";"ARRENDAMIENTO";"2-posible";"200";"8507"
"Antofagasta";"SIERRA GORDA";"6340-3";"LOCALIDAD DE BAQUEDANO COMUNA SIERRA GORDA";"100";"ARRENDAMIENTO";"2-posible";"200";"8507"
"Antofagasta";"OLLAGUE";"3416-3";"PUEBLO DE OLLAGUE SITIO 2 MANZANA J COMUNA OLLAGUE";"200";"CONCESION GRATUITA";"2-posible";"200";"8507"
"Antofagasta";"OLLAGUE";"3416-4";"PUEBLO DE OLLAGUE SITIO 3 MANZANA J COMUNA OLLAGUE";"180";"CONCESION GRATUITA";"2-posible";"180";"7656"
"Antofagasta";"OLLAGUE";"3427-5";"PUEBLO DE OLLAGUE COMUNA OLLAGUE";"169";"CONCESION GRATUITA";"2-posible";"169";"7188"
"Antofagasta";"SIERRA GORDA";"6340-2";"LOCALIDAD DE BAQUEDANO COMUNA SIERRA GORDA";"70";"ARRENDAMIENTO";"2-posible";"140";"5955"
"Antofagasta";"SIERRA GORDA";"6301-5";"ACCESO SUR DE LA LOCALIDAD DE BAQUEDANO SALVADOR ALLENDE SIN NUMERO COMUNA SIERRA GORDA";"51";"ARRENDAMIENTO";"2-posible";"101";"4296"
"Antofagasta";"SIERRA GORDA";"6037-1";"AL SUROESTE DE AVENIDA OHIGGINS COMUNA SIERRA GORDA";"49";"CONCESION GRATUITA";"2-posible";"97";"4126"
"Antofagasta";"MEJILLONES";"5128-9";"LOCALIDAD DE MICHILLA SIN NUMERO COMUNA MEJILLONES";"16";"CONCESION GRATUITA";"2-posible";"80";"3403"
"Antofagasta";"SIERRA GORDA";"6027-2";"LOTE B LOCALIDAD DE SIERRA GORDA COMUNA SIERRA GORDA";"37";"CONCESION GRATUITA";"2-posible";"74";"3148"
"Antofagasta";"MEJILLONES";"5128-6";"LOCALIDAD DE MICHILLA SIN NUMERO COMUNA MEJILLONES";"9";"CONCESION GRATUITA";"2-posible";"45";"1914"