REGION;COMUNA;ROL_SII;NOMBRE;SUP_M2;MODO;TIER;CONF;VALOR_UF;VALOR_USD
Metropolitana;SANTIAGO;3812-1;PEDRO MONTT 1606 COMUNA SANTIAGO - ISABEL RIQUELME 1651 COMUNA PEDRO AGUIRRE CERDA;94260;..;1-disponible/recuperable;Centro (ref. mercado);3299084;140325670
Metropolitana;NUNOA;6133-217 - 6133-67;PEDRO DE VALDIVIA 4650 COMUNA NUNOA;57569;CONCESION GRATUITA A CORTO PLAZO;1-disponible/recuperable;Centro (ref. mercado);2417889;102844272
Metropolitana;LO BARNECHEA;3519-1;LA DEHESA 215 LOTE B-2 COMUNA LO BARNECHEA;59157;CONCESION GRATUITA A LARGO PLAZO;2-posible;Centro (ref. mercado);2366300;100649948
Valparaíso;VINA DEL MAR;2023-66;RANCAGUA PROYECTADA COMUNA VINA DEL MAR;60000;CONCESION GRATUITA A CORTO PLAZO;1-disponible/recuperable;Centro (ref. mercado);1500000;63802105
Metropolitana;SAN JOAQUIN;5110-1;VICUNA MACKENNA 5065 COMUNA SAN JOAQUIN;84835;..;1-disponible/recuperable;Centro (ref. mercado);1442188;61343087
Metropolitana;LO BARNECHEA;3519-18;LOTE F-2 COMUNA LO BARNECHEA;35838;..;1-disponible/recuperable;Centro (ref. mercado);1433513;60974098
Metropolitana;SANTIAGO;84-1;TEATINOS 120 COMUNA SANTIAGO;40446;..;1-disponible/recuperable;Centro (ref. mercado);1415594;60211918
Metropolitana;NUNOA;51-1;BROWN NORTE 105 COMUNA NUNOA;30760;PERMISO OCUPACION;2-posible;Centro (ref. mercado);1291899;54950584
Metropolitana;SAN JOAQUIN;1010-3;CARLOS VALDOVINOS 279 COMUNA SAN JOAQUIN;73000;..;1-disponible/recuperable;Centro (ref. mercado);1241000;52785608
Metropolitana;INDEPENDENCIA;2150-1;SAN JOSE 1053 Y BELISARIO PRATS 1587 COMUNA INDEPENDENCIA;56149;..;1-disponible/recuperable;Centro (ref. mercado);1235269;52541842
Metropolitana;QUINTA NORMAL;4044-38;COSTANERA SUR LOTE 4 COMUNA QUINTA NORMAL;74142;CONCESION GRATUITA A LARGO PLAZO;2-posible;Centro (ref. mercado);1186272;50457767
Valparaíso;VINA DEL MAR;2360-8/2360-17/2360-18;ALESSANDRI SIN NUMERO RESTO DEL PREDIO 8 LOTE 3 COMUNA VINA DEL MAR;36074;..;1-disponible/recuperable;Centro (ref. mercado);901846;38359782
Metropolitana;SANTIAGO;51-1;PLAZA DE LA CIUDADANIA COMUNA SANTIAGO;23974;CONCESION GRATUITA A LARGO PLAZO;2-posible;Centro (ref. mercado);839088;35690387
Metropolitana;INDEPENDENCIA;631-4;FERMIN VIVACETA 649 RIVERA 1561 LOTE 1 B Y 1 C COMUNA INDEPENDENCIA;37387;CONCESION GRATUITA A LARGO PLAZO;2-posible;Centro (ref. mercado);822521;34985714
Metropolitana;SAN JOAQUIN;1016-1;CARLOS VALDOVINOS 497 COMUNA SAN JOAQUIN;46400;CONCESION GRATUITA A LARGO PLAZO;2-posible;Centro (ref. mercado);788800;33551400
Metropolitana;SANTIAGO;44933;BERNARDO OHIGGINS 189-199 VILLAVICENCIO 21 Y BERNARDO OHIGGINS ESQUINA NOROESTE CON CALLE NAM;19856;..;1-disponible/recuperable;Centro (ref. mercado);694961;29559983
Valparaíso;VINA DEL MAR;615-1/612-3/612-4;CALLAO 398 IBERIA 252 COMUNA VINA DEL MAR;27439;..;1-disponible/recuperable;Centro (ref. mercado);685965;29177341
Biobío;TALCAHUANO;7019-30;LATORRE FUERTE BENAVENTE LOTE 2 COMUNA TALCAHUANO;54636;CONCESION GRATUITA A LARGO PLAZO;2-posible;Centro (ref. mercado);655632;27887135
Metropolitana;LA FLORIDA;2516-39;SANTA AMALIA 1022 COMUNA LA FLORIDA;42728;..;1-disponible/recuperable;Centro (ref. mercado);598192;25443939
Valparaíso;VINA DEL MAR;2472-311;GOMEZ CARRENO ESQUINA INDICO LOTE 236-A COMUNA VINA DEL MAR;20480;CONCESION GRATUITA A CORTO PLAZO;1-disponible/recuperable;Centro (ref. mercado);512000;21777785
Biobío;SAN PEDRO DE LA PAZ;12681-1;CALLE LOS PENSAMIENTOS MANZANA LOTE 1 Y 2 COMUNA SAN PEDRO DE LA PAZ;36209;..;1-disponible/recuperable;Centro (ref. mercado);506926;21561964
Metropolitana;SANTIAGO;33-4;BANDERA 46 - 52 COMUNA SANTIAGO;12551;PERMISO OCUPACION;2-posible;Centro (ref. mercado);439271;18684276
Metropolitana;SANTIAGO;159-1;CATEDRAL 1150 COMUNA SANTIAGO;12299;..;1-disponible/recuperable;Centro (ref. mercado);430451;18309120
Metropolitana;LO ESPEJO;4600-14;JORGE ALESSANDRI RODRIGUEZ 8887 LOTE B COMUNA LO ESPEJO;50140;PERMISO OCUPACION;2-posible;Centro (ref. mercado);401120;17061534
Metropolitana;QUINTA NORMAL;4055-35;LOTE 1C COMUNA QUINTA NORMAL;24859;CONCESION GRATUITA A LARGO PLAZO;2-posible;Centro (ref. mercado);397748;16918107
Metropolitana;SAN JOAQUIN;3325-3;COMERCIO 251 COMUNA SAN JOAQUIN;22680;CONCESION GRATUITA A LARGO PLAZO;2-posible;Centro (ref. mercado);385560;16399693
Biobío;CONCEPCION;SIN ROL;GENERAL OSCAR BONILLA LOTE 2 COMUNA CONCEPCION;20317;CONCESION GRATUITA A CORTO PLAZO;1-disponible/recuperable;Centro (ref. mercado);365702;15555038
Valparaíso;CARTAGENA;SIN ROL;COSTANERA DEL MAR SIN NUMERO LOTE 4 COMUNA CARTAGENA;71048;CONCESION GRATUITA A CORTO PLAZO;1-disponible/recuperable;Centro (ref. mercado);355242;15110125
Metropolitana;PADRE HURTADO;334-910 - 334-911 - 334-912;CAMINO A MELIPILLA 641 COMUNA PADRE HURTADO;58112;..;1-disponible/recuperable;Centro (ref. mercado);348670;14830587
Valparaíso;VALPARAISO;5131-1;PASAJE LAS QUINTAS MANZANA Q LOTE 1 COMUNA VALPARAISO;21473;CONCESION GRATUITA A CORTO PLAZO;1-disponible/recuperable;Centro (ref. mercado);322095;13700226
Antofagasta;ANTOFAGASTA;20000-37;LOTE 3C SECTOR CHAQUETA BLANCA COMUNA ANTOFAGASTA;76800;CONCESION GRATUITA;2-posible;Norte (gruesa);307200;13066671
Metropolitana;SANTIAGO;278-6;MATUCANA 501 - 573 COMUNA SANTIAGO;8766;CONCESION GRATUITA A LARGO PLAZO;2-posible;Centro (ref. mercado);306821;13050550
Antofagasta;ANTOFAGASTA;6770-2;LOTE B BARRIO INDUSTRIAL LA NEGRA SIN NUMERO COMUNA ANTOFAGASTA;75697;CONCESION GRATUITA;2-posible;Norte (gruesa);302788;12879008
Antofagasta;ANTOFAGASTA;1-14536;LOTE G ALTOS LA PORTADA COMUNA ANTOFAGASTA;74350;CONCESION GRATUITA;2-posible;Norte (gruesa);297400;12649831
Antofagasta;ANTOFAGASTA;16178-1;AVENIDA CIRCUNVALACION NORTE B COMUNA ANTOFAGASTA;73305;CONCESION GRATUITA;2-posible;Norte (gruesa);293220;12472036
Valparaíso;VINA DEL MAR;4659-812;ESMERALDA SIN NUMERO COMUNA VINA DEL MAR;11409;CONCESION GRATUITA A CORTO PLAZO;1-disponible/recuperable;Centro (ref. mercado);285225;12131970
Metropolitana;LA GRANJA;2214-4;LA VICTORIA 036 AL 0356 LOTE B LOTE C LOTE D Y LOTE E COMUNA LA GRANJA;28345;..;1-disponible/recuperable;Centro (ref. mercado);283453;12056599
Metropolitana;NUNOA;1571-3;ROSITA RENARD 1179 LOTE A COMUNA NUNOA;6707;CONCESION GRATUITA A CORTO PLAZO;1-disponible/recuperable;Centro (ref. mercado);281677;11981057
Metropolitana;RECOLETA;5396-2;DUQUE DE KENT 1020 COMUNA RECOLETA;14080;CONCESION GRATUITA A CORTO PLAZO;1-disponible/recuperable;Centro (ref. mercado);281600;11977782
Valparaíso;VINA DEL MAR;2360-14/2360-19;ALESSANDRI SIN NUMERO RESTO DEL PREDIO 9 LOTE 9B COMUNA VINA DEL MAR;11210;..;1-disponible/recuperable;Centro (ref. mercado);280246;11920190
Biobío;CONCEPCION;603-1;PAICAVI 1320 LOTE 1 COMUNA CONCEPCION;14987;..;1-disponible/recuperable;Centro (ref. mercado);269762;11474256
Metropolitana;SANTIAGO;1005-4;BASCUNAN GUERRERO 910 COMUNA SANTIAGO;7568;..;1-disponible/recuperable;Centro (ref. mercado);264894;11267197
Valparaíso;EL TABO;670-264 Y 670-265;ARMANDO CELIS SIN NUMERO LOTES NUMEROS 1, 2, 3, 5, 6 Y 7 COMUNA EL TABO;52816;..;1-disponible/recuperable;Centro (ref. mercado);264081;11232616
Metropolitana;SANTIAGO;107-254;AGUSTINAS 1269 COMUNA SANTIAGO;7494;..;1-disponible/recuperable;Centro (ref. mercado);262281;11156053
Antofagasta;ANTOFAGASTA;6746-1;HECTOR GOMEZ COBO SIN NUMERO LA NEGRA EXTENSION NORTE COMUNA ANTOFAGASTA;61298;ARRENDAMIENTO;2-posible;Norte (gruesa);245192;10429177
Antofagasta;ANTOFAGASTA;6744-6;LOTE 6 SECTOR LA NEGRA EXTENSION NORTE COMUNA ANTOFAGASTA;60001;CONCESION A TITULO ONEROSO;2-posible;Norte (gruesa);240004;10208507
Metropolitana;RECOLETA;2576-1 - 2576-13 - 2576-14;ARZOBISPO VALDIVIESO 0186 COMUNA RECOLETA;11857;CONCESION GRATUITA A CORTO PLAZO;1-disponible/recuperable;Centro (ref. mercado);237139;10086645
Antofagasta;ANTOFAGASTA;25049-1;NUDO URIBE COMUNA ANTOFAGASTA;56947;ARRENDAMIENTO;2-posible;Norte (gruesa);227788;9688903
Antofagasta;ANTOFAGASTA;1037-3;LOTE A SECTOR ALTO LA PORTADA COMUNA ANTOFAGASTA;55100;CONCESION GRATUITA;2-posible;Norte (gruesa);220400;9374656
Valparaíso;EL TABO;335-34/335-9;DAGOBERTO GODOY SIN NUMERO LOTE 1-A LOTE 1-B LOTE 2 LOTE 3-A LOTE 3-B COMUNA EL TABO;43043;..;1-disponible/recuperable;Centro (ref. mercado);215215;9154113
Valparaíso;VALPARAISO;3063-1;CARCEL 491 LOTE 3A COMUNA VALPARAISO;14236;CONCESION GRATUITA A LARGO PLAZO;2-posible;Centro (ref. mercado);213537;9082740
Valparaíso;VALPARAISO;3159-5;LO VENEGAS SIN NUMERO COMUNA VALPARAISO;14155;CONCESION GRATUITA A CORTO PLAZO;1-disponible/recuperable;Centro (ref. mercado);212325;9031188
Valparaíso;VINA DEL MAR;2440-90;CIRCUNVALACION NORTE SIN NUMERO LOTE 1 Y 2 COMUNA VINA DEL MAR;8305;CONCESION GRATUITA A LARGO PLAZO;2-posible;Centro (ref. mercado);207625;8831275
Valparaíso;SAN ANTONIO;1530-1;IGNACIO VICUNA COMUNA SAN ANTONIO;25927;..;1-disponible/recuperable;Centro (ref. mercado);207414;8822300
Antofagasta;CALAMA;3801-3;ACCESO SUR DE CALAMA LOTE A COMUNA CALAMA;68000;CONCESION A TITULO ONEROSO;2-posible;Norte (gruesa);204000;8677086
Antofagasta;CALAMA;3801-2;ACCESO SUR DE CALAMA LOTE A COMUNA CALAMA;68000;CONCESION A TITULO ONEROSO;2-posible;Norte (gruesa);204000;8677086
Antofagasta;ANTOFAGASTA;6800-33;SECTOR MINERA ZALDIVAR COMUNA ANTOFAGASTA;49500;ARRENDAMIENTO;2-posible;Norte (gruesa);198000;8421878
Metropolitana;LA REINA;6030-5;LARRAIN 9900 LOTE A COMUNA LA REINA;6512;CONCESION GRATUITA A LARGO PLAZO;2-posible;Centro (ref. mercado);195346;8308991
Metropolitana;NUNOA;5962-4;RAMON CRUZ MONTT 1099 ENTRE RAUL SILVA CASTRO Y PASAJE LAS OLAS COMUNA NUNOA;4597;CONCESION GRATUITA A LARGO PLAZO;2-posible;Centro (ref. mercado);193059;8211714
Valparaíso;VILLA ALEMANA;229-8;BAQUEDANO 1151 Y VICTORIA 50 LOTE 1-A 1-B 1-C COMUNA VILLA ALEMANA;21397;..;1-disponible/recuperable;Centro (ref. mercado);192569;8190872
Antofagasta;CALAMA;3801-32;ACCESO SUR DE CALAMA COMUNA CALAMA;63800;CONCESION A TITULO ONEROSO;2-posible;Norte (gruesa);191400;8141149
Valparaíso;VINA DEL MAR;366-42/366-43;SANTA INES MANZANA I LOTE 1 COMUNA VINA DEL MAR;7400;CONCESION GRATUITA A LARGO PLAZO;2-posible;Centro (ref. mercado);185000;7868926
Tarapacá;IQUIQUE;2427-1;MANZANA L, COMUNA IQUIQUE;30700;EN USO RECUPERABLE (texto);2-posible;Norte (gruesa);184200;7834899
Metropolitana;NUNOA;6403-1;VIA OCHO 1065 COMUNA NUNOA;4249;CONCESION GRATUITA A CORTO PLAZO;1-disponible/recuperable;Centro (ref. mercado);178450;7590324
Valparaíso;CARTAGENA;1099-9;LO ABARCA LOTE A COMUNA CARTAGENA;34900;..;1-disponible/recuperable;Centro (ref. mercado);174500;7422312
Valparaíso;VINA DEL MAR;2282-29, 2282-30, 2282-31 Y 2282-32;ANTONIO FERNANDEZ SIN NUMERO LOTE 1, LOTE 2, LOTE 3, Y LOTE 4 COMUNA VINA DEL MAR;6846;..;1-disponible/recuperable;Centro (ref. mercado);171161;7280288
Metropolitana;QUINTA NORMAL;4044-36;COSTANERA SUR LOTE 2 COMUNA QUINTA NORMAL;10385;CONCESION GRATUITA A LARGO PLAZO;2-posible;Centro (ref. mercado);166158;7067487
Antofagasta;CALAMA;3801-18;ACCESO SUR DE CALAMA LOTE B COMUNA CALAMA;54400;CONCESION A TITULO ONEROSO;2-posible;Norte (gruesa);163200;6941669
Antofagasta;CALAMA;3801-19;ACCESO SUR DE CALAMA LOTE C COMUNA CALAMA;54400;CONCESION A TITULO ONEROSO;2-posible;Norte (gruesa);163200;6941669
Metropolitana;QUINTA NORMAL;4034-33;LOTE 1A COMUNA QUINTA NORMAL;10180;CONCESION GRATUITA A LARGO PLAZO;2-posible;Centro (ref. mercado);162874;6927803
Valparaíso;VINA DEL MAR;2309-1;ESTANISLAO LOAIZA LOTE 1 Y 2 COMUNA VINA DEL MAR;6500;CONCESION GRATUITA A LARGO PLAZO;2-posible;Centro (ref. mercado);162500;6911895
Antofagasta;MEJILLONES;521-7;AL ESTE DE LA CIUDAD DE MEJILLONES COMUNA MEJILLONES;80098;CONCESION GRATUITA;2-posible;Norte (gruesa);160196;6813895
Metropolitana;VITACURA;111-5;DAG HAMMARSKJOLD 3209 LOTE 2B2 COMUNA VITACURA;1750;CONCESION GRATUITA A LARGO PLAZO;2-posible;Centro (ref. mercado);157500;6699221
Valparaíso;VINA DEL MAR;SIN ROL;INTERNACIONAL MANZANA H SITIO 1 COMUNA VINA DEL MAR;6250;CONCESION GRATUITA A CORTO PLAZO;1-disponible/recuperable;Centro (ref. mercado);156258;6646393
Valparaíso;VINA DEL MAR;708-1;LIMACHE 4755 EL SALTO COMUNA VINA DEL MAR;6211;..;1-disponible/recuperable;Centro (ref. mercado);155275;6604581
Antofagasta;ANTOFAGASTA;1-14532;LOTE C ALTOS LA PORTADA COMUNA ANTOFAGASTA;38728;CONCESION GRATUITA;2-posible;Norte (gruesa);154912;6589141
Valparaíso;VALPARAISO;1107-1/1107-13/1107-14/1107-15/1107-16/1107-17;SANTA MARTA 183 LOTE 1 Y ALCALDE BARRIOS 289 LOTE 2 COMUNA VALPARAISO;10319;..;1-disponible/recuperable;Centro (ref. mercado);154782;6583612
Valparaíso;VINA DEL MAR;2469-902 / 2469-903 / 2469-904;VEINTITRES PONIENTE LOTE 1 COMUNA VINA DEL MAR;6017;ARRENDAMIENTO;2-posible;Centro (ref. mercado);150425;6398288
Antofagasta;CALAMA;2009-124;SECTOR CHUNCHURI SITIO 32 COMUNA CALAMA;50100;CONCESION GRATUITA;2-posible;Norte (gruesa);150300;6392971
Metropolitana;PUDAHUEL;3747-1;EL COBRE 8605 LOTE A Y EL SALITRE 748 LOTE B COMUNA PUDAHUEL;18760;CONCESION GRATUITA A LARGO PLAZO;2-posible;Centro (ref. mercado);150079;6383571
Antofagasta;SAN PEDRO DE ATACAMA;3524-1;LOCALIDAD DE SAN PEDRO DE ATACAMA COMUNA SAN PEDRO DE ATACAMA;50000;CONCESION GRATUITA;2-posible;Norte (gruesa);150000;6380211
Antofagasta;CALAMA;3801-16;ACCESO SUR DE CALAMA LOTE B COMUNA CALAMA;49000;CONCESION A TITULO ONEROSO;2-posible;Norte (gruesa);147000;6252606
Antofagasta;CALAMA;3801-17;ACCESO SUR DE CALAMA LOTE C COMUNA CALAMA;49000;CONCESION A TITULO ONEROSO;2-posible;Norte (gruesa);147000;6252606
Antofagasta;CALAMA;18000-7;A 41,33 KMS AL SURESTE DE LA CIUDAD DE CALAMA COMUNA CALAMA;48400;ARRENDAMIENTO;2-posible;Norte (gruesa);145200;6176044
Antofagasta;CALAMA;6069-1;SECTOR SUR DE CALAMA COMUNA CALAMA;47981;CONCESION A TITULO ONEROSO;2-posible;Norte (gruesa);143943;6122578
Metropolitana;NUNOA;6406-19;VIA TRECE 1084 COMUNA NUNOA;3420;CONCESION GRATUITA A LARGO PLAZO;2-posible;Centro (ref. mercado);143640;6109690
Metropolitana;PENALOLEN;9005-4;JOSE ARRIETA 8200 COMUNA PENALOLEN;8895;CONCESION GRATUITA A LARGO PLAZO;2-posible;Centro (ref. mercado);142320;6053544
Metropolitana;RECOLETA;78-2;BELLAVISTA 180 COMUNA RECOLETA;7051;CONCESION GRATUITA A LARGO PLAZO;2-posible;Centro (ref. mercado);141011;5997866
Valparaíso;VALPARAISO;1506-1;PASAJE VEINTISEIS SIN NUMERO COMUNA VALPARAISO;9049;CONCESION GRATUITA A CORTO PLAZO;1-disponible/recuperable;Centro (ref. mercado);135728;5773155
Valparaíso;VALPARAISO;1089-1;SUBIDA AL CEMENTERIO SIN NUMERO COMUNA VALPARAISO;8906;CONCESION GRATUITA A CORTO PLAZO;1-disponible/recuperable;Centro (ref. mercado);133589;5682173
Antofagasta;MEJILLONES;501-13;LOTE B SECTOR INDUSTRIAL DE MEJILLONES COMUNA MEJILLONES;66500;ARRENDAMIENTO;2-posible;Norte (gruesa);133000;5657120
Tarapacá;ALTO HOSPICIO;SIN ROL;ALTO MOLLE COMUNA ALTO HOSPICIO;32500;EN USO RECUPERABLE (texto);2-posible;Norte (gruesa);130000;5529516
Metropolitana;SANTIAGO;35-4;LIBERTAD 1560 COMUNA SANTIAGO;3700;CONCESION GRATUITA A LARGO PLAZO;2-posible;Centro (ref. mercado);129516;5508929
Metropolitana;LA FLORIDA;710-33;VOLCAN CALBUCO 5850 COMUNA LA FLORIDA;9240;CONCESION GRATUITA A CORTO PLAZO;1-disponible/recuperable;Centro (ref. mercado);129360;5502294
Antofagasta;TALTAL;510-4;CALLE ARTURO PRAT LOTE 1 COMUNA TALTAL;85360;CONCESION GRATUITA;2-posible;Norte (gruesa);128040;5446148
Antofagasta;ANTOFAGASTA;25051-4;NUDO URIBE SIN NUMERO COMUNA ANTOFAGASTA;32006;CONCESION A TITULO ONEROSO;2-posible;Norte (gruesa);128024;5445467
Antofagasta;SAN PEDRO DE ATACAMA;3505-68;SAN PEDRO DE ATACAMA AYLLO DE CATARPE COMUNA SAN PEDRO DE ATACAMA;42500;CONCESION GRATUITA;2-posible;Norte (gruesa);127500;5423179
Valparaíso;VINA DEL MAR;2466-461/2466-468/2466-469;PACIFICO 4321 LOTE 1 2 Y 3 COMUNA VINA DEL MAR;5035;..;1-disponible/recuperable;Centro (ref. mercado);125875;5354060
Metropolitana;QUINTA NORMAL;4044-37;COSTANERA SUR LOTE 3 COMUNA QUINTA NORMAL;7797;CONCESION GRATUITA A LARGO PLAZO;2-posible;Centro (ref. mercado);124759;5306591
Valparaíso;VINA DEL MAR;SIN ROL;INTERNACIONAL SIN NUMERO MANZANA H SITIO 2 COMUNA VINA DEL MAR;4970;CONCESION GRATUITA A CORTO PLAZO;1-disponible/recuperable;Centro (ref. mercado);124250;5284941
Metropolitana;ESTACION CENTRAL;450-16;MATUCANA 100 AL 214 COMUNA ESTACION CENTRAL;6724;CONCESION GRATUITA A LARGO PLAZO;2-posible;Centro (ref. mercado);121031;5148022
Antofagasta;CALAMA;16000-15;CERRITO BAYOS COMUNA CALAMA;40000;CONCESION A TITULO ONEROSO;2-posible;Norte (gruesa);120000;5104168
Antofagasta;CALAMA;716-3;CALLE DIEGO DE ALMAGRO ESQUINA CALLE COLONIA COMUNA CALAMA;39900;CONCESION GRATUITA;2-posible;Norte (gruesa);119700;5091408
Valparaíso;QUILPUE;775-2;CALLE COOPERACION 290 LOTES 1 Y 2 COMUNA QUILPUE;9902;CONCESION GRATUITA A CORTO PLAZO;1-disponible/recuperable;Centro (ref. mercado);118822;5054063
Antofagasta;TOCOPILLA;804-1;AL NOROESTE DEL LOTEO TRES MARIAS COMUNA TOCOPILLA;58394;CONCESION GRATUITA;2-posible;Norte (gruesa);116788;4967547
Biobío;SAN PEDRO DE LA PAZ;12016-1;PASAJE SARGENTO ALDEA 918 ESQUINA PASAJE LAS TORRES COMUNA SAN PEDRO DE LA PAZ;8320;CONCESION GRATUITA A LARGO PLAZO;2-posible;Centro (ref. mercado);116480;4954446
Metropolitana;LA CISTERNA;3240-1;INES RIVAS COMUNA LA CISTERNA;7197;..;1-disponible/recuperable;Centro (ref. mercado);115152;4897960
Valparaíso;VALPARAISO;6003-1;JOSE SANTOS OSSA SIN NUMERO COMUNA VALPARAISO;7628;..;1-disponible/recuperable;Centro (ref. mercado);114425;4867037
Antofagasta;SAN PEDRO DE ATACAMA;3510-125;PUKARA DE QUITOR COMUNA SAN PEDRO DE ATACAMA;38000;CONCESION GRATUITA;2-posible;Norte (gruesa);114000;4848960
Antofagasta;ANTOFAGASTA;45000-64;A 48 KMS APROX AL ESTE DEL BARRIO INDUSTRIAL LA NEGRA COMUNA ANTOFAGASTA;28000;CONCESION A TITULO ONEROSO;2-posible;Norte (gruesa);112000;4763891
Valparaíso;CARTAGENA;1001-40;COSTANERA DEL MAR SIN NUMERO LOTE 15 COMUNA CARTAGENA;22338;CONCESION GRATUITA A CORTO PLAZO;1-disponible/recuperable;Centro (ref. mercado);111691;4750747
Antofagasta;ANTOFAGASTA;16351-1 Y 16531-2;INTERSECCION CALLE BENITO OCAMPO OFICINA ANITA LOTE 1 Y LOTE 2 SECTOR LA CHIMBA BAJO COMUNA A;27844;CONCESION GRATUITA;2-posible;Norte (gruesa);111376;4737349
Metropolitana;PENALOLEN;7188-1, 7188-3 Y 7188-4;GRECIA 6891 COMUNA PENALOLEN;6826;..;1-disponible/recuperable;Centro (ref. mercado);109220;4645644
Metropolitana;LO ESPEJO;3930-2;JOSE JOAQUIN PRIETO 7271 COMUNA LO ESPEJO;13650;CONCESION GRATUITA A CORTO PLAZO;1-disponible/recuperable;Centro (ref. mercado);109200;4644793
Antofagasta;SAN PEDRO DE ATACAMA;3510-170;AYLLO DE QUITOR COMUNA SAN PEDRO DE ATACAMA;36400;CONCESION GRATUITA;2-posible;Norte (gruesa);109200;4644793
Metropolitana;SANTIAGO;36-10;MONEDA 1326 LOTE A COMUNA SANTIAGO;2999;..;1-disponible/recuperable;Centro (ref. mercado);104971;4464914
Tarapacá;ALTO HOSPICIO;5362-6 PREASIGNADO;LOTE 8 MANZANA A COMUNA ALTO HOSPICIO;25881;EN USO RECUPERABLE (texto);2-posible;Norte (gruesa);103524;4403366
Antofagasta;ANTOFAGASTA;1499-32;IQUIQUE 4771 AL 4799 COMUNA ANTOFAGASTA;24736;CONCESION GRATUITA;2-posible;Norte (gruesa);98944;4208557
Valparaíso;CARTAGENA;4303-6;FERNANDO CALVO Y SEXTA Y SEPTIMA ORIENTE LOTES 1, 2, 3, 4 Y 5 COMUNA CARTAGENA;19496;..;1-disponible/recuperable;Centro (ref. mercado);97480;4146286
Antofagasta;CALAMA;3487-2;COSTADO NORTE DE LA CIUDAD DE CALAMA COMUNA CALAMA;32300;ARRENDAMIENTO;2-posible;Norte (gruesa);96900;4121616
Biobío;SAN PEDRO DE LA PAZ;12680-1;LAS VIOLETAS ESQUINA ENRIQUE SORO COMUNA SAN PEDRO DE LA PAZ;6782;CONCESION GRATUITA A CORTO PLAZO;1-disponible/recuperable;Centro (ref. mercado);94949;4038631
Antofagasta;CALAMA;16000-20;SECTOR LIMON VERDE COMUNA CALAMA;31100;ARRENDAMIENTO;2-posible;Norte (gruesa);93300;3968491
Metropolitana;LO BARNECHEA;4065-10;LO BARNECHEA 1280 COMUNA LO BARNECHEA;2296;CONCESION GRATUITA A CORTO PLAZO;1-disponible/recuperable;Centro (ref. mercado);91844;3906560
Valparaíso;VINA DEL MAR;3705-2;SAN PEDRO DE ATACAMA SIN NUMERO LOTE 2 COMUNA VINA DEL MAR;3554;CONCESION GRATUITA A LARGO PLAZO;2-posible;Centro (ref. mercado);88857;3779509
Metropolitana;LA FLORIDA;793-11;ACONCAGUA 8289 COMUNA LA FLORIDA;6300;CONCESION GRATUITA A CORTO PLAZO;1-disponible/recuperable;Centro (ref. mercado);88200;3751564
Antofagasta;ANTOFAGASTA;16208-10;EDMUNDO PEREZ ZUJOVIC SIN NUMERO COMUNA ANTOFAGASTA;22041;CONCESION GRATUITA;2-posible;Norte (gruesa);88164;3750033
Antofagasta;CALAMA;6070-38;MANZANA 6 B LOTE 2 SECTOR TOPATER COMUNA CALAMA;29378;CONCESION GRATUITA;2-posible;Norte (gruesa);88134;3748756
Metropolitana;NUNOA;2462-1;PASAJE NUEVE 4850 COMUNA NUNOA;2098;CONCESION GRATUITA A LARGO PLAZO;2-posible;Centro (ref. mercado);88121;3748204
Metropolitana;SANTIAGO;393-7;BERNARDO OHIGGINS 1642 LOTE A Y ALONSO OVALLE 1637 LOTE B COMUNA SANTIAGO;2488;CONCESION GRATUITA A LARGO PLAZO;2-posible;Centro (ref. mercado);87063;3703202
Metropolitana;LA REINA;6706-50;MAMINA 9621 COMUNA LA REINA;2885;CONCESION GRATUITA A LARGO PLAZO;2-posible;Centro (ref. mercado);86537;3680829
Metropolitana;SANTIAGO;1012-256;MARCOLETA HOY BARON PIERRE DE COUBERTIN COMUNA SANTIAGO;2456;CONCESION GRATUITA A CORTO PLAZO;1-disponible/recuperable;Centro (ref. mercado);85976;3656967
Metropolitana;LA REINA;6200-3;QUILLAGUA 81 Y SALAR DEL CARMEN 81 COMUNA LA REINA;2830;CONCESION GRATUITA A LARGO PLAZO;2-posible;Centro (ref. mercado);84901;3611242
Antofagasta;ANTOFAGASTA;1-14535;LOTE F ALTOS LA PORTADA COMUNA ANTOFAGASTA;21218;CONCESION GRATUITA;2-posible;Norte (gruesa);84872;3610008
Antofagasta;ANTOFAGASTA;25051-7;SECTOR NUDO URIBE SIN NUMERO COMUNA ANTOFAGASTA;21103;ARRENDAMIENTO;2-posible;Norte (gruesa);84412;3590442
Metropolitana;SAN JOAQUIN;5496-1;CONIMO 286 COMUNA SAN JOAQUIN;4949;CONCESION GRATUITA A LARGO PLAZO;2-posible;Centro (ref. mercado);84129;3578405
Antofagasta;ANTOFAGASTA;20000-49;SECTOR SALAR DEL CARMEN LOTE 2 COMUNA ANTOFAGASTA;20963;CONCESION A TITULO ONEROSO;2-posible;Norte (gruesa);83852;3566623
Tarapacá;POZO ALMONTE;PREASIGNADO;LOTE C COMUNA POZO ALMONTE;41300;EN USO RECUPERABLE (texto);2-posible;Norte (gruesa);82600;3513369
Metropolitana;SANTIAGO;308-2;CHACABUCO 430 COMUNA SANTIAGO;2348;CONCESION GRATUITA A LARGO PLAZO;2-posible;Centro (ref. mercado);82163;3494782
Tarapacá;IQUIQUE;SIN ROL;MANZANA E LOTE 2 COMUNA IQUIQUE;13600;EN USO RECUPERABLE (texto);2-posible;Norte (gruesa);81600;3470835
Metropolitana;NUNOA;3963-7 Y 3963-8;"SAN JORGE 57 MANZANA TERCERA SITIO 2; IRARRAZAVAL 4957 MANZANA 3 SITIO 1 PARTE; COMUNA NUNOA";1926;..;1-disponible/recuperable;Centro (ref. mercado);80882;3440295
Antofagasta;ANTOFAGASTA;7534-2;CALLE GUANAQUEROS LOTE B SECTOR LOS ARENALES COMUNA ANTOFAGASTA;20078;CONCESION GRATUITA;2-posible;Norte (gruesa);80312;3416050
Antofagasta;MEJILLONES;505-4;CEMENTERIO LOTE A COMUNA MEJILLONES;40100;CONCESION GRATUITA;2-posible;Norte (gruesa);80200;3411286
Antofagasta;MEJILLONES;505-5;LOTE B CEMENTERIO DE MEJILLONES COMUNA MEJILLONES;40082;CONCESION GRATUITA;2-posible;Norte (gruesa);80164;3409755
Antofagasta;CALAMA;3301-470;PUKARA DE LASANA COMUNA CALAMA;26700;CONCESION GRATUITA;2-posible;Norte (gruesa);80100;3407032
Metropolitana;EL BOSQUE;4601-3;ALEJANDRO GUZMAN 735 LOTE 3 COMUNA EL BOSQUE;8864;CONCESION GRATUITA A LARGO PLAZO;2-posible;Centro (ref. mercado);79779;3393379
Biobío;CORONEL;5004-224;BY PASS CORONEL LOTE SIN NUMERO LOTE A FUNDO ESCUADRON COMUNA CORONEL;11331;..;1-disponible/recuperable;Centro (ref. mercado);79314;3373600
Antofagasta;ANTOFAGASTA;16819-1;SECTOR LA CHIMBA BAJO COMUNA ANTOFAGASTA;19787;ARRENDAMIENTO;2-posible;Norte (gruesa);79148;3366539
Metropolitana;LA FLORIDA;1101-2;LIRCAY 9000 COMUNA LA FLORIDA;5599;CONCESION GRATUITA A CORTO PLAZO;1-disponible/recuperable;Centro (ref. mercado);78388;3334213
Valparaíso;VALPARAISO;3063-3;CARCEL 491 LOTE 3B COMUNA VALPARAISO;5214;CONCESION GRATUITA A LARGO PLAZO;2-posible;Centro (ref. mercado);78213;3326769
Valparaíso;SAN ANTONIO;8295-1;JOSE MIGUEL CARRERA VERDUGO 1053 LOTES 1 2 Y 3 COMUNA SAN ANTONIO;9774;..;1-disponible/recuperable;Centro (ref. mercado);78192;3325876
Valparaíso;QUILPUE;3501-10;COLINA DE ORO SIN NUMERO LOTE Q1 COMUNA QUILPUE;6481;CONCESION GRATUITA A LARGO PLAZO;2-posible;Centro (ref. mercado);77774;3308097
Metropolitana;SANTIAGO;176-3 Y 176-4;MONJITAS 653 - 695 COMUNA SANTIAGO;2212;..;1-disponible/recuperable;Centro (ref. mercado);77420;3293039
Metropolitana;SAN MIGUEL;5835-1;CAMPINAS 578 BELLO HORIZONTE 5891 COMUNA SAN MIGUEL;3447;..;1-disponible/recuperable;Centro (ref. mercado);75832;3225494
Antofagasta;CALAMA;2004-4;BALMACEDA 370 CALLEJON VECINAL COMUNA CALAMA;24800;CONCESION GRATUITA;2-posible;Norte (gruesa);74400;3164584
Metropolitana;SAN MIGUEL;4261-19;TERESA VIAL 1290 COMUNA SAN MIGUEL;3378;CONCESION GRATUITA A LARGO PLAZO;2-posible;Centro (ref. mercado);74318;3161097
Valparaíso;VINA DEL MAR;2360-9;ALESSANDRI SIN NUMERO RESTO DEL PREDIO 8 LOTE 4 COMUNA VINA DEL MAR;2960;..;1-disponible/recuperable;Centro (ref. mercado);74000;3147571
Antofagasta;CALAMA;6070-10;MANZANA 4 C LOTE 2 SECTOR TOPATER COMUNA CALAMA;24399;CONCESION GRATUITA;2-posible;Norte (gruesa);73197;3113415
Valparaíso;VALPARAISO;17-1/17-2;BLANCO 1421 ESQUINA PUDETO 97 COMUNA VALPARAISO;4727;..;1-disponible/recuperable;Centro (ref. mercado);70899;3015670
Antofagasta;ANTOFAGASTA;16208-6;SECTOR NORTE DE ANTOFAGASTA COMUNA ANTOFAGASTA;17600;CONCESION GRATUITA;2-posible;Norte (gruesa);70400;2994445
Antofagasta;CALAMA;2004-372;SECTOR TOPATER SUR LA CUADRILLA COMUNA CALAMA;23400;CONCESION GRATUITA;2-posible;Norte (gruesa);70200;2985939
Biobío;CONCEPCION;401-6;LAS HERAS 171-177 COMUNA CONCEPCION;3850;CONCESION GRATUITA A LARGO PLAZO;2-posible;Centro (ref. mercado);69300;2947657
Antofagasta;MEJILLONES;202-1;ACCESO SUR A LA CIUDAD DE MEJILLONES COMUNA MEJILLONES;34418;CONCESION GRATUITA;2-posible;Norte (gruesa);68836;2927921
Antofagasta;SAN PEDRO DE ATACAMA;NO ENROLADO;SECTOR LLANO DE LA PACIENCIA COMUNA SAN PEDRO DE ATACAMA;22500;ARRENDAMIENTO;2-posible;Norte (gruesa);67500;2871095
Antofagasta;TALTAL;316-1;CEMENTERIO GENERAL DE TALTAL COMUNA TALTAL;44219;CONCESION GRATUITA;2-posible;Norte (gruesa);66328;2821244
Antofagasta;ANTOFAGASTA;18070-18;MANZANA D SITIO 3 SECTOR III AGRICOLA E INDUSTRIAL LA CHIMBA COMUNA ANTOFAGASTA;16504;CONCESION GRATUITA;2-posible;Norte (gruesa);66016;2807973
Antofagasta;ANTOFAGASTA;6736-3;LOTE 2 SECTOR LA NEGRA COMUNA ANTOFAGASTA;16190;ARRENDAMIENTO;2-posible;Norte (gruesa);64760;2754550
Antofagasta;ANTOFAGASTA;6736-2;LOTE 1 SECTOR LA NEGRA COMUNA ANTOFAGASTA;16190;CONCESION A TITULO ONEROSO;2-posible;Norte (gruesa);64760;2754550
Antofagasta;ANTOFAGASTA;5642-1;GRAN AVENIDA RADOMIRO TOMIC SIN NUMERO COMUNA ANTOFAGASTA;16136;CONCESION GRATUITA;2-posible;Norte (gruesa);64544;2745362
Metropolitana;SANTIAGO;796-1 Y 796-2;REPUBLICA 301 REPUBLICA 331 COMUNA SANTIAGO;1820;CONCESION GRATUITA A LARGO PLAZO;2-posible;Centro (ref. mercado);63705;2709675
Valparaíso;VINA DEL MAR;2292-25;COLO COLO SIN NUMERO COMUNA VINA DEL MAR;2533;CONCESION GRATUITA A CORTO PLAZO;1-disponible/recuperable;Centro (ref. mercado);63318;2693214
Metropolitana;ESTACION CENTRAL;5444-7;LAS ESTEPAS 845 COMUNA ESTACION CENTRAL;3506;..;1-disponible/recuperable;Centro (ref. mercado);63111;2684410
Metropolitana;SANTIAGO;35-58;TEATINOS 40 COMUNA SANTIAGO;1800;..;1-disponible/recuperable;Centro (ref. mercado);63000;2679688
Metropolitana;SANTIAGO;280-20;SANTO DOMINGO 3320 - 3324 COMUNA SANTIAGO;1795;CONCESION GRATUITA A LARGO PLAZO;2-posible;Centro (ref. mercado);62839;2672840
Valparaíso;VINA DEL MAR;1050-122;HUMACAO SIN NUMERO VINA DEL MAR;2510;CONCESION GRATUITA A CORTO PLAZO;1-disponible/recuperable;Centro (ref. mercado);62760;2669480
Valparaíso;VALPARAISO;90-6;MERLET 195 COMUNA VALPARAISO;4136;CONCESION GRATUITA A CORTO PLAZO;1-disponible/recuperable;Centro (ref. mercado);62040;2638855
Valparaíso;VINA DEL MAR;703-406;LIMACHE SIN NUMERO LOTE 7 COMUNA VINA DEL MAR;2403;PERMISO OCUPACION;2-posible;Centro (ref. mercado);60063;2554764
Metropolitana;LA REINA;5513-187;DETECTIVE SEGUNDO VICENTE BOURQUET 7622 COMUNA LA REINA;1974;CONCESION GRATUITA A CORTO PLAZO;1-disponible/recuperable;Centro (ref. mercado);59220;2518907
Metropolitana;SAN RAMON;356-1;VICUNA MACKENNA 1800 COMUNA SAN RAMON;6576;CONCESION GRATUITA A CORTO PLAZO;1-disponible/recuperable;Centro (ref. mercado);59186;2517461
Valparaíso;VALPARAISO;3088-1;ALEMANIA 5196 COMUNA VALPARAISO;3945;CONCESION GRATUITA A CORTO PLAZO;1-disponible/recuperable;Centro (ref. mercado);59178;2517121
Biobío;CHIGUAYANTE;2779-3;CHIGUAY 543 COMUNA CHIGUAYANTE;5834;CONCESION GRATUITA A LARGO PLAZO;2-posible;Centro (ref. mercado);58338;2481391
Biobío;TALCAHUANO;1022-1;ALMIRANTE LATORRE 1226 SAN VICENTE COMUNA TALCAHUANO;4847;PERMISO OCUPACION;2-posible;Centro (ref. mercado);58160;2473820
Metropolitana;SAN MIGUEL;4246-26;BERLIN 878 MANZANA F COMUNA SAN MIGUEL;2628;CONCESION GRATUITA A CORTO PLAZO;1-disponible/recuperable;Centro (ref. mercado);57816;2459188
Metropolitana;SANTIAGO;111-1;AGUSTINAS 1401 - 1419 COMUNA SANTIAGO;1651;CONCESION GRATUITA A LARGO PLAZO;2-posible;Centro (ref. mercado);57779;2457615
Metropolitana;RENCA;1230-8;CAUPOLICAN 1481 COMUNA RENCA;5743;..;1-disponible/recuperable;Centro (ref. mercado);57425;2442557
Valparaíso;VALPARAISO;3110-5;ALEMANIA NUMERO 5801 LOTE A COMUNA VALPARAISO;3827;..;1-disponible/recuperable;Centro (ref. mercado);57403;2441621
Metropolitana;EL BOSQUE;4662-1;ANTONIO VARAS 1010 COMUNA EL BOSQUE;6336;CONCESION GRATUITA A LARGO PLAZO;2-posible;Centro (ref. mercado);57020;2425331
Antofagasta;CALAMA;6070-33;MANZANA 6 A LOTE 1 SECTOR TOPATER COMUNA CALAMA;18983;CONCESION GRATUITA;2-posible;Norte (gruesa);56949;2422311
Valparaíso;VALPARAISO;1319-1;JOSE SEREY 241 COMUNA VALPARAISO;3739;..;1-disponible/recuperable;Centro (ref. mercado);56088;2385688
Antofagasta;SIERRA GORDA;10000-25;OASIS RELLENO SANITARIO COMUNA SIERRA GORDA;56000;CONCESION GRATUITA;2-posible;Norte (gruesa);56000;2381945
Metropolitana;SANTIAGO;35-32;TEATINOS 20 Y BERNARDO OHIGGINS 1315 PISO 2 COMUNA SANTIAGO;1593;..;1-disponible/recuperable;Centro (ref. mercado);55748;2371227
Metropolitana;PUENTE ALTO;1079-4;SAN PEDRO 1231 LOTE 4 COMUNA PUENTE ALTO;5493;CONCESION GRATUITA A LARGO PLAZO;2-posible;Centro (ref. mercado);54929;2336391
Valparaíso;QUILPUE;3603-16;SAN FANCISCO DE ASIS Y PAICAVI COMUNA QUILPUE;4542;CONCESION GRATUITA A LARGO PLAZO;2-posible;Centro (ref. mercado);54503;2318271
Valparaíso;CARTAGENA;1001-13;COSTANERA DEL MAR LOTE A-1 (EX LOTE 13) Y LOTE A2 COMUNA CARTAGENA;10822;CONCESION GRATUITA A CORTO PLAZO;1-disponible/recuperable;Centro (ref. mercado);54112;2301640
Antofagasta;ANTOFAGASTA;16370-1;CIUDAD DE ANTOFAGASTA COMUNA ANTOFAGASTA;13400;CONCESION A TITULO ONEROSO;2-posible;Norte (gruesa);53600;2279862
Antofagasta;TOCOPILLA;8800-4;AL NOROESTE DEL LOTEO TRES MARIAS COMUNA TOCOPILLA;26500;CONCESION GRATUITA;2-posible;Norte (gruesa);53000;2254341
Tarapacá;PICA;PREASIGNADO;SECTOR ALTO COMINA COMUNA DE PICA;26400;EN USO RECUPERABLE (texto);2-posible;Norte (gruesa);52800;2245834
Antofagasta;SAN PEDRO DE ATACAMA;10001-2;LOTE A SECTOR PAMPA LA BOLA COMUNA SAN PEDRO DE ATACAMA;17500;CONCESION A TITULO ONEROSO;2-posible;Norte (gruesa);52500;2233074
Biobío;CONCEPCION;177-2, 177-4, 177-7, 177-8;ANIBAL PINTO 450 PISO ENTREPISO LOTE 4 5 6 15 17 103 Y 104 PISO 1 LOTE 4 5 6 7 15 Y 18 COMUNA;2877;..;1-disponible/recuperable;Centro (ref. mercado);51786;2202704
Tarapacá;HUARA;PREASIGNADO 1057-122;CALLE VECINAL SIN NUMERO COMUNA HUARA;50000;EN USO RECUPERABLE (texto);2-posible;Norte (gruesa);50000;2126737
Tarapacá;IQUIQUE;PREASIGNADO;CALLE PROYECTADA SIN NUMERO COMUNA IQUIQUE;8300;EN USO RECUPERABLE (texto);2-posible;Norte (gruesa);49800;2118230
Metropolitana;PUENTE ALTO;1079-2;SAN PEDRO 1203 LOTE 2 COMUNA PUENTE ALTO;4977;CONCESION GRATUITA A CORTO PLAZO;1-disponible/recuperable;Centro (ref. mercado);49770;2116954
Antofagasta;ANTOFAGASTA;6749-1;SECTOR LA NEGRA COMUNA ANTOFAGASTA;12369;CONCESION GRATUITA;2-posible;Norte (gruesa);49476;2104449
Antofagasta;MARIA ELENA;6800-26;OFICINA TOCO COMUNA MARIA ELENA;49300;CONCESION GRATUITA;2-posible;Norte (gruesa);49300;2096963
Metropolitana;PENALOLEN;7040-12;LITORAL 5960 COMUNA PENALOLEN;3060;CONCESION GRATUITA A LARGO PLAZO;2-posible;Centro (ref. mercado);48960;2082501
Metropolitana;SANTIAGO;963-5;MAQUINISTA ESCOBAR 3173 COMUNA SANTIAGO;1392;CONCESION GRATUITA A CORTO PLAZO;1-disponible/recuperable;Centro (ref. mercado);48734;2072888
Antofagasta;ANTOFAGASTA;25051-1;COMPLEJO PENITENCIARIO COMUNA ANTOFAGASTA;12103;ARRENDAMIENTO;2-posible;Norte (gruesa);48412;2059192
Antofagasta;SIERRA GORDA;6101-28;AL NORESTE DE LA LOCALIDAD DE SIERRA GORDA COMUNA SIERRA GORDA;48200;ARRENDAMIENTO;2-posible;Norte (gruesa);48200;2050174
Valparaíso;VALPARAISO;1134-2;SANTA MARTA MANZANA C LOTE 1 COMUNA VALPARAISO;3194;CONCESION GRATUITA A LARGO PLAZO;2-posible;Centro (ref. mercado);47915;2038052
Metropolitana;LA FLORIDA;12292-76;TRONCAL SAN FRANCISCO COMUNA LA FLORIDA;3250;CONCESION GRATUITA A CORTO PLAZO;1-disponible/recuperable;Centro (ref. mercado);45500;1935331
Antofagasta;MARIA ELENA;6700-54;SECTOR CRUCERO LOTE C COMUNA MARIA ELENA;45000;CONCESION A TITULO ONEROSO;2-posible;Norte (gruesa);45000;1914063
Metropolitana;PENALOLEN;9524-1;KENNEDY 4867 COMUNA PENALOLEN;2810;CONCESION GRATUITA A LARGO PLAZO;2-posible;Centro (ref. mercado);44960;1912362
Antofagasta;ANTOFAGASTA;16660-2;SECTOR DESALADORA DE LA CIUDAD DE ANTOFAGASTA COMUNA ANTOFAGASTA;11189;CONCESION GRATUITA;2-posible;Norte (gruesa);44756;1903685
Valparaíso;VINA DEL MAR;2130-1;CURIMON SIN NUMERO LOTE 1 LOTE 2 LOTE 3 LOTE 4 LOTE 5 LOTE 6 LOTE 7 LOTE 8 COMUNA VINA DEL MA;1783;CONCESION GRATUITA A CORTO PLAZO;1-disponible/recuperable;Centro (ref. mercado);44583;1896326
Biobío;TALCAHUANO;1590-3;LAS DALIAS LOTE 2 (EX LOTE C) COMUNA TALCAHUANO;3661;CONCESION GRATUITA A CORTO PLAZO;1-disponible/recuperable;Centro (ref. mercado);43928;1868466
Valparaíso;QUILPUE;783-2;PHILLIPI 337 MANZANA 11 SITIO 18 AL 21 COMUNA QUILPUE;3650;..;1-disponible/recuperable;Centro (ref. mercado);43799;1862979
Valparaíso;VALPARAISO;1122-11;PROYECTADA VIDAURRE MANZANA A LOTE 10 COMUNA VALPARAISO;2900;CONCESION GRATUITA A LARGO PLAZO;2-posible;Centro (ref. mercado);43500;1850261
Antofagasta;ANTOFAGASTA;17015-15;LOTE D ALTO LA PORTADA COMUNA ANTOFAGASTA;10785;ARRENDAMIENTO;2-posible;Norte (gruesa);43140;1834949
Metropolitana;SANTIAGO;448-4;DIECIOCHO 133 - 135 COMUNA SANTIAGO;1230;CONCESION GRATUITA A LARGO PLAZO;2-posible;Centro (ref. mercado);43050;1831120
Antofagasta;ANTOFAGASTA;15010-3;MANZANA M SITIO 3 EL HUASCAR COMUNA ANTOFAGASTA;10762;CONCESION GRATUITA;2-posible;Norte (gruesa);43048;1831035
Biobío;CONCEPCION;321-292;SALTO DEL LAJA SIN NUMERO COMUNA CONCEPCION;2379;CONCESION GRATUITA A LARGO PLAZO;2-posible;Centro (ref. mercado);42821;1821380
Metropolitana;PUENTE ALTO;2572-26;MIGUEL ANGEL 1929 COMUNA PUENTE ALTO;4275;CONCESION GRATUITA A LARGO PLAZO;2-posible;Centro (ref. mercado);42750;1818360
Tarapacá;POZO ALMONTE;4122-1;CALLE TRES SIN NUMERO COMUNA POZO ALMONTE;21200;EN USO RECUPERABLE (texto);2-posible;Norte (gruesa);42400;1803473
Antofagasta;SAN PEDRO DE ATACAMA;3540-192;SITIO D-2 MANZANA D AYLLU DE SEQUITOR COMUNA SAN PEDRO DE ATACAMA;14073;CONCESION GRATUITA;2-posible;Norte (gruesa);42219;1795774
Biobío;CORONEL;45262;AVENIDA GENERAL CARLOS PRATS 70 (EX COSTANERA) LO ROJAS COMUNA CORONEL;5974;ARRENDAMIENTO;2-posible;Centro (ref. mercado);41820;1778803
Valparaíso;VINA DEL MAR;280-3 280-155;19 NORTE 2155 MANZANA 33 SITIO 1 Y 2 COMUNA VINA DEL MAR;1672;CONCESION GRATUITA A LARGO PLAZO;2-posible;Centro (ref. mercado);41800;1777952
Biobío;SAN PEDRO DE LA PAZ;12738-2;PASAJE LAS TORCAZAS 2060 BARRIO CANDELARIA COMUNA SAN PEDRO DE LA PAZ;2965;CONCESION GRATUITA A LARGO PLAZO;2-posible;Centro (ref. mercado);41503;1765319
Metropolitana;EL BOSQUE;117-2;JORGE LUCO 1170 LOTE 1 COMUNA EL BOSQUE;4557;CONCESION GRATUITA A LARGO PLAZO;2-posible;Centro (ref. mercado);41010;1744350
Valparaíso;VINA DEL MAR;1502-593;LAGO ELLI SIN NUMERO LOTE 1 Y 2 COMUNA VINA DEL MAR;1633;..;1-disponible/recuperable;Centro (ref. mercado);40824;1736438
Valparaíso;VALPARAISO;SIN ROL;RIQUELME SIN NUMERO LOTE A-14 COMUNA VILLA ALEMANA;2703;CONCESION GRATUITA A CORTO PLAZO;1-disponible/recuperable;Centro (ref. mercado);40545;1724571
Antofagasta;ANTOFAGASTA;8049-1;AVENIDA PEREZ CANTO Y EDUARDO FOSTER POBLACION CARDENAL ZAMORE COMUNA ANTOFAGASTA;10097;CONCESION GRATUITA;2-posible;Norte (gruesa);40388;1717893
Valparaíso;VALPARAISO;9320-265;ABELARDO NUNEZ SIN NUMERO LOTE 3 COMUNA VALPARAISO;2683;ARRENDAMIENTO;2-posible;Centro (ref. mercado);40250;1712023
Biobío;CONCEPCION;177-3;ANIBAL PINTO 444 PISO 2 LOTE 17 PISO 3 LOTE 22 Y 23 PISO 4 LOTE PLANTA A ANIBAL PINTO 442 COM;2228;..;1-disponible/recuperable;Centro (ref. mercado);40101;1705685
Antofagasta;CALAMA;6147-6;PARCELA EL ESFUERZO SECTOR EL PEUCO COMUNA CALAMA;13364;CONCESION GRATUITA;2-posible;Norte (gruesa);40092;1705303
Antofagasta;SIERRA GORDA;6052-1;LOCALIDAD DE SIERRA GORDA COMUNA SIERRA GORDA;40007;ARRENDAMIENTO;2-posible;Norte (gruesa);40007;1701687
Valparaíso;VILLA ALEMANA;SIN ROL;QUINTA Y SEXTA SIN NUMERO LOTE A-37, A-38, A-39, A-40, A-41 Y A-42 COMUNA VILLA ALEMANA;4436;CONCESION GRATUITA A CORTO PLAZO;1-disponible/recuperable;Centro (ref. mercado);39924;1698157
Antofagasta;ANTOFAGASTA;1709-1;POBLACION CIRUJANO VIDELA AVENIDA SALVADOR ALLENDE CON CALLE LENKA FRANULIC COMUNA ANTOFAGAST;9973;CONCESION GRATUITA;2-posible;Norte (gruesa);39892;1696796
Metropolitana;ESTACION CENTRAL;5082-9;HUILLINCO 6062 COMUNA ESTACION CENTRAL;2210;CONCESION GRATUITA A CORTO PLAZO;1-disponible/recuperable;Centro (ref. mercado);39780;1692032
Metropolitana;ESTACION CENTRAL;398-1;LAS ENCINAS 97 COMUNA ESTACION CENTRAL;2200;CONCESION GRATUITA A LARGO PLAZO;2-posible;Centro (ref. mercado);39600;1684376
Valparaíso;VINA DEL MAR;2223-21;LOS RANUNCULOS SIN NUMERO COMUNA VINA DEL MAR;1575;CONCESION GRATUITA A CORTO PLAZO;1-disponible/recuperable;Centro (ref. mercado);39375;1674805
Antofagasta;SIERRA GORDA;6024-1;LOCALIDAD DE SIERRA GORDA COMUNA SIERRA GORDA;39246;CONCESION GRATUITA;2-posible;Norte (gruesa);39246;1669318
Valparaíso;VILLA ALEMANA;907-11;LOS EUCALIPTUS COMUNA VILLA ALEMANA;4308;CONCESION GRATUITA A LARGO PLAZO;2-posible;Centro (ref. mercado);38772;1649157
Biobío;CONCEPCION;590-13;CALLE SERRANO 1312 ESQUINA PRIETO;2141;CONCESION GRATUITA A LARGO PLAZO;2-posible;Centro (ref. mercado);38542;1639374
Antofagasta;CALAMA;5309-12;LOTE 12 MANZANA I PUERTO SECO COMUNA CALAMA;12841;CONCESION A TITULO ONEROSO;2-posible;Norte (gruesa);38523;1638566
Metropolitana;SANTIAGO;556-8;REPUBLICA 97 COMUNA SANTIAGO;1096;CONCESION GRATUITA A LARGO PLAZO;2-posible;Centro (ref. mercado);38360;1631633
Biobío;CONCEPCION;1360-27;PASAJE C 2022 POBLACION TENIENTE MERINO I COMUNA CONCEPCION;2131;CONCESION GRATUITA A LARGO PLAZO;2-posible;Centro (ref. mercado);38351;1631250
Metropolitana;SANTIAGO;42-50;AMUNATEGUI 66 COMUNA SANTIAGO;1095;..;1-disponible/recuperable;Centro (ref. mercado);38325;1630144
Metropolitana;NUNOA;3903-32;LO ENCALADA 207 COMUNA NUNOA;906;CONCESION GRATUITA A LARGO PLAZO;2-posible;Centro (ref. mercado);38036;1617851
Valparaíso;VINA DEL MAR;2380-22;CARLOS IBANEZ DEL CAMPO SIN NUMERO LOTES A, B, C Y D COMUNA VINA DEL MAR;1519;..;1-disponible/recuperable;Centro (ref. mercado);37983;1615597
Valparaíso;PUCHUNCAVI;218-66;VENTANA QUINTERO SIN NUMERO COMUNA PUCHUNCAVI;6284;CONCESION GRATUITA A CORTO PLAZO;1-disponible/recuperable;Centro (ref. mercado);37702;1603645
Valparaíso;VINA DEL MAR;2462-440;SIN NOMBRE LOTE 203 COMUNA VINA DEL MAR;1502;CONCESION GRATUITA A CORTO PLAZO;1-disponible/recuperable;Centro (ref. mercado);37550;1597179
Antofagasta;CALAMA;6070-34;MANZANA 6 A LOTE 2 SECTOR TOPATER COMUNA CALAMA;12505;CONCESION GRATUITA;2-posible;Norte (gruesa);37515;1595691
Antofagasta;CALAMA;3301-710;LOTE 7 PUEBLO DE LASANA COMUNA CALAMA;12500;CONCESION GRATUITA;2-posible;Norte (gruesa);37500;1595053
Antofagasta;CALAMA;5304-1;LOTE 1-A MANZANA D AMPLIACION PUERTO SECO COMUNA CALAMA;12446;ARRENDAMIENTO;2-posible;Norte (gruesa);37338;1588162
Antofagasta;CALAMA;1240-43;SITIO 10 AVENIDA TENIENTE MERINO 3551 COMUNA DE CALAMA;12312;CONCESION GRATUITA;2-posible;Norte (gruesa);36936;1571063
Antofagasta;CALAMA;5005-3;SITIO 3 MANZANA 2 PUERTO SECO COMUNA CALAMA;12300;ARRENDAMIENTO;2-posible;Norte (gruesa);36900;1569532
Metropolitana;PUENTE ALTO;331-2;GANDARILLAS 115 COMUNA PUENTE ALTO;3640;CONCESION GRATUITA A LARGO PLAZO;2-posible;Centro (ref. mercado);36400;1548264
Metropolitana;VITACURA;1911-33;LAS HUALTATAS 7380 COMUNA VITACURA;403;CONCESION GRATUITA A LARGO PLAZO;2-posible;Centro (ref. mercado);36225;1540821
Antofagasta;CALAMA;1407-1;RIQUELME 4050 VILLA AYQUINA COMUNA CALAMA;12067;CONCESION GRATUITA;2-posible;Norte (gruesa);36201;1539800
Metropolitana;VITACURA;1233-188;JACQUES CAZOTTE FRENTE AL 5600 COMUNA VITACURA;401;CONCESION GRATUITA A CORTO PLAZO;1-disponible/recuperable;Centro (ref. mercado);36104;1535674
Metropolitana;SAN MIGUEL;5843-1, 5843-2, 5843-3, 5843-4, 5843-7, 5843-8, 5843-9, 5843-10, 5843-11 Y 5843-12;"MANZANA D PASAJE 1 5885 SITIO 1; 5889 SITIO 12; PASAJE 2 513 SITIO 11; 517 SITIO 10; 519 SITI";1637;CONCESION GRATUITA A CORTO PLAZO;1-disponible/recuperable;Centro (ref. mercado);36010;1531676
Antofagasta;CALAMA;6070-37;MANZANA 6 B LOTE 1 SECTOR TOPATER COMUNA CALAMA;11910;CONCESION GRATUITA;2-posible;Norte (gruesa);35730;1519766
Biobío;CONCEPCION;6481-21;CALLE FRAY JUAN SALGUERO 209 (EX PASAJE ONCE 289) COMUNA CONCEPCION;1980;CONCESION GRATUITA A LARGO PLAZO;2-posible;Centro (ref. mercado);35640;1515938
Antofagasta;CALAMA;5306-1;SITIO 1-A MANZANA F AMPLIACION PUERTO SECO COMUNA CALAMA;11873;ARRENDAMIENTO;2-posible;Norte (gruesa);35619;1515045
Valparaíso;VINA DEL MAR;2466-462;TRES NORTE 4462 LOTE 211 COMUNA VINA DEL MAR;1414;CONCESION GRATUITA A CORTO PLAZO;1-disponible/recuperable;Centro (ref. mercado);35343;1503305
Tarapacá;ALTO HOSPICIO;SIN ROL;AVENIDA SUR SIN NUMERO COMUNA ALTO HOSPICIO;8818;EN USO RECUPERABLE (texto);2-posible;Norte (gruesa);35272;1500285
Metropolitana;LA GRANJA;6020-2;CANTO GENERAL 0330 COMUNA LA GRANJA;3488;..;1-disponible/recuperable;Centro (ref. mercado);34875;1483399
Antofagasta;ANTOFAGASTA;16075-1;CIUDAD DE ANTOFAGASTA SIN NUMERO COMUNA ANTOFAGASTA;8700;CONCESION GRATUITA;2-posible;Norte (gruesa);34800;1480209
Valparaíso;VILLA ALEMANA;SIN ROL;BAQUEDANO 756 INTERIOR LOTE A-23 COMUNA VILLA ALEMANA;3852;CONCESION GRATUITA A CORTO PLAZO;1-disponible/recuperable;Centro (ref. mercado);34668;1474594
Metropolitana;SANTIAGO;493-13;DIECIOCHO 164 COMUNA SANTIAGO;990;CONCESION GRATUITA A LARGO PLAZO;2-posible;Centro (ref. mercado);34666;1474509
Metropolitana;SANTIAGO;111-30;AMUNATEGUI 214 - 224 COMUNA SANTIAGO;988;CONCESION GRATUITA A LARGO PLAZO;2-posible;Centro (ref. mercado);34577;1470724
Tarapacá;ALTO HOSPICIO;6701-4 PREASIGNADO;CALLE PUBLICA NUMERO 2329 COMUNA DE ALTO HOSPICIO;8621;EN USO RECUPERABLE (texto);2-posible;Norte (gruesa);34484;1466768
Antofagasta;CALAMA;8004-38;ACCESO SUR DE CALAMA COMUNA CALAMA;11342;ARRENDAMIENTO;2-posible;Norte (gruesa);34026;1447287
Valparaíso;VALPARAISO;9320-261;ABELARDO NUNEZ MANZANA C LOTE 52 COMUNA VALPARAISO;2256;CONCESION GRATUITA A LARGO PLAZO;2-posible;Centro (ref. mercado);33840;1439375
Valparaíso;VALPARAISO;2045-1;SAN FRANCISCO NUMERO 261 COMUNA VALPARAISO;2238;..;1-disponible/recuperable;Centro (ref. mercado);33572;1427976
Valparaíso;SAN ANTONIO;8071-1;MERCED NUMERO 26 LOTE 16-1 COMUNA SAN ANTONIO;4186;CONCESION GRATUITA A CORTO PLAZO;1-disponible/recuperable;Centro (ref. mercado);33488;1424403
Biobío;CONCEPCION;4031-81;PROVIDENCIA 279 MANZANA PARCELA 22 SITIO 80 COMUNA CONCEPCION;1860;..;1-disponible/recuperable;Centro (ref. mercado);33480;1424063
Antofagasta;ANTOFAGASTA;17015-13;LOTE B ALTO LA PORTADA COMUNA ANTOFAGASTA;8252;ARRENDAMIENTO;2-posible;Norte (gruesa);33008;1403987
Metropolitana;SANTIAGO;375-44;AGUSTINAS 2384 COMUNA SANTIAGO;934;CONCESION GRATUITA A LARGO PLAZO;2-posible;Centro (ref. mercado);32680;1390035
Antofagasta;CALAMA;8004-28;ACCESO SUR DEL SECTOR BARRIO INDUSTRIAL COMUNA CALAMA;10872;ARRENDAMIENTO;2-posible;Norte (gruesa);32616;1387313
Metropolitana;LA FLORIDA;3095-91;MARIA ELENA COMUNA LA FLORIDA;2310;CONCESION GRATUITA A CORTO PLAZO;1-disponible/recuperable;Centro (ref. mercado);32340;1375573
Metropolitana;LO ESPEJO;4228-1;FERNANDEZ ALBANO 4537 HOY SALVADOR ALLENDE COMUNA LO ESPEJO;3999;PERMISO OCUPACION;2-posible;Centro (ref. mercado);31992;1360771
Antofagasta;CALAMA;1436-2;LA PAMPA 733 LOTE B VILLA KAMAC MAYU SECTOR AVENIDA GRAU KAMAC MAYU COMUNA CALAMA;10619;CONCESION GRATUITA;2-posible;Norte (gruesa);31857;1355029
Antofagasta;CALAMA;5328-5;MANZANA 12 SITIO 5 EXTENSION PUERTO SECO COMUNA CALAMA;10600;ARRENDAMIENTO;2-posible;Norte (gruesa);31800;1352605
Metropolitana;SAN JOAQUIN;5110-33;CANADA 5351 LOTE B-2 COMUNA SAN JOAQUIN;1868;CONCESION GRATUITA A LARGO PLAZO;2-posible;Centro (ref. mercado);31755;1350691
Biobío;CONCEPCION;00049-00036;CASTELLON 46 COMUNA CONCEPCION;1764;CONCESION GRATUITA A LARGO PLAZO;2-posible;Centro (ref. mercado);31746;1350308
Antofagasta;CALAMA;4500-1;AVENIDA CIRCUNVALACION SUR 069 COMUNA CALAMA;10581;ARRENDAMIENTO;2-posible;Norte (gruesa);31743;1350180
Antofagasta;CALAMA;2004-371;SECTOR LA BANDA COMUNA CALAMA;10564;CONCESION GRATUITA;2-posible;Norte (gruesa);31692;1348011
Valparaíso;VINA DEL MAR;1223-18;ALVAREZ 1182 AL 1210 COMUNA VINA DEL MAR;1264;..;1-disponible/recuperable;Centro (ref. mercado);31600;1344098
Antofagasta;ANTOFAGASTA;17011-1;SECTOR NORTE DE LA CIUDAD DE ANTOFAGASTA COMUNA ANTOFAGASTA;7893;CONCESION A TITULO ONEROSO;2-posible;Norte (gruesa);31572;1342907
Metropolitana;SAN JOAQUIN;838-905;AVENIDA ISABEL RIQUELME ESQUINA CALLE PACIFICO COMUNA SAN JOAQUIN;1849;CONCESION GRATUITA A CORTO PLAZO;1-disponible/recuperable;Centro (ref. mercado);31425;1336654
Antofagasta;CALAMA;5311-12;SITIO 12 MANZANA K PUERTO SECO COMUNA CALAMA;10453;ARRENDAMIENTO;2-posible;Norte (gruesa);31359;1333847
Antofagasta;CALAMA;5311-6;SITIO 6 MANZANA K AMPLIACION PUERTO SECO COMUNA CALAMA;10416;ARRENDAMIENTO;2-posible;Norte (gruesa);31248;1329125
Metropolitana;LO PRADO;5521-1;MINISTRO GANA 40 COMUNA LO PRADO;3123;CONCESION GRATUITA A LARGO PLAZO;2-posible;Centro (ref. mercado);31230;1328360
Antofagasta;ANTOFAGASTA;16161-7;SITIO 7 MANZANA 60 LA CHIMBA COMUNA ANTOFAGASTA;7787;ARRENDAMIENTO;2-posible;Norte (gruesa);31148;1324872
Antofagasta;SIERRA GORDA;6300-2;LOCALIDAD DE BAQUEDANO COMUNA SIERRA GORDA;31000;ARRENDAMIENTO;2-posible;Norte (gruesa);31000;1318577
Metropolitana;SANTIAGO;593-22;SANTA ROSA 460 COMUNA SANTIAGO;885;CONCESION GRATUITA A LARGO PLAZO;2-posible;Centro (ref. mercado);30958;1316790
Antofagasta;SAN PEDRO DE ATACAMA;10001-13;LOTE B SECTOR PAMPA LA BOLA COMUNA SAN PEDRO DE ATACAMA;10300;CONCESION GRATUITA;2-posible;Norte (gruesa);30900;1314323
Valparaíso;SAN ANTONIO;6815-8;CAMILO HENRRIQUEZ NUMERO 230 EX NUMERO 17 COMUNA SAN ANTONIO;3853;..;1-disponible/recuperable;Centro (ref. mercado);30822;1311006
Tarapacá;PICA;PREASIGNADO;ALTO CONCOVA SIN NUMERO COMUNA PICA;15400;EN USO RECUPERABLE (texto);2-posible;Norte (gruesa);30800;1310070
Metropolitana;SANTIAGO;276-1;BALMACEDA 1301 COMUNA SANTIAGO;877;..;1-disponible/recuperable;Centro (ref. mercado);30682;1305051
Tarapacá;IQUIQUE;SIN ROL;CALLE PROYECTADA SIN NUMERO COMUNA IQUIQUE;5100;EN USO RECUPERABLE (texto);2-posible;Norte (gruesa);30600;1301563
Biobío;CONCEPCION;1305-195;AVENIDA LAGUNA REDONDA 2310 COMUNA CONCEPCION;1695;CONCESION GRATUITA A LARGO PLAZO;2-posible;Centro (ref. mercado);30510;1297735
Tarapacá;IQUIQUE;PREASIGNADO;MANZANA B LOTE 4 COMUNA IQUIQUE;5000;EN USO RECUPERABLE (texto);2-posible;Norte (gruesa);30000;1276042
Tarapacá;IQUIQUE;4700-58;VIA 8 COMUNA IQUIQUE;5000;EN USO RECUPERABLE (texto);2-posible;Norte (gruesa);30000;1276042
Antofagasta;ANTOFAGASTA;16171-3;LA CHIMBA ALTO MANZANA 63 SITIO 3 COMUNA ANTOFAGASTA;7428;ARRENDAMIENTO;2-posible;Norte (gruesa);29712;1263792
Antofagasta;ANTOFAGASTA;25001-40;SITIO 57 SECTOR QUINTAS COMUNA ANTOFAGASTA;7409;ARRENDAMIENTO;2-posible;Norte (gruesa);29636;1260559
Antofagasta;MEJILLONES;301-504;LOTE 5 MANZANA 3 SECTOR SUR DE MEJILLONES COMUNA MEJILLONES;14513;CONCESION GRATUITA;2-posible;Norte (gruesa);29026;1234613
Antofagasta;SIERRA GORDA;6366-1;LOCALIDAD DE BAQUEDANO COMUNA SIERRA GORDA;28427;CONCESION GRATUITA;2-posible;Norte (gruesa);28427;1209135
Biobío;SAN PEDRO DE LA PAZ;13062-2;CALLE EJERCITO 895 ESQUINA PASAJE CAPITAN TRIZANO COMUNA SAN PEDRO DE LA PAZ;2000;CONCESION GRATUITA A CORTO PLAZO;1-disponible/recuperable;Centro (ref. mercado);28000;1190973
Antofagasta;SIERRA GORDA;6032-2;LOCALIDAD DE SIERRA GORDA COMUNA SIERRA GORDA;27845;CONCESION GRATUITA;2-posible;Norte (gruesa);27845;1184380
Valparaíso;VALPARAISO;5160-338;DOS SIN NUMERO COMUNA VALPARAISO;1852;CONCESION GRATUITA A CORTO PLAZO;1-disponible/recuperable;Centro (ref. mercado);27780;1181615
Biobío;CORONEL;2752-1;LOS ALAMOS 2428 LAGUNILLAS 1 COMUNA CORONEL;3954;CONCESION GRATUITA A CORTO PLAZO;1-disponible/recuperable;Centro (ref. mercado);27681;1177404
Antofagasta;CALAMA;8004-31;SITIO 9 AVENIDA CIRCUNVALACION ACCESO SUR CALAMA COMUNA CALAMA;9123;ARRENDAMIENTO;2-posible;Norte (gruesa);27369;1164133
Metropolitana;SANTIAGO;33-3;MONEDA 1190 COMUNA SANTIAGO;776;PERMISO OCUPACION;2-posible;Centro (ref. mercado);27158;1155158
Antofagasta;MEJILLONES;301-507;LOTE 5 MANZANA 4 SECTOR SUR DE MEJILLONES COMUNA MEJILLONES;13522;CONCESION GRATUITA;2-posible;Norte (gruesa);27044;1150309
Valparaíso;SAN ANTONIO;9041-4;ANTONIO NUNEZ FONCECA EX CAMINO SAN ANTONIO CARTAGENA LOTE 2-A COMUNA SAN ANTONIO;3379;CONCESION GRATUITA A CORTO PLAZO;1-disponible/recuperable;Centro (ref. mercado);27030;1149714
Antofagasta;CALAMA;5329-2;MANZANA 13 SITIO 2 EXTENSION PUERTO SECO COMUNA CALAMA;9000;ARRENDAMIENTO;2-posible;Norte (gruesa);27000;1148438
Antofagasta;CALAMA;5306-3;SITIO 3 MANZANA F AMPLIACION PUERTO SECO COMUNA CALAMA;8909;ARRENDAMIENTO;2-posible;Norte (gruesa);26727;1136826
Valparaíso;SAN ANTONIO;6200-16;MANUEL RODRIGUEZ ERDOIZA NUMERO 40 EX CALLE ENRIQUETA NUMERO ONCE COMUNA SAN ANTONIO;3340;CONCESION GRATUITA A LARGO PLAZO;2-posible;Centro (ref. mercado);26719;1136486
Valparaíso;QUILPUE;1297-1;MARGA MARGA SIN NUMERO LOTE A COMUNA QUILPUE;2216;CONCESION GRATUITA A LARGO PLAZO;2-posible;Centro (ref. mercado);26592;1131084
Antofagasta;SIERRA GORDA;6334-1;LOCALIDAD DE BAQUEDANO COMUNA SIERRA GORDA;26442;CONCESION GRATUITA;2-posible;Norte (gruesa);26442;1124704
Valparaíso;VILLA ALEMANA;313-957;RIQUELME SIN NUMERO LOTE A-13 COMUNA VILLA ALEMANA;2932;CONCESION GRATUITA A CORTO PLAZO;1-disponible/recuperable;Centro (ref. mercado);26388;1122407
Valparaíso;VILLA ALEMANA;229-8;BAQUEDANO 1151 LOTE 2 COMUNA VILLA ALEMANA;2894;CONCESION GRATUITA A LARGO PLAZO;2-posible;Centro (ref. mercado);26044;1107775
Antofagasta;TOCOPILLA;151-1;AVENIDA ARTURO PRAT CON CALLE BARROS ARANA CIUDAD DE TOCOPILLA COMUNA TOCOPILLA;12829;CONCESION GRATUITA;2-posible;Norte (gruesa);25658;1091356
Metropolitana;LA GRANJA;5271-1;EL TABO 8220 COMUNA LA GRANJA;2559;CONCESION GRATUITA A CORTO PLAZO;1-disponible/recuperable;Centro (ref. mercado);25590;1088464
Metropolitana;LA REINA;4705-11;LOS PRUNOS 7211 SITIO 181 COMUNA LA REINA;834;CONCESION GRATUITA A CORTO PLAZO;1-disponible/recuperable;Centro (ref. mercado);25020;1064219
Antofagasta;ANTOFAGASTA;16070-1;CALLE 2 SUR LA CHIMBA MANZANA 18 SITIO 1 VILLA AGRICOLA COMUNA ANTOFAGASTA;6241;ARRENDAMIENTO;2-posible;Norte (gruesa);24964;1061837
Metropolitana;NUNOA;53-24;JULIO ZEGERS 4223 MANZANA O LOTE 5 COMUNA NUNOA;593;CONCESION GRATUITA A CORTO PLAZO;1-disponible/recuperable;Centro (ref. mercado);24885;1058477
Biobío;TALCAHUANO;197-20;BILBAO 246 COMUNA TALCAHUANO;2070;..;1-disponible/recuperable;Centro (ref. mercado);24844;1056733
Antofagasta;MEJILLONES;301-502;LOTE 3 MANZANA 3 SECTOR SUR DE MEJILLONES COMUNA MEJILLONES;12361;CONCESION GRATUITA;2-posible;Norte (gruesa);24722;1051544
Antofagasta;CALAMA;5305-1;MANZANA E-1 SITIO 8 AMPLIACION PUERTO SECO COMUNA CALAMA;8200;ARRENDAMIENTO;2-posible;Norte (gruesa);24600;1046355
Metropolitana;SANTIAGO;201-7;SANTO DOMINGO 685 - 687 - 689 COMUNA SANTIAGO;701;CONCESION GRATUITA A CORTO PLAZO;1-disponible/recuperable;Centro (ref. mercado);24518;1042867
Antofagasta;ANTOFAGASTA;7850-1;MANZANA 14 SECTOR LOS ARENALES COMUNA ANTOFAGASTA;6113;CONCESION GRATUITA;2-posible;Norte (gruesa);24452;1040059
Antofagasta;ANTOFAGASTA;20006-2;SECTOR PORTEZUELO COMUNA ANTOFAGASTA;6100;ARRENDAMIENTO;2-posible;Norte (gruesa);24400;1037848
Antofagasta;CALAMA;5327-3;MANZANA 12 SITIO 8 EXTENSION PUERTO SECO COMUNA CALAMA;8100;ARRENDAMIENTO;2-posible;Norte (gruesa);24300;1033594
Antofagasta;ANTOFAGASTA;16171-4;LOTEO LAS PALMAS MANZANA 63 SITIO 4 LA CHIMBA COMUNA ANTOFAGASTA;6012;ARRENDAMIENTO;2-posible;Norte (gruesa);24048;1022875
Antofagasta;ANTOFAGASTA;16150-11;SITIO 11 MANZANA 27 LA CHIMBA COMUNA ANTOFAGASTA;6000;ARRENDAMIENTO;2-posible;Norte (gruesa);24000;1020834
Antofagasta;ANTOFAGASTA;16151-11;CALLE AGUAS CALIENTES SIN NUMERO MANZANA 28 SITIO 11 LA CHIMBA COMUNA ANTOFAGASTA;6000;ARRENDAMIENTO;2-posible;Norte (gruesa);24000;1020834
Antofagasta;ANTOFAGASTA;16052-4;LA CHIMBA SECTOR III MANZANA A SITIO 4 COMUNA ANTOFAGASTA;6000;CONCESION GRATUITA;2-posible;Norte (gruesa);24000;1020834
Tarapacá;ALTO HOSPICIO;6502-33;LOTE 1 ALTO MOLLE COMUNA ALTO HOSPICIO;6000;EN USO RECUPERABLE (texto);2-posible;Norte (gruesa);24000;1020834
Antofagasta;CALAMA;5325-2;MANZANA 5 SITIO 2 EXTENSION PUERTO SECO COMUNA CALAMA;7900;ARRENDAMIENTO;2-posible;Norte (gruesa);23700;1008073
Metropolitana;SANTIAGO;35-4;LIBERTAD 1550 COMUNA SANTIAGO;676;CONCESION GRATUITA A LARGO PLAZO;2-posible;Centro (ref. mercado);23644;1005691
Metropolitana;MACUL;8163-1;SAN MARCOS 4551 COMUNA MACUL;1307;CONCESION GRATUITA A CORTO PLAZO;1-disponible/recuperable;Centro (ref. mercado);23526;1000672
Metropolitana;SANTIAGO;151-111;ALMIRANTE MONTT 454 COMUNA SANTIAGO;657;CONCESION GRATUITA A LARGO PLAZO;2-posible;Centro (ref. mercado);23011;978767
Antofagasta;ANTOFAGASTA;16153-12;LOTE F-4B SECTOR LA CHIMBA COMUNA ANTOFAGASTA;5744;CONCESION GRATUITA;2-posible;Norte (gruesa);22976;977278
Metropolitana;PENALOLEN;9334-17;CONSISTORIAL 1667 COMUNA PENALOLEN;1435;CONCESION GRATUITA A LARGO PLAZO;2-posible;Centro (ref. mercado);22954;976342
Metropolitana;LA GRANJA;5307-8;SAN GREGORIO 0797 COMUNA LA GRANJA;2293;CONCESION GRATUITA A CORTO PLAZO;1-disponible/recuperable;Centro (ref. mercado);22933;975449
Metropolitana;LA GRANJA;5274-20;SAN GREGORIO 0684 COMUNA LA GRANJA;2285;CONCESION GRATUITA A CORTO PLAZO;1-disponible/recuperable;Centro (ref. mercado);22850;971919
Metropolitana;LO PRADO;11755-1;LOS TAMARINDOS 5901 COMUNA LO PRADO;2280;CONCESION GRATUITA A LARGO PLAZO;2-posible;Centro (ref. mercado);22800;969792
Metropolitana;RENCA;1302-10;ZEUS 919 COMUNA RENCA;2280;CONCESION GRATUITA A LARGO PLAZO;2-posible;Centro (ref. mercado);22800;969792
Antofagasta;ANTOFAGASTA;25001-37;LOS COPIHUES SIN NUMERO SITIO 58 COMUNA ANTOFAGASTA;5699;ARRENDAMIENTO;2-posible;Norte (gruesa);22796;969622
Metropolitana;SANTIAGO;53-9;MANUEL RODRIGUEZ 33 COMUNA SANTIAGO;651;CONCESION GRATUITA A LARGO PLAZO;2-posible;Centro (ref. mercado);22768;968431
Metropolitana;SANTIAGO;35-58;TEATINOS 28 TEATINOS 40 COMUNA SANTIAGO;650;..;1-disponible/recuperable;Centro (ref. mercado);22750;967665
Metropolitana;SANTIAGO;266-37;SANTO DOMINGO 2398 COMUNA SANTIAGO;644;CONCESION GRATUITA A LARGO PLAZO;2-posible;Centro (ref. mercado);22540;958733
Metropolitana;EL BOSQUE;15180-223;LO MORENO 217 LOTE B COMUNA EL BOSQUE;2502;CONCESION GRATUITA A CORTO PLAZO;1-disponible/recuperable;Centro (ref. mercado);22516;957712
Antofagasta;ANTOFAGASTA;16131-2;LA CHIMBA MANZANA 11 SITIO 2 VILLA AGRICOLA COMUNA ANTOFAGASTA;5623;ARRENDAMIENTO;2-posible;Norte (gruesa);22492;956691
Metropolitana;QUINTA NORMAL;3513-3;GENERAL NOVOA 4183 LOTE 1-A Y LOTE 1-B COMUNA QUINTA NORMAL;1400;..;1-disponible/recuperable;Centro (ref. mercado);22400;952778
Biobío;CONCEPCION;137-71 Y 137-72;OHIGGINS 740 SUBTERRANEO 1 Y SUBTERRANEO 2 COMUNA CONCEPCION;1241;CONCESION GRATUITA A CORTO PLAZO;1-disponible/recuperable;Centro (ref. mercado);22345;950439
Valparaíso;VALPARAISO;3063-2;CARCEL 491 LOTE 2 COMUNA VALPARAISO;1484;CONCESION GRATUITA A LARGO PLAZO;2-posible;Centro (ref. mercado);22253;946525
Tarapacá;ALTO HOSPICIO;NO MENCIONA;HUANTAJAYA SUR COMUNA ALTO HOSPICIO;5500;EN USO RECUPERABLE (texto);2-posible;Norte (gruesa);22000;935764
Antofagasta;TALTAL;388-3;LOTE B-4 AVENIDA ARTURO PRAT 1849 COMUNA TALTAL;14633;CONCESION GRATUITA;2-posible;Norte (gruesa);21950;933637
Antofagasta;CALAMA;1014-22;LOTE B OHIGGINS ENTRE SERRANO Y ECUADOR SIN NUMERO COMUNA CALAMA;7313;CONCESION GRATUITA;2-posible;Norte (gruesa);21939;933170
Tarapacá;ALTO HOSPICIO;SIN ROL;AVENIDA LOS AROMOS SIN NUMERO COMUNA ALTO HOSPICIO;5453;EN USO RECUPERABLE (texto);2-posible;Norte (gruesa);21812;927768
Metropolitana;SAN JOAQUIN;4818-1;RUBENS 4767 COMUNA SAN JOAQUIN;1282;CONCESION GRATUITA A CORTO PLAZO;1-disponible/recuperable;Centro (ref. mercado);21794;927002
Tarapacá;ALTO HOSPICIO;6502-34;COMUNA ALTO HOSPICIO;5429;EN USO RECUPERABLE (texto);2-posible;Norte (gruesa);21716;923684
Metropolitana;SANTIAGO;438-88;ERASMO ESCALA 2436 AL 2444 COMUNA SANTIAGO;619;CONCESION GRATUITA A CORTO PLAZO;1-disponible/recuperable;Centro (ref. mercado);21649;920835
Metropolitana;LA FLORIDA;751-43;SANTA JULIA 1111 COMUNA LA FLORIDA;1545;CONCESION GRATUITA A CORTO PLAZO;1-disponible/recuperable;Centro (ref. mercado);21627;919899
Valparaíso;VILLA ALEMANA;SIN ROL;BAQUEDANO SIN NUMERO INTERIOR LOTE A-18 COMUNA VILLA ALEMANA;2401;CONCESION GRATUITA A CORTO PLAZO;1-disponible/recuperable;Centro (ref. mercado);21609;919133
Biobío;CONCEPCION;321-145;SALTO DEL LAJA 860 LOTE E-3 COMUNA CONCEPCION;1200;CONCESION GRATUITA A CORTO PLAZO;1-disponible/recuperable;Centro (ref. mercado);21600;918750
Antofagasta;CALAMA;5327-1;MANZANA 12 SITIO 6 EXTENSION PUERTO SECO COMUNA CALAMA;7200;ARRENDAMIENTO;2-posible;Norte (gruesa);21600;918750
Tarapacá;ALTO HOSPICIO;SIN ROL;LOTE 2 COMUNA ALTO HOSPICIO;5400;EN USO RECUPERABLE (texto);2-posible;Norte (gruesa);21600;918750
Antofagasta;ANTOFAGASTA;16090-4;SITIO 4 MANZANA 25 SECTOR AGRICOLA LA CHIMBA COMUNA ANTOFAGASTA;5389;ARRENDAMIENTO;2-posible;Norte (gruesa);21556;916879
Metropolitana;PADRE HURTADO;317-22;SAN FRANCISCO DE BORJA 101 ANTES 055 COMUNA PADRE HURTADO;3560;CONCESION GRATUITA A CORTO PLAZO;1-disponible/recuperable;Centro (ref. mercado);21360;908542
Valparaíso;VALPARAISO;2019-5;SANTIAGO SEVERIN 10 COMUNA VALPARAISO;1419;CONCESION GRATUITA A LARGO PLAZO;2-posible;Centro (ref. mercado);21282;905224
Antofagasta;ANTOFAGASTA;25001-45;SITIO 49 SECTOR QUINTAS COMUNA ANTOFAGASTA;5298;CONCESION GRATUITA;2-posible;Norte (gruesa);21192;901396
Metropolitana;SANTIAGO;338-1;PORTALES 2807 - 2805 - 2803 COMUNA SANTIAGO;605;CONCESION GRATUITA A LARGO PLAZO;2-posible;Centro (ref. mercado);21175;900673
Antofagasta;ANTOFAGASTA;5003-1;MANZANA 3 SITIO 3 BARRIO INDUSTRIAL SECTOR 4 COMUNA ANTOFAGASTA;5292;ARRENDAMIENTO;2-posible;Norte (gruesa);21168;900375
Valparaíso;VALPARAISO;6114-9;RAMADITAS 1104 - 1126 COMUNA VALPARAISO;1409;..;1-disponible/recuperable;Centro (ref. mercado);21128;898674
Antofagasta;CALAMA;5324-3;MANZANA 4 SITIO 3 EXTENSION PUERTO SECO COMUNA CALAMA;7000;CONCESION A TITULO ONEROSO;2-posible;Norte (gruesa);21000;893229
Antofagasta;SAN PEDRO DE ATACAMA;3560-95;PARTE DEL SITIO 51 EX ESCUELA DE COYO AYLLO DE COYO COMUNA SAN PEDRO DE ATACAMA;7000;CONCESION GRATUITA;2-posible;Norte (gruesa);21000;893229
Metropolitana;LA GRANJA;5238-1;VALDIVIA 0651 COMUNA LA GRANJA;2098;CONCESION GRATUITA A CORTO PLAZO;1-disponible/recuperable;Centro (ref. mercado);20984;892549
Biobío;CONCEPCION;1352-23;PASAJE 21 2030 TENIENTE MERINO 1 COMUNA CONCEPCION;1160;..;1-disponible/recuperable;Centro (ref. mercado);20881;888168
Antofagasta;CALAMA;5324-2;MANZANA 4 SITIO 2 EXTENSION PUERTO SECO COMUNA CALAMA;6900;CONCESION A TITULO ONEROSO;2-posible;Norte (gruesa);20700;880469
Valparaíso;CARTAGENA;1001-43/1001-44/1001-45/1001-46/1001-47/1001-48/1001-49;COSTANERA DEL MAR 124 LOTE 14 (A-2) COMUNA CARTAGENA;4135;..;1-disponible/recuperable;Centro (ref. mercado);20675;879406
Valparaíso;VALPARAISO;39-8;MELGAREJO 669 EDIFICIO ESMERALDA COMUNA VALPARAISO;1373;..;1-disponible/recuperable;Centro (ref. mercado);20588;875705
Valparaíso;VALPARAISO;7100-3;SANTA LUCIA 437 COMUNA VALPARAISO;1361;CONCESION GRATUITA A LARGO PLAZO;2-posible;Centro (ref. mercado);20415;868347
Metropolitana;SAN JOAQUIN;5443-13;CARMEN MENA 230 EX 270 COMUNA SAN JOAQUIN;1199;CONCESION GRATUITA A CORTO PLAZO;1-disponible/recuperable;Centro (ref. mercado);20383;866986
Antofagasta;ANTOFAGASTA;16070-11;MANZANA D SITIO 3-A SECTOR III AGRICOLA E INDUSTRIAL LA CHIMBA COMUNA ANTOFAGASTA;5048;ARRENDAMIENTO;2-posible;Norte (gruesa);20192;858861
Tarapacá;ALTO HOSPICIO;5394-1;SITIO 1 COMUNA ALTO HOSPICIO;5043;EN USO RECUPERABLE (texto);2-posible;Norte (gruesa);20172;858011
Biobío;HUALPEN;4133-4;PATRIA NUEVA 404 COMUNA HUALPEN;2014;CONCESION GRATUITA A LARGO PLAZO;2-posible;Centro (ref. mercado);20141;856692
Antofagasta;CALAMA;5313-16;MANZANA L SITIO 17 EXTENSION PUERTO SECO COMUNA CALAMA;6700;ARRENDAMIENTO;2-posible;Norte (gruesa);20100;854948
Antofagasta;CALAMA;5313-20;MANZANA L SITIO 19 EXTENSION PUERTO SECO COMUNA CALAMA;6700;ARRENDAMIENTO;2-posible;Norte (gruesa);20100;854948
Antofagasta;CALAMA;5313-21;MANZANA L SITIO 20 EXTENSION PUERTO SECO COMUNA CALAMA;6700;ARRENDAMIENTO;2-posible;Norte (gruesa);20100;854948
Tarapacá;ALTO HOSPICIO;5301-5;SITIO 2 MANZANA E COMUNA ALTO HOSPICIO;5024;EN USO RECUPERABLE (texto);2-posible;Norte (gruesa);20096;854778
Antofagasta;CALAMA;5004-5;MANZANA 1 SITIO 5-B COMUNA CALAMA;6692;ARRENDAMIENTO;2-posible;Norte (gruesa);20076;853927
Tarapacá;ALTO HOSPICIO;5350-06;CALLE ITALO SCIARAFFIA COMUNA ALTO HOSPICIO;5013;EN USO RECUPERABLE (texto);2-posible;Norte (gruesa);20052;852907
Antofagasta;ANTOFAGASTA;25001-24;SITIO 34 SECTOR QUINTAS COMUNA ANTOFAGASTA;5000;ARRENDAMIENTO;2-posible;Norte (gruesa);20000;850695
Antofagasta;ANTOFAGASTA;25000-25;SITIO 39 SECTOR QUINTAS COMUNA ANTOFAGASTA;5000;ARRENDAMIENTO;2-posible;Norte (gruesa);20000;850695
Tarapacá;ALTO HOSPICIO;PREASIGNADO;CALLE RICARDO LAGOS SIN NUMERO COMUNA ALTO HOSPICIO;5000;EN USO RECUPERABLE (texto);2-posible;Norte (gruesa);20000;850695
Tarapacá;ALTO HOSPICIO;PREASIGNADO;CALLE PROYECTADA SIN NUMERO COMUNA ALTO HOSPICIO;5000;EN USO RECUPERABLE (texto);2-posible;Norte (gruesa);20000;850695
Tarapacá;ALTO HOSPICIO;SIN ROL;CALLE PROYECTADA SIN NUMERO COMUN ALTO HOSPICIO;5000;EN USO RECUPERABLE (texto);2-posible;Norte (gruesa);20000;850695
Tarapacá;ALTO HOSPICIO;PREASIGNADO;SITIO DOS MANZANA E COMUNA ALTO HOSPICIO;5000;EN USO RECUPERABLE (texto);2-posible;Norte (gruesa);20000;850695
Valparaíso;CARTAGENA;2000-56;CALLE LOS BERGANTINES 162 MANZANA 1 SITIO 56 COMUNA CARTAGENA;3997;CONCESION GRATUITA A LARGO PLAZO;2-posible;Centro (ref. mercado);19987;850142
Antofagasta;ANTOFAGASTA;16176-1;LA CHIMBA CIUDAD DE ANTOFAGASTA COMUNA ANTOFAGASTA;4965;ARRENDAMIENTO;2-posible;Norte (gruesa);19860;844740
Tarapacá;ALTO HOSPICIO;SIN ROL;AVENIDA LAS PARCELAS SIN NUMERO COMUNA ALTO HOSPICIO;4958;EN USO RECUPERABLE (texto);2-posible;Norte (gruesa);19832;843549
Tarapacá;ALTO HOSPICIO;5303-6;MANZANA A LOTE 3 COMUNA ALTO HOSPICIO;4958;EN USO RECUPERABLE (texto);2-posible;Norte (gruesa);19832;843549
Antofagasta;CALAMA;5313-16;MANZANA L SITIO 16 EXTENSION PUERTO SECO COMUNA CALAMA;6600;ARRENDAMIENTO;2-posible;Norte (gruesa);19800;842188
Antofagasta;CALAMA;5313-19;MANZANA L SITIO 18 EXTENSION PUERTO SECO COMUNA CALAMA;6500;ARRENDAMIENTO;2-posible;Norte (gruesa);19500;829427
Antofagasta;CALAMA;5006-10;LOTE 10 MANZANA 3 YALQUINCHA PUERTO SECO COMUNA CALAMA;6489;ARRENDAMIENTO;2-posible;Norte (gruesa);19467;828024
Metropolitana;NUNOA;1210-7;RENGO 761 - LUIS BELTRAN 1725 SITIO 3 COMUNA NUNOA;460;CONCESION GRATUITA A CORTO PLAZO;1-disponible/recuperable;Centro (ref. mercado);19303;821048
Biobío;TALCAHUANO;3704-1;6 PONIENTE 7020 LOTE 2 COMUNA TALCAHUANO;1607;CONCESION GRATUITA A LARGO PLAZO;2-posible;Centro (ref. mercado);19285;820282
Metropolitana;SANTIAGO;109-745;HUERFANOS 1376 ANTES HUERFANOS 1350 AL 1372 PISO 11 COMUNA SANTIAGO;543;..;1-disponible/recuperable;Centro (ref. mercado);19005;808373
Biobío;CHIGUAYANTE;2779-1;LA MARINA 519 COMUNA CHIGUAYANTE;1897;CONCESION GRATUITA A LARGO PLAZO;2-posible;Centro (ref. mercado);18972;806969
Antofagasta;CALAMA;5006-14;SITIO 14 MANZANA 3 SECTOR YALQUINCHA COMUNA CALAMA;6323;ARRENDAMIENTO;2-posible;Norte (gruesa);18969;806841
Metropolitana;SAN MIGUEL;5248-96;GRAN AVENIDA 5448 LOTE 1-1 COMUNA SAN MIGUEL;861;CONCESION GRATUITA A LARGO PLAZO;2-posible;Centro (ref. mercado);18935;805395
Metropolitana;RENCA;388-1;NEMESIS 7282 LOTE C COMUNA RENCA;1890;CONCESION GRATUITA A LARGO PLAZO;2-posible;Centro (ref. mercado);18900;803907
Metropolitana;SANTIAGO;109-736;HUERFANOS 1376 ANTES HUERFANOS 1350 AL 1372 PISO 5 COMUNA SANTIAGO;538;CONCESION GRATUITA A CORTO PLAZO;1-disponible/recuperable;Centro (ref. mercado);18830;800929
Metropolitana;SANTIAGO;109-744;HUERFANOS 1376 ANTES HUERFANOS 1350 AL 1372 PISO 10 COMUNA SANTIAGO;538;CONCESION GRATUITA A CORTO PLAZO;1-disponible/recuperable;Centro (ref. mercado);18830;800929
Metropolitana;SANTIAGO;109-737;HUERFANOS 1376 ANTES HUERFANOS 1350 AL 1372 PISO 6 COMUNA SANTIAGO;538;CONCESION GRATUITA A CORTO PLAZO;1-disponible/recuperable;Centro (ref. mercado);18830;800929
Antofagasta;TOCOPILLA;44-19;ACCESO PLANTA NORGENER COMUNA TOCOPILLA;9410;CONCESION GRATUITA;2-posible;Norte (gruesa);18820;800504
Metropolitana;PENAFLOR;151-11;DOCTOR PRADO TAGLE 156 COMUNA PENAFLOR;2685;..;1-disponible/recuperable;Centro (ref. mercado);18795;799440
Antofagasta;CALAMA;5006-12;SITIO 12 MANZANA 3 PUERTO SECO COMUNA CALAMA;6225;ARRENDAMIENTO;2-posible;Norte (gruesa);18675;794336
Valparaíso;VINA DEL MAR;1239-1;SIMON BOLIVAR 415 COMUNA VINA DEL MAR;746;CONCESION GRATUITA A CORTO PLAZO;1-disponible/recuperable;Centro (ref. mercado);18638;792762
Antofagasta;ANTOFAGASTA;16071-5;SITIO 5 MANZANA 10 LA CHIMBA COMUNA ANTOFAGASTA;4626;ARRENDAMIENTO;2-posible;Norte (gruesa);18504;787063
Metropolitana;SANTIAGO;2835-9;SAN CAMILO 959 COMUNA SANTIAGO;525;CONCESION GRATUITA A CORTO PLAZO;1-disponible/recuperable;Centro (ref. mercado);18389;782171
Metropolitana;NUNOA;5962-5;RAUL SILVA CASTRO 4747 COMUNA NUNOA;438;CONCESION GRATUITA A LARGO PLAZO;2-posible;Centro (ref. mercado);18375;781576
Antofagasta;ANTOFAGASTA;25001-36;SITIO 56 SECTOR QUINTAS COMUNA ANTOFAGASTA;4589;ARRENDAMIENTO;2-posible;Norte (gruesa);18356;780768
Biobío;CONCEPCION;1176-19;GABRIELA MISTRAL LOTE A COMUNA CONCEPCION;1016;CONCESION GRATUITA A CORTO PLAZO;1-disponible/recuperable;Centro (ref. mercado);18295;778173
Biobío;CONCEPCION;558-1;ARTURO PRAT 1245 LOTE 1 COMUNA CONCEPCION;1015;CONCESION GRATUITA A CORTO PLAZO;1-disponible/recuperable;Centro (ref. mercado);18277;777407
Metropolitana;LO PRADO;1104-1;SANTA ZENOBIA SIN NUMERO ACERA SUR COMUNA LO PRADO;1820;CONCESION GRATUITA A LARGO PLAZO;2-posible;Centro (ref. mercado);18200;774132
Antofagasta;ANTOFAGASTA;7534-1;CALLE GUANAQUEROS LOTE A SECTOR LOS ARENALES COMUNA ANTOFAGASTA;4539;CONCESION GRATUITA;2-posible;Norte (gruesa);18156;772261
Metropolitana;PUDAHUEL;213-1;ARA 259 COMUNA PUDAHUEL;2262;CONCESION GRATUITA A CORTO PLAZO;1-disponible/recuperable;Centro (ref. mercado);18100;769879
Metropolitana;PUDAHUEL;5702-13;FEDERICO ERRAZURIZ 788 LOTE 5-B COMUNA PUDAHUEL;2250;CONCESION GRATUITA A LARGO PLAZO;2-posible;Centro (ref. mercado);18000;765625
Antofagasta;ANTOFAGASTA;25001-49;SITIO 48 SECTOR QUINTAS COMUNA ANTOFAGASTA;4500;ARRENDAMIENTO;2-posible;Norte (gruesa);18000;765625
Antofagasta;CALAMA;5314-9;MANZANA 11 SITIO 9 EXTENSION PUERTO SECO COMUNA CALAMA;6000;ARRENDAMIENTO;2-posible;Norte (gruesa);18000;765625
Antofagasta;CALAMA;5328-4;MANZANA 12 SITIO 4 EXTENSION PUERTO SECO COMUNA CALAMA;6000;ARRENDAMIENTO;2-posible;Norte (gruesa);18000;765625
Antofagasta;CALAMA;5331-3;MANZANA 10 SITIO 3 EXTENSION PUERTO SECO COMUNA CALAMA;6000;ARRENDAMIENTO;2-posible;Norte (gruesa);18000;765625
Antofagasta;CALAMA;5314-1;MANZANA 11 SITIO 1 EXTENSION PUERTO SECO COMUNA CALAMA;6000;ARRENDAMIENTO;2-posible;Norte (gruesa);18000;765625
Antofagasta;CALAMA;5314-7;MANZANA 11 SITIO 7 EXTENSION PUERTO SECO COMUNA CALAMA;6000;ARRENDAMIENTO;2-posible;Norte (gruesa);18000;765625
Antofagasta;CALAMA;5314-6;MANZANA 11 SITIO 6 EXTENSION PUERTO SECO COMUNA CALAMA;6000;ARRENDAMIENTO;2-posible;Norte (gruesa);18000;765625
Antofagasta;CALAMA;5330-2;MANZANA 7 SITIO 2 EXTENSION PUERTO SECO COMUNA CALAMA;6000;ARRENDAMIENTO;2-posible;Norte (gruesa);18000;765625
Antofagasta;CALAMA;5314-13;MANZANA 11 SITIO 13 EXTENSION PUERTO SECO COMUNA CALAMA;6000;ARRENDAMIENTO;2-posible;Norte (gruesa);18000;765625
Antofagasta;CALAMA;5331-7;MANZANA 10 SITIO 7 EXTENSION PUERTO SECO COMUNA CALAMA;6000;ARRENDAMIENTO;2-posible;Norte (gruesa);18000;765625
Antofagasta;CALAMA;5330-1;MANZANA 7 SITIO 1 EXTENSION PUERTO SECO COMUNA CALAMA;6000;ARRENDAMIENTO;2-posible;Norte (gruesa);18000;765625
Antofagasta;CALAMA;5330-9;MANZANA 7 SITIO 9 EXTENSION PUERTO SECO COMUNA CALAMA;6000;ARRENDAMIENTO;2-posible;Norte (gruesa);18000;765625
Antofagasta;CALAMA;5314-12;MANZANA 11 SITO 12 EXTENSION PUERTO SECO COMUNA CALAMA;6000;ARRENDAMIENTO;2-posible;Norte (gruesa);18000;765625
Antofagasta;CALAMA;5314-8;MANZANA 11 SITIO 8 EXTENSION PUERTO SECO COMUNA CALAMA;6000;ARRENDAMIENTO;2-posible;Norte (gruesa);18000;765625
Antofagasta;CALAMA;5314-5;MANZANA 11 SITIO 5 EXTENSION PUERTO SECO COMUNA CALAMA;6000;ARRENDAMIENTO;2-posible;Norte (gruesa);18000;765625
Antofagasta;ANTOFAGASTA;16042-5;SITIO 5 MANZANA F SECTOR II SECTOR NORTE COMUNA ANTOFAGASTA;4397;CONCESION GRATUITA;2-posible;Norte (gruesa);17588;748101
Metropolitana;SAN JOAQUIN;5217-1;PINTOR MURILLO 5359 - 5369 COMUNA SAN JOAQUIN;1028;CONCESION GRATUITA A CORTO PLAZO;1-disponible/recuperable;Centro (ref. mercado);17476;743337
Valparaíso;QUILPUE;311-8;FREIRE 989 COMUNA QUILPUE;1452;CONCESION GRATUITA A LARGO PLAZO;2-posible;Centro (ref. mercado);17424;741125
Metropolitana;LA FLORIDA;1382-2;YOKOHAMA 6865 COMUNA LA FLORIDA;1242;..;1-disponible/recuperable;Centro (ref. mercado);17393;739807
Metropolitana;SANTIAGO;29403;VILLAVICENCIO 346 COMUNA SANTIAGO;494;CONCESION GRATUITA A CORTO PLAZO;1-disponible/recuperable;Centro (ref. mercado);17290;735426
Metropolitana;PENALOLEN;5273-2;I LITORAL COMUNA PENALOLEN;1080;CONCESION GRATUITA A CORTO PLAZO;1-disponible/recuperable;Centro (ref. mercado);17280;735000
Antofagasta;TALTAL;4005-13;LOTE B CORRALON MUNICIPAL COMUNA TALTAL;11500;CONCESION GRATUITA;2-posible;Norte (gruesa);17250;733724
Metropolitana;NUNOA;5432-36;EDUARDO CASTILLO VELASCO 2864 COMUNA NUNOA;411;CONCESION GRATUITA A CORTO PLAZO;1-disponible/recuperable;Centro (ref. mercado);17241;733341
Valparaíso;VINA DEL MAR;2284-16;CARLOS IBANEZ DEL CAMPO 1000 COMUNA VINA DEL MAR;677;..;1-disponible/recuperable;Centro (ref. mercado);16920;719688
Antofagasta;CALAMA;5302-1;SITIO 1 MANZANA B AMPLIACION PUERTO SECO COMUNA CALAMA;5627;ARRENDAMIENTO;2-posible;Norte (gruesa);16881;718029
Antofagasta;CALAMA;5302-2;SITIO 2 MANZANA B AMPLIACION PUERTO SECO COMUNA CALAMA;5627;ARRENDAMIENTO;2-posible;Norte (gruesa);16881;718029
Antofagasta;CALAMA;5302-17;LOTE 17 MANZANA B BARRIO INDUSTRIAL AMPLIACION COMUNA CALAMA;5625;ARRENDAMIENTO;2-posible;Norte (gruesa);16875;717774
Antofagasta;CALAMA;5302-11;AMPLIACION PUERTO SECO MANZANA B LOTE 11 COMUNA CALAMA;5625;ARRENDAMIENTO;2-posible;Norte (gruesa);16875;717774
Antofagasta;CALAMA;5302-19;AVENIDA COLECTORA 1 SIN NUMERO SITIO 19 MANZANA B AMPLIACION PUERTO SECO COMUNA CALAMA;5625;ARRENDAMIENTO;2-posible;Norte (gruesa);16875;717774
Antofagasta;CALAMA;5302-18;LOTE 18 MANZANA B BARRIO INDUSTRIAL COMUNA CALAMA;5625;ARRENDAMIENTO;2-posible;Norte (gruesa);16875;717774
Biobío;HUALPEN;4868-18;SUIZA 2310 COMUNA HUALPEN;1685;CONCESION GRATUITA A LARGO PLAZO;2-posible;Centro (ref. mercado);16854;716880
Biobío;CONCEPCION;774-5;ANIBAL PINTO 1860 COMUNA CONCEPCION;936;CONCESION GRATUITA A LARGO PLAZO;2-posible;Centro (ref. mercado);16850;716710
Tarapacá;ALTO HOSPICIO;PREASIGNADO;CALLE VECINA SIN NUMERO COMUNA ALTO HOSPICIO;4209;EN USO RECUPERABLE (texto);2-posible;Norte (gruesa);16836;716115
Antofagasta;ANTOFAGASTA;16176-3;SECTOR CHIMBA ALTO SIN NUMERO COMUNA ANTOFAGASTA;4205;ARRENDAMIENTO;2-posible;Norte (gruesa);16820;715434
Metropolitana;LA FLORIDA;536-15;CHACON ZAMORA 6997 VILLA LOS COPIHUES COMUNA LA FLORIDA;1200;..;1-disponible/recuperable;Centro (ref. mercado);16800;714584
Metropolitana;NUNOA;5639-3;EDUARDO CASTILLO VELASCO 3241 COMUNA NUNOA;400;CONCESION GRATUITA A CORTO PLAZO;1-disponible/recuperable;Centro (ref. mercado);16800;714584
Antofagasta;CALAMA;5302-12;SITIO 12 MANZANA B PUERTO SECO COMUNA CALAMA;5600;ARRENDAMIENTO;2-posible;Norte (gruesa);16800;714584
Antofagasta;ANTOFAGASTA;16045-1;MANZANA A SITIO 1 LA CHIMBA SECTOR IV COMUNA ANTOFAGASTA;4176;CONCESION GRATUITA;2-posible;Norte (gruesa);16704;710500
Antofagasta;CALAMA;1240-36;TENIENTE MERINO 3521 3525 3529 3531 COMUNA CALAMA;5542;CONCESION GRATUITA;2-posible;Norte (gruesa);16626;707183
Valparaíso;VILLA ALEMANA;SIN ROL;BAQUEDANO SIN NUMERO INTERIOR LOTE A-28 COMUNA VILLA ALEMANA;1844;CONCESION GRATUITA A CORTO PLAZO;1-disponible/recuperable;Centro (ref. mercado);16599;706034
Valparaíso;SAN ANTONIO;2823-16;PATRIA 1831 MANZANA 23 LOTE 2 COMUNA SAN ANTONIO;2065;CONCESION GRATUITA A CORTO PLAZO;1-disponible/recuperable;Centro (ref. mercado);16519;702631
Antofagasta;CALAMA;5006-1;LOTE 1 MANZANA 3 YALQUINCHA BARRIO INDUSTRIAL COMUNA CALAMA;5473;ARRENDAMIENTO;2-posible;Norte (gruesa);16419;698378
Antofagasta;ANTOFAGASTA;16070-6;LA CHIMBA MANZANA 18 SITIO 6 VILLA AGRICOLA COMUNA ANTOFAGASTA;4100;ARRENDAMIENTO;2-posible;Norte (gruesa);16400;697570
Metropolitana;SANTIAGO;154-97;SAN ANTONIO 427 PISO 8 COMUNA SANTIAGO;468;..;1-disponible/recuperable;Centro (ref. mercado);16365;696081
Antofagasta;ANTOFAGASTA;1008-2;POBLACION RENE SCHNEIDER PADRE HURTADO CON PASAJE COVADONGA COMUNA ANTOFAGASTA;4071;CONCESION GRATUITA;2-posible;Norte (gruesa);16284;692636
Metropolitana;SAN RAMON;1830-4;EL SALVADOR COMUNA SAN RAMON;1809;CONCESION GRATUITA A CORTO PLAZO;1-disponible/recuperable;Centro (ref. mercado);16279;692423
Biobío;CONCEPCION;321-291;TOLTEN 47 VALLE NONGUEN COMUNA CONCEPCION;900;CONCESION GRATUITA A LARGO PLAZO;2-posible;Centro (ref. mercado);16200;689063
Metropolitana;PUENTE ALTO;3630-28;CONCHA Y TORO 2591 COMUNA PUENTE ALTO;1618;CONCESION GRATUITA A LARGO PLAZO;2-posible;Centro (ref. mercado);16183;688340
Antofagasta;ANTOFAGASTA;6723-3;LA NEGRA MANZANA Ñ2 SITIO 3 COMUNA ANTOFAGASTA;4000;ARRENDAMIENTO;2-posible;Norte (gruesa);16000;680556
Tarapacá;ALTO HOSPICIO;7000-13;LOTE 1 COMUNA ALTO HOSPICIO;3926;EN USO RECUPERABLE (texto);2-posible;Norte (gruesa);15704;667966
Metropolitana;PUENTE ALTO;2707-21;LOS ALMENDROS 3138 COMUNA PUENTE ALTO;1570;CONCESION GRATUITA A CORTO PLAZO;1-disponible/recuperable;Centro (ref. mercado);15701;667838
Antofagasta;ANTOFAGASTA;16153-5;LOTE F1 SECTOR LA CHIMBA COMUNA ANTOFAGASTA;3920;CONCESION GRATUITA;2-posible;Norte (gruesa);15680;666945
Valparaíso;VALPARAISO;3038-19;CUMMING 220 LOTE 1 COMUNA VALPARAISO;1045;PERMISO OCUPACION;2-posible;Centro (ref. mercado);15677;666817
Antofagasta;CALAMA;5309-3;SITIO 3 MANZANA I PUERTO SECO COMUNA CALAMA;5200;ARRENDAMIENTO;2-posible;Norte (gruesa);15600;663542
Antofagasta;CALAMA;5333-1;MANZANA 9 SITIO 1 EXTENSION PUERTO SECO COMUNA CALAMA;5200;ARRENDAMIENTO;2-posible;Norte (gruesa);15600;663542
Valparaíso;VINA DEL MAR;2469-954;22 PONIENTE 5728 LOTE 3 COMUNA VINA DEL MAR;623;..;1-disponible/recuperable;Centro (ref. mercado);15582;662776
Antofagasta;CALAMA;5318-6;MANUEL VILLEGAS MALDONADO SIN NUMERO SITIO 8 MANZANA C 2 SECTOR PUERTO SECO COMUNA CALAMA;5188;CONCESION A TITULO ONEROSO;2-posible;Norte (gruesa);15564;662011
Valparaíso;VINA DEL MAR;35-21;QUILLOTA 198 COMUNA VINA DEL MAR;621;..;1-disponible/recuperable;Centro (ref. mercado);15529;660522
Metropolitana;QUINTA NORMAL;4044-34;LOTE 1B COMUNA QUINTA NORMAL;969;CONCESION GRATUITA A LARGO PLAZO;2-posible;Centro (ref. mercado);15498;659203
Antofagasta;CALAMA;5309-9;SITIO 9 MANZANA I SECTOR AMPLIACION PUERTO SECO COMUNA CALAMA;5100;ARRENDAMIENTO;2-posible;Norte (gruesa);15300;650781
Antofagasta;SAN PEDRO DE ATACAMA;10001-15;LOTE D SECTOR PAMPA LA BOLA COMUNA SAN PEDRO DE ATACAMA;5100;CONCESION A TITULO ONEROSO;2-posible;Norte (gruesa);15300;650781
Metropolitana;QUINTA NORMAL;4622-18;DOCTOR JORGE WALLS 4580 MANZANA W LOTE CB COMUNA QUINTA NORMAL;956;CONCESION GRATUITA A LARGO PLAZO;2-posible;Centro (ref. mercado);15296;650611
Metropolitana;LA PINTANA;7043-1;JOSE MANUEL BALMACEDA 1231 COMUNA LA PINTANA;2180;CONCESION GRATUITA A CORTO PLAZO;1-disponible/recuperable;Centro (ref. mercado);15260;649080
Antofagasta;ANTOFAGASTA;16071-7;SITIO 7 MANZANA 10 LA CHIMBA COMUNA ANTOFAGASTA;3810;ARRENDAMIENTO;2-posible;Norte (gruesa);15240;648229
Metropolitana;SANTIAGO;676-2;PORTUGAL 623 - 627 COMUNA SANTIAGO;435;..;1-disponible/recuperable;Centro (ref. mercado);15225;647591
Valparaíso;VILLA ALEMANA;336-3;ANIBAL PINTO SIN NUMERO MANZANA 9-A LOTE 1 COMUNA VILLA ALEMANA;1691;CONCESION GRATUITA A LARGO PLAZO;2-posible;Centro (ref. mercado);15222;647464
Antofagasta;CALAMA;5311-7;SECTOR PUERTO SECO MANZANA K SITIO 7 COMUNA CALAMA;5054;CONCESION A TITULO ONEROSO;2-posible;Norte (gruesa);15162;644912
Antofagasta;CALAMA;5319-2;LOTE 8 MANZANA C-3 SECTOR AMPLIACION PUERTO SECO COMUNA CALAMA;5053;CONCESION A TITULO ONEROSO;2-posible;Norte (gruesa);15159;644784
Metropolitana;MACUL;6687-465;ROQUE ESTEBAN SCARPA 2314 COMUNA MACUL;840;CONCESION GRATUITA A CORTO PLAZO;1-disponible/recuperable;Centro (ref. mercado);15120;643125
Antofagasta;CALAMA;5311-5;SITIO 5 MANZANA K AMPLIACION PUERTO SECO COMUNA CALAMA;5036;ARRENDAMIENTO;2-posible;Norte (gruesa);15108;642615
Antofagasta;CALAMA;5311-8;AVENIDA LAS INDUSTRIAS MANZANA K SITIO 8 COMUNA CALAMA;5031;CONCESION A TITULO ONEROSO;2-posible;Norte (gruesa);15093;641977
Antofagasta;CALAMA;5311-9;AMPLIACION PUERTO SECO MANZANA K SITIO 9 COMUNA CALAMA;5027;CONCESION A TITULO ONEROSO;2-posible;Norte (gruesa);15081;641466
Antofagasta;CALAMA;5311-3;SITIO 3 MANZANA K AMPLIACION PUERTO SECO COMUNA CALAMA;5026;ARRENDAMIENTO;2-posible;Norte (gruesa);15078;641339
Antofagasta;CALAMA;5311-4;SITIO 4 MANZANA K AMPLIACION PUERTO SECO COMUNA CALAMA;5026;ARRENDAMIENTO;2-posible;Norte (gruesa);15078;641339
Antofagasta;CALAMA;5311-2;LOTE 2 MANZANA K AMPLIACION PUERTO SECO COMUNA CALAMA;5026;ARRENDAMIENTO;2-posible;Norte (gruesa);15078;641339
Antofagasta;CALAMA;5311-10;LOTE 10 MANZANA K AMPLIACION PUERTO SECO COMUNA CALAMA;5023;CONCESION A TITULO ONEROSO;2-posible;Norte (gruesa);15069;640956
Antofagasta;CALAMA;5311-1;SITIO 1 MANZANA K AMPLIACION PUERTO SECO COMUNA CALAMA;5013;ARRENDAMIENTO;2-posible;Norte (gruesa);15039;639680
Antofagasta;CALAMA;5319-4;MARTIN VEGA PIZARRO SIN NUMERO LOTE 6 MANZANA C-3 PUERTO SECO COMUNA CALAMA;5006;CONCESION A TITULO ONEROSO;2-posible;Norte (gruesa);15018;638787
Antofagasta;CALAMA;5311-11;SITIO 11 MANZANA K PUERTO SECO COMUNA CALAMA;5003;CONCESION A TITULO ONEROSO;2-posible;Norte (gruesa);15009;638404
Antofagasta;CALAMA;5001-8;LOTE 39 SECTOR PUERTO SECO COMUNA CALAMA;5000;ARRENDAMIENTO;2-posible;Norte (gruesa);15000;638021
Tarapacá;IQUIQUE;4700-89;CALLE VIA 5 COMUNA IQUIQUE;2500;EN USO RECUPERABLE (texto);2-posible;Norte (gruesa);15000;638021
Antofagasta;SAN PEDRO DE ATACAMA;10001-14;LOTE C SECTOR PAMPA LA BOLA COMUNA SAN PEDRO DE ATACAMA;5000;CONCESION GRATUITA;2-posible;Norte (gruesa);15000;638021
Antofagasta;ANTOFAGASTA;452-1;CIUDAD DE ANTOFAGASTA SIN NUMERO COMUNA ANTOFAGASTA;3748;CONCESION GRATUITA;2-posible;Norte (gruesa);14992;637681
Antofagasta;CALAMA;5319-5;JUAN NICOLAS ZALDIVAR SIN NUMERO SITIO 5 MANZANA C-3 SECTOR PUERTO SECO COMUNA CALAMA;4979;CONCESION A TITULO ONEROSO;2-posible;Norte (gruesa);14937;635341
Antofagasta;CALAMA;5319-3;JUAN NICOLAS ZALDIVAR SIN NUMERO LOTE 7 MANZANA C 3 PUERTO SECO COMUNA CALAMA;4973;CONCESION A TITULO ONEROSO;2-posible;Norte (gruesa);14919;634576
Antofagasta;CALAMA;5319-6;JUAN NICOLAS ZALDIVAR SIN NUMERO SITIO 4 MANZANA C-3 SECTOR AMPLIACION PUERTO SECO COMUNA CAL;4944;CONCESION A TITULO ONEROSO;2-posible;Norte (gruesa);14832;630875
Antofagasta;TALTAL;615-1;SITIO S-1 MANZANA E-EQUIPAMIENTO CANCHA DE FUTBOL PAPOSO COMUNA TALTAL;9887;CONCESION GRATUITA;2-posible;Norte (gruesa);14830;630790
Antofagasta;ANTOFAGASTA;16020-4;LA CHIMBA SECTOR II MANZANA J SITIO 2 COMUNA ANTOFAGASTA;3706;CONCESION GRATUITA;2-posible;Norte (gruesa);14824;630535
Antofagasta;CALAMA;5319-1;MARTIN VEGA PIZARRO SIN NUMERO SITIO 9 MANZANA C-3 PUERTO SECO COMUNA CALAMA;4937;CONCESION A TITULO ONEROSO;2-posible;Norte (gruesa);14811;629982
Tarapacá;POZO ALMONTE;PREASIGNADO;CALLE PROYECTADA SECTOR INDUSTRIAL COMUNA POZO ALMONTE;7400;EN USO RECUPERABLE (texto);2-posible;Norte (gruesa);14800;629514
Antofagasta;CALAMA;5319-8;JUAN NICOLAS ZALDIVAR SIN NUMERO SITIO 2 MANZANA C-3 SECTOR AMPLIACION PUERTO SECO COMUNA CAL;4922;CONCESION A TITULO ONEROSO;2-posible;Norte (gruesa);14766;628068
Antofagasta;ANTOFAGASTA;16095-6;SITIO 6 MANZANA 37 LA CHIMBA COMUNA ANTOFAGASTA;3645;ARRENDAMIENTO;2-posible;Norte (gruesa);14580;620156
Antofagasta;CALAMA;5317-7;ALBERTO TERRAZAS VIRREYRA SIN NUMERO SECTOR PUERTO SECO MANZANA A-2 SITIO 3 COMUNA CALAMA;4848;CONCESION A TITULO ONEROSO;2-posible;Norte (gruesa);14544;618625
Antofagasta;CALAMA;5316-1;LOTE 3 MANZANA A-3 SECTOR PUERTO SECO COMUNA CALAMA;4833;ARRENDAMIENTO;2-posible;Norte (gruesa);14499;616711
Antofagasta;CALAMA;5301-20;ALBERTO TERRAZAS VYRREIRA SIN NUMERO SECTOR PUERTO SECO MANZANA A-1 SITIO 1 COMUNA CALAMA;4807;CONCESION A TITULO ONEROSO;2-posible;Norte (gruesa);14421;613393
Antofagasta;CALAMA;5317-2;SECTOR PUERTO SECO MANZANA A-2 LOTE 8 COMUNA CALAMA;4759;CONCESION A TITULO ONEROSO;2-posible;Norte (gruesa);14277;607268
Antofagasta;CALAMA;5317-4;ALBERTO TERRAZAS VIRREYRA SIN NUMERO SECTOR PUERTO SECO MANZANA A-2 SITIO 6 COMUNA CALAMA;4724;CONCESION A TITULO ONEROSO;2-posible;Norte (gruesa);14172;602802
Metropolitana;SANTIAGO;265-2;CATEDRAL 2213 - 2219 COMUNA SANTIAGO;404;CONCESION GRATUITA A CORTO PLAZO;1-disponible/recuperable;Centro (ref. mercado);14140;601441
Antofagasta;ANTOFAGASTA;6700-7;LA NEGRA MANZANA B-2 LOTE 2-B COMUNA ANTOFAGASTA;3529;ARRENDAMIENTO;2-posible;Norte (gruesa);14116;600420
Metropolitana;QUINTA NORMAL;3924-10;CARRASCAL 4696 ANTES 4760 COMUNA QUINTA NORMAL;875;CONCESION GRATUITA A CORTO PLAZO;1-disponible/recuperable;Centro (ref. mercado);13994;595231
Valparaíso;VALPARAISO;6217-4;DANIEL RODRIGUEZ 775 LOTE 383 COMUNA VALPARAISO;932;CONCESION GRATUITA A CORTO PLAZO;1-disponible/recuperable;Centro (ref. mercado);13980;594636
Metropolitana;LA FLORIDA;759-7;GENERAL LAS HERAS COMUNA LA FLORIDA;998;CONCESION GRATUITA A CORTO PLAZO;1-disponible/recuperable;Centro (ref. mercado);13968;594125
Valparaíso;VALPARAISO;3032-1;SANTA ISABEL 739 COMUNA VALPARAISO;930;CONCESION GRATUITA A CORTO PLAZO;1-disponible/recuperable;Centro (ref. mercado);13950;593360
Antofagasta;CALAMA;5319-9;SITIO 1 MANZANA C-3 SECTOR PUERTO SECO COMUNA CALAMA;4632;CONCESION A TITULO ONEROSO;2-posible;Norte (gruesa);13896;591063
Antofagasta;CALAMA;5317-6;LOTE 4 MANZANA A-2 SECTOR PUERTO SECO COMUNA CALAMA;4605;ARRENDAMIENTO;2-posible;Norte (gruesa);13815;587617
Biobío;CONCEPCION;145-23;JANEQUEO 354 AL 360 LOTES 1A-1B-1C COMUNA CONCEPCION;765;..;1-disponible/recuperable;Centro (ref. mercado);13764;585448
Antofagasta;CALAMA;3301-714;LOCALIDAD DE CHIU-CHIU COMUNA CALAMA;4550;CONCESION GRATUITA;2-posible;Norte (gruesa);13650;580599
Antofagasta;CALAMA;5317-5;ALBERTO TERRAZAS VIRREYRA SIN NUMERO SECTOR PUERTO SECO MANZANA A-2 LOTE 5 COMUNA CALAMA;4548;CONCESION A TITULO ONEROSO;2-posible;Norte (gruesa);13644;580344
Antofagasta;CALAMA;5317-1;SECTOR PUERTO SECO MANZANA A-2 SITIO 9 COMUNA CALAMA;4529;CONCESION A TITULO ONEROSO;2-posible;Norte (gruesa);13587;577919
Valparaíso;VINA DEL MAR;1112-149;VON SCHROEDERS 493 COMUNA VINA DEL MAR;540;CONCESION GRATUITA A CORTO PLAZO;1-disponible/recuperable;Centro (ref. mercado);13498;574134
Biobío;HUALPEN;5012-3;GRAN BRETANA ESQUINA YOGOSLAVIA COMUNA HUALPEN;1348;CONCESION GRATUITA A LARGO PLAZO;2-posible;Centro (ref. mercado);13475;573156
Antofagasta;ANTOFAGASTA;16095-9;SITIO 9 MANZANA 37 LA CHIMBA COMUNA ANTOFAGASTA;3302;ARRENDAMIENTO;2-posible;Norte (gruesa);13208;561799
Tarapacá;ALTO HOSPICIO;PREASIGNADO;PASAJE LOS CONQUISTADORES SIN NUMERO COMUNA DE ALTO HOSPICIO;3289;EN USO RECUPERABLE (texto);2-posible;Norte (gruesa);13156;559587
Valparaíso;QUILPUE;663-25;GASTON OSSA S/N COMUNA QUILPUE;1092;..;1-disponible/recuperable;Centro (ref. mercado);13108;557545
Antofagasta;SAN PEDRO DE ATACAMA;3751-36;LOTE B LOCALIDAD DE PEINE COMUNA SAN PEDRO DE ATACAMA;4365;CONCESION GRATUITA;2-posible;Norte (gruesa);13095;556992
Antofagasta;ANTOFAGASTA;16042-6;SITIO 6-A MANZANA F SECTOR II SECTOR NORTE COMUNA ANTOFAGASTA;3266;CONCESION GRATUITA;2-posible;Norte (gruesa);13064;555674
Metropolitana;PENALOLEN;6289-1;CALLE DOCE 1296 COMUNA PENALOLEN;810;CONCESION GRATUITA A CORTO PLAZO;1-disponible/recuperable;Centro (ref. mercado);12960;551250
Metropolitana;PADRE HURTADO;NO TIENE;PRIMERA TRANSVERSAL 991 (EX 990) COMUNA PADRE HURTADO;2146;CONCESION GRATUITA A LARGO PLAZO;2-posible;Centro (ref. mercado);12875;547635
Valparaíso;VINA DEL MAR;90-38;LIBERTAD 428 COMUNA VINA DEL MAR;510;PERMISO OCUPACION;2-posible;Centro (ref. mercado);12750;542318
Antofagasta;TALTAL;509-37;APROX A 51,30 KMS AL ESTE DE LA CIUDAD DE TALTAL COMUNA TALTAL;8500;ARRENDAMIENTO;2-posible;Norte (gruesa);12750;542318
Valparaíso;VILLA ALEMANA;SIN ROL;BAQUEDANO SIN NUMERO INTERIOR LOTE A-33 COMUNA VILLA ALEMANA;1407;CONCESION GRATUITA A CORTO PLAZO;1-disponible/recuperable;Centro (ref. mercado);12663;538617
Antofagasta;ANTOFAGASTA;5207-5;LOTE E CALLE MATAVERY CON CALLE CHACALLUTA COMUNA ANTOFAGASTA;3154;CONCESION GRATUITA;2-posible;Norte (gruesa);12616;536618
Metropolitana;LA FLORIDA;2444-11;PERU 9053 COMUNA LA FLORIDA;900;CONCESION GRATUITA A LARGO PLAZO;2-posible;Centro (ref. mercado);12600;535938
Antofagasta;ANTOFAGASTA;16161-4;SITIO 4 MANZANA 60 LA CHIMBA COMUNA ANTOFAGASTA;3136;ARRENDAMIENTO;2-posible;Norte (gruesa);12544;533556
Valparaíso;VINA DEL MAR;2467-466;CINCO SUR COMUNA VINA DEL MAR;500;CONCESION GRATUITA A CORTO PLAZO;1-disponible/recuperable;Centro (ref. mercado);12500;531684
Valparaíso;QUILPUE;3720-152;LOS EUCALIPTUS COMUNA QUILPUE;1040;CONCESION GRATUITA A LARGO PLAZO;2-posible;Centro (ref. mercado);12480;530834
Metropolitana;PENALOLEN;5580-4;CALLE 138 A 6485 COMUNA PENALOLEN;780;CONCESION GRATUITA A CORTO PLAZO;1-disponible/recuperable;Centro (ref. mercado);12480;530834
Valparaíso;VALPARAISO;8404-51;ISRAEL ROIZBLAT 61 LOTE L-1 COMUNA VALPARAISO;828;CONCESION GRATUITA A LARGO PLAZO;2-posible;Centro (ref. mercado);12416;528111
Tarapacá;PICA;PREASIGNADO;LOTE 2 COMUNA PICA;6191;EN USO RECUPERABLE (texto);2-posible;Norte (gruesa);12382;526665
Metropolitana;SAN JOAQUIN;3215-35;TORO Y ZAMBRANO 3840 COMUNA SAN JOAQUIN;722;CONCESION GRATUITA A CORTO PLAZO;1-disponible/recuperable;Centro (ref. mercado);12274;522071
Biobío;CONCEPCION;SIN ROL;JUAN DE VASCONES ESQUINA FRAY JUAN CASTILLO POBLACION TENIENTE MERINO 2 COMUNA CONCEPCION;680;CONCESION GRATUITA A CORTO PLAZO;1-disponible/recuperable;Centro (ref. mercado);12240;520625
Metropolitana;LA FLORIDA;3415-1;JULIO CESAR 10905 COMUNA LA FLORIDA;874;CONCESION GRATUITA A CORTO PLAZO;1-disponible/recuperable;Centro (ref. mercado);12236;520455
Tarapacá;POZO ALMONTE;PREASIGNADO;LOTE 5 MANZANA B LA TIRANA COMUNA POZO ALMONTE;6100;EN USO RECUPERABLE (texto);2-posible;Norte (gruesa);12200;518924
Metropolitana;SANTIAGO;493-13;SAN IGNACIO 163 COMUNA SANTIAGO;347;CONCESION GRATUITA A LARGO PLAZO;2-posible;Centro (ref. mercado);12128;515861
Valparaíso;VILLA ALEMANA;SIN ROL;BAQUEDANO SIN NUMERO INTERIOR LOTE A-34 COMUNA VILLA ALEMANA;1346;CONCESION GRATUITA A CORTO PLAZO;1-disponible/recuperable;Centro (ref. mercado);12114;515266
Metropolitana;LA GRANJA;9076-7;PRESIDENTE LULA DA SILVA 6495 COMUNA LA GRANJA;1201;CONCESION GRATUITA A CORTO PLAZO;1-disponible/recuperable;Centro (ref. mercado);12009;510800
Antofagasta;CALAMA;5301-13;SECTOR PUERTO SECO MANZANA A-1 SITIO 8 COMUNA CALAMA;4000;ARRENDAMIENTO;2-posible;Norte (gruesa);12000;510417
Tarapacá;POZO ALMONTE;PREASIGNADO;PREDIO IBAQUIZA COMUNA POZO ALMONTE;6000;EN USO RECUPERABLE (texto);2-posible;Norte (gruesa);12000;510417
Valparaíso;SAN ANTONIO;5117-3;RAMON BARROS LUCO 2749 MANZANA 65 COMUNA SAN ANTONIO;1497;CONCESION GRATUITA A CORTO PLAZO;1-disponible/recuperable;Centro (ref. mercado);11978;509481
Antofagasta;OLLAGUE;3429-1;CAMPO DEPORTIVO COMUNA OLLAGUE;23806;CONCESION GRATUITA;2-posible;Norte (gruesa);11903;506291
Antofagasta;CALAMA;5317-3;AVENIDA ALBERTO TERRAZAS SECTOR PUERTO SECO MANZANA A-2 SITIO 7 COMUNA CALAMA;3959;ARRENDAMIENTO;2-posible;Norte (gruesa);11877;505185
Biobío;CONCEPCION;927-13;AINAVILLO 2358 MANZANA SITIO 13 F COMUNA CONCEPCION;657;CONCESION GRATUITA A CORTO PLAZO;1-disponible/recuperable;Centro (ref. mercado);11831;503228
Valparaíso;VALPARAISO;4091-2/4091/13/4091-14/4091-15/4091-16/4091-17/4091-18/4091-19/4091-20/4091-21;BAQUEDANO 113 COMUNA VALPARAISO;786;ARRENDAMIENTO;2-posible;Centro (ref. mercado);11784;501229
Metropolitana;SAN JOAQUIN;905-6;VICUNA MACKENNA 3481 COMUNA SAN JOAQUIN;688;CONCESION GRATUITA A CORTO PLAZO;1-disponible/recuperable;Centro (ref. mercado);11688;497146
Biobío;HUALPEN;5260-3;HUNGRIA 2899 SITIOS 1 2 Y 3 COMUNA HUALPEN;1164;CONCESION GRATUITA A CORTO PLAZO;1-disponible/recuperable;Centro (ref. mercado);11636;494934
Antofagasta;ANTOFAGASTA;16071-3;SITIO 3 MANZANA 10 LA CHIMBA COMUNA ANTOFAGASTA;2901;ARRENDAMIENTO;2-posible;Norte (gruesa);11604;493573
Antofagasta;ANTOFAGASTA;16071-2;SITIO 2 MANZANA 10 LA CHIMBA COMUNA ANTOFAGASTA;2857;ARRENDAMIENTO;2-posible;Norte (gruesa);11428;486087
Antofagasta;MEJILLONES;60-001;HOSPITAL DE MEJILLONES COMUNA MEJILLONES;5707;CONCESION GRATUITA;2-posible;Norte (gruesa);11414;485491
Antofagasta;ANTOFAGASTA;717-1;14 DE FEBRERO ESQUINA 21 DE MAYO LOTE B COMUNA ANTOFAGASTA;2852;CONCESION GRATUITA;2-posible;Norte (gruesa);11408;485236
Tarapacá;PICA;PREASIGNADO;SECTOR VALLE DE QUISCA COMUNA DE PICA;5700;EN USO RECUPERABLE (texto);2-posible;Norte (gruesa);11400;484896
Biobío;SAN PEDRO DE LA PAZ;14948-17;CALLE UNO 140 MANZANA C LOTE 1 FUNDO SAN FELIPE COMUNA SAN PEDRO DE LA PAZ;811;CONCESION GRATUITA A CORTO PLAZO;1-disponible/recuperable;Centro (ref. mercado);11356;483024
Metropolitana;LA FLORIDA;3600-31;GUILLERMO BLEST GANA 10841 COMUNA LA FLORIDA;811;CONCESION GRATUITA A CORTO PLAZO;1-disponible/recuperable;Centro (ref. mercado);11355;482982
Antofagasta;SIERRA GORDA;6053-1;LOCALIDAD DE SIERRA GORDA COMUNA SIERRA GORDA;11279;CONCESION GRATUITA;2-posible;Norte (gruesa);11279;479749
Valparaíso;VILLA ALEMANA;SIN ROL;BAQUEDANO SIN NUMERO INTERIOR LOTE A-32 COMUNA VILLA ALEMANA;1250;CONCESION GRATUITA A CORTO PLAZO;1-disponible/recuperable;Centro (ref. mercado);11246;478346
Antofagasta;CALAMA;5305-13;CALLE TRES SIN NUMERO LOTE 13 MANZANA E-1 PUERTO SECO COMUNA CALAMA;3727;CONCESION A TITULO ONEROSO;2-posible;Norte (gruesa);11181;475581
Antofagasta;MEJILLONES;84-4;BERNARDO OHIGGINS ESQUINA FERTILIZANTE LOTE A COMUNA MEJILLONES;5577;CONCESION GRATUITA;2-posible;Norte (gruesa);11154;474432
Antofagasta;ANTOFAGASTA;1955-1;POBLACION MANUEL RODRIGUEZ COMUNA ANTOFAGASTA;2783;CONCESION GRATUITA;2-posible;Norte (gruesa);11132;473497
Antofagasta;ANTOFAGASTA;16082-11;SITIO 11 MANZANA 9 LA CHIMBA COMUNA ANTOFAGASTA;2782;ARRENDAMIENTO;2-posible;Norte (gruesa);11128;473327
Antofagasta;ANTOFAGASTA;16082-13;SITIO 13 MANZANA 9 LA CHIMBA COMUNA ANTOFAGASTA;2771;ARRENDAMIENTO;2-posible;Norte (gruesa);11084;471455
Valparaíso;VALPARAISO;71-1;PLAZA SIMON BOLIVAR 1653 COMUNA VALPARAISO;738;CONCESION GRATUITA A LARGO PLAZO;2-posible;Centro (ref. mercado);11075;471072
Valparaíso;VILLA ALEMANA;SIN ROL;BAQUEDANO SIN NUMERO INTERIOR LOTE A-17 COMUNA VILLA ALEMANA;1230;CONCESION GRATUITA A CORTO PLAZO;1-disponible/recuperable;Centro (ref. mercado);11070;470860
Metropolitana;LO PRADO;1204-1;SANTA ZENOBIA SIN NUMERO ACERA NORTE COMUNA LO PRADO;1103;CONCESION GRATUITA A LARGO PLAZO;2-posible;Centro (ref. mercado);11032;469243
Valparaíso;VILLA ALEMANA;SIN ROL;BAQUEDANO SIN NUMERO INTERIOR LOTE A-31 COMUNA VILLA ALEMANA;1221;CONCESION GRATUITA A CORTO PLAZO;1-disponible/recuperable;Centro (ref. mercado);10989;467414
Antofagasta;ANTOFAGASTA;331-1;SECTOR SUR CIUDAD ANTOFAGASTA COMUNA ANTOFAGASTA;2728;CONCESION GRATUITA;2-posible;Norte (gruesa);10912;464139
Antofagasta;ANTOFAGASTA;16092-5;SITIO 5 MANZANA 8 LA CHIMBA COMUNA ANTOFAGASTA;2722;ARRENDAMIENTO;2-posible;Norte (gruesa);10888;463118
Metropolitana;LA CISTERNA;1703-24;SANTA CORINA 068 COMUNA LA CISTERNA;679;CONCESION GRATUITA A LARGO PLAZO;2-posible;Centro (ref. mercado);10864;462097
Valparaíso;VINA DEL MAR;667-4;VIANA 131 COMUNA VINA DEL MAR;434;PERMISO OCUPACION;2-posible;Centro (ref. mercado);10846;461332
Metropolitana;SANTIAGO;97-97;MAC IVER 283 COMUNA SANTIAGO;309;CONCESION GRATUITA A LARGO PLAZO;2-posible;Centro (ref. mercado);10825;460439
Valparaíso;QUINTERO;39-22;HERMANOS CARRERA SIN NUMERO LOTE 1 COMUNA QUINTERO;1350;CONCESION GRATUITA A CORTO PLAZO;1-disponible/recuperable;Centro (ref. mercado);10800;459375
Valparaíso;SAN ANTONIO;7097-25;NUEVA BRUSELAS SIN NUMERO LOTE 8 COMUNA SAN ANTONIO;1340;CONCESION GRATUITA A CORTO PLAZO;1-disponible/recuperable;Centro (ref. mercado);10722;456057
Antofagasta;CALAMA;5315-22;PUERTO SECO MANZANA E-2 LOTE 22 COMUNA CALAMA;3550;CONCESION A TITULO ONEROSO;2-posible;Norte (gruesa);10650;452995
Tarapacá;POZO ALMONTE;4110-5;LOTE 5 MANZANA 22 LA TIRANA COMUNA POZO ALMONTE;5316;EN USO RECUPERABLE (texto);2-posible;Norte (gruesa);10632;452229
Metropolitana;LA REINA;3013-24;JOSE ARRIETA 5964 SITIO 4 COMUNA LA REINA;353;CONCESION GRATUITA A CORTO PLAZO;1-disponible/recuperable;Centro (ref. mercado);10583;450145
Metropolitana;INDEPENDENCIA;2114-43;AURORA DE CHILE 2768 COMUNA INDEPENDENCIA;481;ARRENDAMIENTO;2-posible;Centro (ref. mercado);10575;449805
Valparaíso;VILLA ALEMANA;SIN ROL;BAQUEDANO SIN NUMERO INTERIOR LOTE A-29 COMUNA VILLA ALEMANA;1170;CONCESION GRATUITA A CORTO PLAZO;1-disponible/recuperable;Centro (ref. mercado);10530;447891
Metropolitana;LA REINA;1808-143;SIMON BOLIVAR 7459 LOTE 1-2 COMUNA LA REINA;347;CONCESION GRATUITA A CORTO PLAZO;1-disponible/recuperable;Centro (ref. mercado);10403;442489
Tarapacá;POZO ALMONTE;PREASIGNADO;LOTE 8 MANZANA B LA TIRANA COMUNA POZO ALMONTE;5200;EN USO RECUPERABLE (texto);2-posible;Norte (gruesa);10400;442361
Tarapacá;POZO ALMONTE;PREASIGNADO;LOTE 1 MANZANA D LA TIRANA COMUNA DE POZO ALMONTE;5200;EN USO RECUPERABLE (texto);2-posible;Norte (gruesa);10400;442361
Metropolitana;PUDAHUEL;1866-1;RIO ATRATOS 8448 COMUNA PUDAHUEL;1296;CONCESION GRATUITA A CORTO PLAZO;1-disponible/recuperable;Centro (ref. mercado);10368;441000
Valparaíso;VALPARAISO;SIN ROL;EL TELEGRAFO 23 COMUNA VALPARAISO;687;CONCESION GRATUITA A CORTO PLAZO;1-disponible/recuperable;Centro (ref. mercado);10305;438320
Tarapacá;ALTO HOSPICIO;PREASIGNADO;CALLE LOS AROMOS SIN NUMERO COMUNA DE ALTO HOSPICIO;2575;EN USO RECUPERABLE (texto);2-posible;Norte (gruesa);10300;438108
Tarapacá;PICA;SIN ROL;LOTE 5 COMUNA PICA;5144;EN USO RECUPERABLE (texto);2-posible;Norte (gruesa);10288;437597
Tarapacá;POZO ALMONTE;PREASIGNADO;CALLE SANTA ROSA COMUNA POZO ALMONTE;5100;EN USO RECUPERABLE (texto);2-posible;Norte (gruesa);10200;433854
Valparaíso;VALPARAISO;9300-560;PASAJE SANTA MONICA SIN NUMERO COMUNA VALPARAISO;679;CONCESION GRATUITA A CORTO PLAZO;1-disponible/recuperable;Centro (ref. mercado);10186;433259
Antofagasta;ANTOFAGASTA;6705-3;LA NEGRA MANZANA B-1 LOTE 3 COMUNA ANTOFAGASTA;2537;ARRENDAMIENTO;2-posible;Norte (gruesa);10148;431643
Tarapacá;POZO ALMONTE;2681-2;CALLE ALDUNATE SIN NUMERO COMUNA POZO ALMONTE;5074;EN USO RECUPERABLE (texto);2-posible;Norte (gruesa);10148;431643
Tarapacá;POZO ALMONTE;PREASIGNADO;MANZANA 8 LOTE 13 COMUNA DE POZO ALMONTE;5073;EN USO RECUPERABLE (texto);2-posible;Norte (gruesa);10146;431557
Tarapacá;ALTO HOSPICIO;PREASIGNADO;CALLE SANTA ROSA DE MOLLE SIN NUMERO COMUNA ALTO HOSPICIO;2534;EN USO RECUPERABLE (texto);2-posible;Norte (gruesa);10136;431132
Tarapacá;ALTO HOSPICIO;5305-3;LOTE 6 MANZANA C COMUNA ALTO HOSPICIO;2501;EN USO RECUPERABLE (texto);2-posible;Norte (gruesa);10004;425518
Tarapacá;POZO ALMONTE;4295-90;SANTA ROSA SIN NUMERO MANZANA 2 LOTE 3 COMUNA POZO ALMONTE;5000;EN USO RECUPERABLE (texto);2-posible;Norte (gruesa);10000;425347
Tarapacá;POZO ALMONTE;SIN ROL;CALLE PUBLICA SIN NUMERO COMUNA POZO ALMONTE;5000;EN USO RECUPERABLE (texto);2-posible;Norte (gruesa);10000;425347
Tarapacá;ALTO HOSPICIO;PREASIGNADO;PARCELA 13-A COMUNA ALTO HOSPICIO;2500;EN USO RECUPERABLE (texto);2-posible;Norte (gruesa);10000;425347
Tarapacá;ALTO HOSPICIO;PREASIGNADO;PROLONGACION AVENIDA LOS AROMOS COMUNA ALTO HOSPICIO;2500;EN USO RECUPERABLE (texto);2-posible;Norte (gruesa);10000;425347
Metropolitana;PUENTE ALTO;558-1;COVADONGA SIN NUMERO COMUNA PUENTE ALTO;992;CONCESION GRATUITA A LARGO PLAZO;2-posible;Centro (ref. mercado);9917;421817
Antofagasta;ANTOFAGASTA;15010-2;EL HUASCAR MANZANA M SITIO 2 COMUNA ANTOFAGASTA;2476;ARRENDAMIENTO;2-posible;Norte (gruesa);9904;421264
Metropolitana;LO PRADO;3622-25;INGENIERO GIROZ COMUNA LO PRADO;989;CONCESION GRATUITA A CORTO PLAZO;1-disponible/recuperable;Centro (ref. mercado);9888;420583
Tarapacá;ALTO HOSPICIO;PREASIGNADO;AVENIDA RICARDO LAGOS NUMERO 47 COMUNA ALTO HOSPICIO;2463;EN USO RECUPERABLE (texto);2-posible;Norte (gruesa);9852;419052
Antofagasta;SIERRA GORDA;6038-2;LOCALIDAD DE SIERRA GORDA COMUNA SIERRA GORDA;9821;CONCESION GRATUITA;2-posible;Norte (gruesa);9821;417734
Tarapacá;POZO ALMONTE;PREASIGNADO;CALLE ALDUNATE SIN NUMERO COMUNA POZO ALMONTE;4900;EN USO RECUPERABLE (texto);2-posible;Norte (gruesa);9800;416840
Metropolitana;NUNOA;6623-14;LOS AVELLANOS 2206 COMUNA NUNOA;232;CONCESION GRATUITA A CORTO PLAZO;1-disponible/recuperable;Centro (ref. mercado);9727;413735
Antofagasta;ANTOFAGASTA;16092-7;SITIO 7 MANZANA 8 LA CHIMBA COMUNA ANTOFAGASTA;2422;ARRENDAMIENTO;2-posible;Norte (gruesa);9688;412077
Metropolitana;QUINTA NORMAL;1613-8;CORONEL ROBLES 1131 ESQUINA SAN PABLO COMUNA QUINTA NORMAL;604;CONCESION GRATUITA A CORTO PLAZO;1-disponible/recuperable;Centro (ref. mercado);9664;411056
Metropolitana;SANTIAGO;148-45;MERCED 343 COMUNA SANTIAGO;275;CONCESION GRATUITA A LARGO PLAZO;2-posible;Centro (ref. mercado);9625;409397
Antofagasta;ANTOFAGASTA;16173-5;SITIO 5-A MANZANA 62 LA CHIMBA COMUNA ANTOFAGASTA;2382;ARRENDAMIENTO;2-posible;Norte (gruesa);9528;405271
Antofagasta;SIERRA GORDA;6365-3;A 560 MTS AL OESTE DE LA LOCALIDAD DE BAQUEDANO COMUNA SIERRA GORDA;9495;CONCESION GRATUITA;2-posible;Norte (gruesa);9495;403867
Biobío;CONCEPCION;544-0001;CAMILO HENRIQUEZ 2505 (EX-505) COMUNA CONCEPCION;526;CONCESION GRATUITA A LARGO PLAZO;2-posible;Centro (ref. mercado);9473;402932
Metropolitana;SANTIAGO;335-60;LONDRES 40 COMUNA SANTIAGO;268;CONCESION GRATUITA A LARGO PLAZO;2-posible;Centro (ref. mercado);9380;398976
Antofagasta;CALAMA;5303-10;LUIS CALLEJAS ROJAS SIN NUMERO LOTE 4 MANZANA C-1 SECTOR PUERTO SECO COMUNA CALAMA;3081;CONCESION A TITULO ONEROSO;2-posible;Norte (gruesa);9243;393149
Antofagasta;CALAMA;5303-9;LOTE 5 MANZANA C 1 SECTOR PUERTO SECO COMUNA CALAMA;3068;ARRENDAMIENTO;2-posible;Norte (gruesa);9204;391490
Antofagasta;ANTOFAGASTA;5207-2;LOTE B CALLE TEPUAL CON MATAVERI VILLA AZUL COMUNA ANTOFAGASTA;2289;CONCESION GRATUITA;2-posible;Norte (gruesa);9156;389448
Metropolitana;PUDAHUEL;383-6;LA ESTRELLA ENTRE PASAJE MAR NEGRO Y OCEANO ATLANTICO LOTE B COMUNA PUDAHUEL;1143;CONCESION GRATUITA A CORTO PLAZO;1-disponible/recuperable;Centro (ref. mercado);9141;388810
Metropolitana;SANTIAGO;109-726;HUERFANOS 1376 ANTES HUERFANOS 1350 AL 1372 ENTREPISO COMUNA SANTIAGO;261;CONCESION GRATUITA A CORTO PLAZO;1-disponible/recuperable;Centro (ref. mercado);9135;388555
Antofagasta;SIERRA GORDA;6051-1;A 197 M AL NORESTE DE LA CALLE ARTURO PRAT COMUNA SIERRA GORDA;9119;CONCESION GRATUITA;2-posible;Norte (gruesa);9119;387874
Metropolitana;SAN JOAQUIN;4618-15;URETA COX 349 COMUNA SAN JOAQUIN;535;CONCESION GRATUITA A CORTO PLAZO;1-disponible/recuperable;Centro (ref. mercado);9087;386513
Antofagasta;CALAMA;5318-1;LOTE 4 MANZANA C-2 SECTOR PUERTO SECO COMUNA CALAMA;3016;CONCESION A TITULO ONEROSO;2-posible;Norte (gruesa);9048;384854
Antofagasta;CALAMA;5318-8;MARTIN VEGA PIZARRO SIN NUMERO LOTE 1 MANZANA C-2 SECTOR PUERTO SECO COMUNA CALAMA;3005;CONCESION A TITULO ONEROSO;2-posible;Norte (gruesa);9015;383451
Biobío;CONCEPCION;249-31;MAIPU 1973 COMUNA CONCEPCION;499;CONCESION GRATUITA A CORTO PLAZO;1-disponible/recuperable;Centro (ref. mercado);8985;382175
Tarapacá;ALTO HOSPICIO;6327-1;AVENIDA LAS AMERICAS SIN NUMERO ESQUINA CALLE CONTINENTAL;2240;EN USO RECUPERABLE (texto);2-posible;Norte (gruesa);8960;381111
Valparaíso;VALPARAISO;90-29;TOMAS RAMOS 132 AL 144 COMUNA VALPARAISO;594;CONCESION GRATUITA A LARGO PLAZO;2-posible;Centro (ref. mercado);8915;379197
Antofagasta;ANTOFAGASTA;16142-3;LA CHIMBA ALTO MANZANA 33 SITIO 3-A COMUNA ANTOFAGASTA;2219;ARRENDAMIENTO;2-posible;Norte (gruesa);8876;377538
Biobío;SAN PEDRO DE LA PAZ;12016-1;PEDRO AGUIRRE CERDA 680 SAN PEDRO VIEJO COMUNA SAN PEDRO DE LA PAZ;631;CONCESION GRATUITA A CORTO PLAZO;1-disponible/recuperable;Centro (ref. mercado);8839;375965
Valparaíso;VINA DEL MAR;2469-666;19 PONIENTE 5843 LOTE 2 COMUNA VINA DEL MAR;352;CONCESION GRATUITA A CORTO PLAZO;1-disponible/recuperable;Centro (ref. mercado);8800;374306
Metropolitana;PUDAHUEL;383-7;LA ESTRELLA ENTRE PASAJE MAR NEGRO Y OCEANO ATLANTICO LOTE A COMUNA PUDAHUEL;1095;CONCESION GRATUITA A CORTO PLAZO;1-disponible/recuperable;Centro (ref. mercado);8760;372604
Antofagasta;SIERRA GORDA;6410-1;A 554 MT AL SURESTE DE AVENIDA SALVADOR ALLENDE BAQUEDANO COMUNA SIERRA GORDA;8752;CONCESION GRATUITA;2-posible;Norte (gruesa);8752;372264
Metropolitana;SANTIAGO;57-11;ALMIRANTE BARROSO 23 COMUNA SANTIAGO;250;CONCESION GRATUITA A CORTO PLAZO;1-disponible/recuperable;Centro (ref. mercado);8750;372179
Metropolitana;SANTIAGO;3069-36;SIERRA BELLA 1352 COMUNA SANTIAGO;250;CONCESION GRATUITA A CORTO PLAZO;1-disponible/recuperable;Centro (ref. mercado);8750;372179
Metropolitana;LA FLORIDA;796-56;LAS HIGUERAS COMUNA LA FLORIDA;625;CONCESION GRATUITA A CORTO PLAZO;1-disponible/recuperable;Centro (ref. mercado);8750;372179
Valparaíso;SAN ANTONIO;8157-1;MERCEDES NORTE 1823 EX 162 COMUNA SAN ANTONIO;1091;..;1-disponible/recuperable;Centro (ref. mercado);8729;371286
Antofagasta;MEJILLONES;32-12;MANZANA 11 SITIO 6 COMUNA MEJILLONES;4363;CONCESION GRATUITA;2-posible;Norte (gruesa);8726;371158
Antofagasta;CALAMA;5301-7;LOTE 16 MANAZANA A 1 SECTOR PUERTO SECO COMUNA CALAMA;2908;ARRENDAMIENTO;2-posible;Norte (gruesa);8724;371073
Antofagasta;ANTOFAGASTA;442-2;CALLE ANGOL SIN NUMERO COMUNA ANTOFAGASTA;2176;CONCESION GRATUITA;2-posible;Norte (gruesa);8704;370222
Biobío;CORONEL;528-1;MILLABU ESQUINA PASAJE 1 MANZANA COMUNA CORONEL;1233;CONCESION GRATUITA A LARGO PLAZO;2-posible;Centro (ref. mercado);8630;367075
Antofagasta;CALAMA;5318-9;SITIO 6 B MANZANA C-2 SECTOR PUERTO SECO COMUNA CALAMA;2867;CONCESION A TITULO ONEROSO;2-posible;Norte (gruesa);8601;365841
Antofagasta;MARIA ELENA;373-2;PUEBLO DE QUILLAGUA SIN NUMERO COMUNA MARIA ELENA;8500;CONCESION GRATUITA;2-posible;Norte (gruesa);8500;361545
Valparaíso;VILLA ALEMANA;SIN ROL;BAQUEDANO SIN NUMERO INTERIOR LOTE A-22 COMUNA VILLA ALEMANA;942;CONCESION GRATUITA A CORTO PLAZO;1-disponible/recuperable;Centro (ref. mercado);8474;360439
Antofagasta;CALAMA;5301-16;LUIS CALLEJAS ROJAS SIN NUMERO SITIO 5 MANZANA A-1 SECTOR AMPLIACION PUERTO SECO COMUNA CALAM;2804;CONCESION A TITULO ONEROSO;2-posible;Norte (gruesa);8412;357802
Metropolitana;NUNOA;5669-13;PEDRO LOBOS 666 COMUNA NUNOA;200;CONCESION GRATUITA A CORTO PLAZO;1-disponible/recuperable;Centro (ref. mercado);8400;357292
Metropolitana;SAN BERNARDO;2523-12;SAN JOSE 840 Y 848 COMUNA SAN BERNARDO;1398;..;1-disponible/recuperable;Centro (ref. mercado);8388;356781
Antofagasta;ANTOFAGASTA;16142-12;SITIO 3-B MANZANA 33 LA CHIMBA ALTO COMUNA ANTOFAGASTA;2079;ARRENDAMIENTO;2-posible;Norte (gruesa);8316;353719
Antofagasta;ANTOFAGASTA;16095-11;SITIO 11 MANZANA 37 LA CHIMBA COMUNA ANTOFAGASTA;2074;ARRENDAMIENTO;2-posible;Norte (gruesa);8296;352868
Antofagasta;CALAMA;5303-1;LOTE 8 MANZANA C-1 PUERTO SECO COMUNA CALAMA;2760;CONCESION A TITULO ONEROSO;2-posible;Norte (gruesa);8280;352188
Metropolitana;RECOLETA;2376-7;DESIDERIO LEMUS 0143 COMUNA RECOLETA;413;CONCESION GRATUITA A CORTO PLAZO;1-disponible/recuperable;Centro (ref. mercado);8250;350912
Antofagasta;OLLAGUE;4100-65;A 700 MTS AL SURESTE DE LA LOCALIDAD DE OLLAGUE COMUNA OLLAGUE;16500;CONCESION GRATUITA;2-posible;Norte (gruesa);8250;350912
Antofagasta;ANTOFAGASTA;1836-2;CALLE PAIHUANO ESQUINA AVENIDA ESPANA COMUNA ANTOFAGASTA;2048;CONCESION GRATUITA;2-posible;Norte (gruesa);8192;348445
Biobío;PENCO;56-91;YERBAS BUENAS 30 REMODELACION LORD COCHRANE COMUNA PENCO;1020;CONCESION GRATUITA A LARGO PLAZO;2-posible;Centro (ref. mercado);8160;347083
Metropolitana;RECOLETA;4036-4;MUNOZ GAMERO 574 COMUNA RECOLETA;408;PERMISO OCUPACION;2-posible;Centro (ref. mercado);8152;346743
Antofagasta;CALAMA;5317-9;LUIS CALLEJA ROJAS SIN NUMERO SECTOR PUERTO SECO MANZANA A-2 LOTE 1 COMUNA CALAMA;2709;CONCESION A TITULO ONEROSO;2-posible;Norte (gruesa);8127;345680
Antofagasta;CALAMA;5318-10;MARTIN VEGA PIZARRO SIN NUMERO SITIO 2B MANZANA C-2 SECTOR PUERTO SECO COMUNA CALAMA;2708;CONCESION A TITULO ONEROSO;2-posible;Norte (gruesa);8124;345552
Metropolitana;TALAGANTE;264-90;OHIGGINS 1852 COMUNA TALAGANTE;1015;CONCESION GRATUITA A LARGO PLAZO;2-posible;Centro (ref. mercado);8123;345510
Metropolitana;SANTIAGO;2793-14;COQUIMBO 609 COMUNA SANTIAGO;232;CONCESION GRATUITA A CORTO PLAZO;1-disponible/recuperable;Centro (ref. mercado);8120;345382
Antofagasta;SIERRA GORDA;6365-2;LOTE 2 A 600 M AL OESTE DE AVENIDA SALVADOR ALLENDE COMUNA SIERRA GORDA;8113;CONCESION GRATUITA;2-posible;Norte (gruesa);8113;345084
Metropolitana;LA FLORIDA;NO TIENE;EL APERO COMUNA LA FLORIDA;576;CONCESION GRATUITA A CORTO PLAZO;1-disponible/recuperable;Centro (ref. mercado);8064;343000
Valparaíso;SAN ANTONIO;8501-17;EL ARRAYAN 1270 MANZANA 10 LOTE B COMUNA SAN ANTONIO;1004;CONCESION GRATUITA A CORTO PLAZO;1-disponible/recuperable;Centro (ref. mercado);8035;341767
Metropolitana;PROVIDENCIA;190-10;BELLAVISTA 0330 COMUNA PROVIDENCIA;146;CONCESION GRATUITA A CORTO PLAZO;1-disponible/recuperable;Centro (ref. mercado);8008;340618
Antofagasta;ANTOFAGASTA;16071-9;SITIO 9 MANZANA 10 LA CHIMBA COMUNA ANTOFAGASTA;2001;ARRENDAMIENTO;2-posible;Norte (gruesa);8004;340448
Antofagasta;ANTOFAGASTA;1258-1;CALLE VENEZUELA SITIO 1 COMUNA ANTOFAGASTA;1999;CONCESION GRATUITA;2-posible;Norte (gruesa);7996;340108
Antofagasta;MEJILLONES;1001-2;BALNEARIO HORNITOS COMUNA MEJILLONES;3976;CONCESION GRATUITA;2-posible;Norte (gruesa);7952;338236
Valparaíso;VILLA ALEMANA;SIN ROL;SEXTA SIN NUMERO INTERIOR LOTE A-35 COMUNA VILLA ALEMANA;882;CONCESION GRATUITA A CORTO PLAZO;1-disponible/recuperable;Centro (ref. mercado);7941;337768
Antofagasta;CALAMA;5318-7;SITIO 2 A MANZANA C 2 PUERTO SECO COMUNA CALAMA;2619;ARRENDAMIENTO;2-posible;Norte (gruesa);7857;334195
Valparaíso;QUILPUE;3721-198;PASAJE 610 NUMERO 986 COMUNA QUILPUE;654;CONCESION GRATUITA A CORTO PLAZO;1-disponible/recuperable;Centro (ref. mercado);7848;333813
Metropolitana;SANTIAGO;3763-1;SAN IGNACIO 1709 ESQUINA SARGENTO ALDEA 1510 COMUNA SANTIAGO;222;CONCESION GRATUITA A CORTO PLAZO;1-disponible/recuperable;Centro (ref. mercado);7770;330495
Metropolitana;PENALOLEN;7188-2;GRECIA 6871 COMUNA PENALOLEN;483;CONCESION GRATUITA A CORTO PLAZO;1-disponible/recuperable;Centro (ref. mercado);7728;328708
Antofagasta;CALAMA;5316-2;MANUEL VILLEGAS MALDONADO SIN NUMERO SITIO 2 MANZANA A-3 PUERTO SECO COMUNA CALAMA;2565;CONCESION A TITULO ONEROSO;2-posible;Norte (gruesa);7695;327305
Valparaíso;CARTAGENA;1001-27;COSTANERA DEL MAR SIN NUMERO LOTE 12 COMUNA CARTAGENA;1537;ARRENDAMIENTO;2-posible;Centro (ref. mercado);7685;326879
Valparaíso;SAN ANTONIO;3920-1;ANGAMOS 2380 COMUNA SAN ANTONIO;960;CONCESION GRATUITA A CORTO PLAZO;1-disponible/recuperable;Centro (ref. mercado);7680;326667
Biobío;CORONEL;2759-1;LOS GUAYACANES 1380 COMUNA CORONEL;1094;CONCESION GRATUITA A LARGO PLAZO;2-posible;Centro (ref. mercado);7658;325731
Metropolitana;SANTIAGO;44378;JOSE RAMON GUTIERREZ 269 COMUNA SANTIAGO;219;CONCESION GRATUITA A LARGO PLAZO;2-posible;Centro (ref. mercado);7656;325646
Antofagasta;SIERRA GORDA;6405-1;ESTACION BAQUEDANO COMUNA SIERRA GORDA;7647;CONCESION A TITULO ONEROSO;2-posible;Norte (gruesa);7647;325263
Antofagasta;CALAMA;5301-5;SITIO 14 MANZANA A 1 SECTOR PUERTO SECO COMUNA CALAMA;2522;ARRENDAMIENTO;2-posible;Norte (gruesa);7566;321818
Antofagasta;CALAMA;5318-4;CALLE LUIS CALLEJAS ROJAS SITIO 7 MANZANA C 2 SECTOR PUERTO SECO COMUNA CALAMA;2515;CONCESION A TITULO ONEROSO;2-posible;Norte (gruesa);7545;320925
Antofagasta;CALAMA;5301-15;CALLE LUIS CALLEJAS ROJAS MANZANA A-1 LOTE 6 SECTOR PUERTO SECO COMUNA CALAMA;2506;ARRENDAMIENTO;2-posible;Norte (gruesa);7518;319776
Valparaíso;VINA DEL MAR;477-144;PRINCIPAL SIN NUMERO LOTE 129 A COMUNA VINA DEL MAR;300;ARRENDAMIENTO;2-posible;Centro (ref. mercado);7500;319011
Antofagasta;CALAMA;5318-2;SITIO 5 MANZANA C-2 SECTOR PUERTO SECO COMUNA CALAMA;2493;CONCESION A TITULO ONEROSO;2-posible;Norte (gruesa);7479;318117
Metropolitana;SAN RAMON;644-17;GENERAL BARCELO LIRA 1965 COMUNA SAN RAMON;829;CONCESION GRATUITA A LARGO PLAZO;2-posible;Centro (ref. mercado);7461;317352
Valparaíso;VINA DEL MAR;2272-8;CATEMU SIN NUMERO LOTE 160-A MANZANA J COMUNA VINA DEL MAR;298;CONCESION GRATUITA A CORTO PLAZO;1-disponible/recuperable;Centro (ref. mercado);7456;317139
Antofagasta;SIERRA GORDA;6050-2;PROLONGACION CALLE OHIGGINS 03 COMUNA SIERRA GORDA;7431;CONCESION GRATUITA;2-posible;Norte (gruesa);7431;316076
Antofagasta;CALAMA;5301-11;GILBERTO GOMEZ CONTARDO SIN NUMERO SECTOR PUERTO SECO MANZANA A-1 LOTE 20 COMUNA CALAMA;2422;CONCESION A TITULO ONEROSO;2-posible;Norte (gruesa);7266;309057
Antofagasta;CALAMA;5305-12;COLECTORA SIN NUMERO MANZANA E-1 LOTE 1 PUERTO SECO COMUNA CALAMA;2417;CONCESION A TITULO ONEROSO;2-posible;Norte (gruesa);7251;308419
Antofagasta;CALAMA;5301-10;GILBERTO GOMEZ CONTARDO SIN NUMERO LOTE 19 MANZANA A-1 SECTOR AMPLIACION PUERTO SECO COMUNA C;2417;CONCESION A TITULO ONEROSO;2-posible;Norte (gruesa);7251;308419
Antofagasta;CALAMA;5301-19;SECTOR PUERTO SECO MANZANA A-1 LOTE 2 COMUNA CALAMA;2406;CONCESION A TITULO ONEROSO;2-posible;Norte (gruesa);7218;307016
Antofagasta;CALAMA;5301-9;SECTOR PUERTO SECO MANZANA A-1 SITIO 18 COMUNA CALAMA;2401;CONCESION A TITULO ONEROSO;2-posible;Norte (gruesa);7203;306378
Valparaíso;QUILPUE;721-15;VERGARA 172 COMUNA QUILPUE;600;CONCESION GRATUITA A LARGO PLAZO;2-posible;Centro (ref. mercado);7200;306250
Metropolitana;RENCA;1243-13;RIO MAIPO COMUNA RENCA;720;CONCESION GRATUITA A CORTO PLAZO;1-disponible/recuperable;Centro (ref. mercado);7200;306250
Antofagasta;ANTOFAGASTA;16440-1;RICA AVENTURA EX CINCO LA CHIMBA MANZANA 3 LOTE 1 COMUNA ANTOFAGASTA;1800;CONCESION A TITULO ONEROSO;2-posible;Norte (gruesa);7200;306250
Antofagasta;CALAMA;5301-8;LOTE 17 MANZANA A-1 SECTOR PUERTO SECO COMUNA CALAMA;2400;CONCESION A TITULO ONEROSO;2-posible;Norte (gruesa);7200;306250
Antofagasta;CALAMA;5303-7;LUIS CALLEJAS ROJAS SIN NUMERO LOTE 7 MANZANA C 1 SECTOR PUERTO SECO COMUNA CALAMA;2400;CONCESION A TITULO ONEROSO;2-posible;Norte (gruesa);7200;306250
Valparaíso;ALGARROBO;123-104;BELLAVISTA SIN NUMERO COMUNA ALGARROBO;600;CONCESION GRATUITA A CORTO PLAZO;1-disponible/recuperable;Centro (ref. mercado);7199;306208
Valparaíso;CARTAGENA;SIN ROL;JOSE ARELLANO RIVAS SIN NUMERO LOTE 1 COMUNA CARTAGENA;1438;CONCESION GRATUITA A CORTO PLAZO;1-disponible/recuperable;Centro (ref. mercado);7190;305825
Antofagasta;CALAMA;1240-34;SECTOR PONIENTE VILLA LOS SALARES COMUNA CALAMA;2395;CONCESION GRATUITA;2-posible;Norte (gruesa);7185;305612
Biobío;TALCAHUANO;1590-3;LAS DALIAS LOTE 3 (EX LOTE D) COMUNA TALCAHUANO;596;CONCESION GRATUITA A CORTO PLAZO;1-disponible/recuperable;Centro (ref. mercado);7146;303953
Metropolitana;SAN JOAQUIN;4989-12;TIMAR COMUNA SAN JOAQUIN;420;CONCESION GRATUITA A CORTO PLAZO;1-disponible/recuperable;Centro (ref. mercado);7140;303698
Antofagasta;ANTOFAGASTA;20005-4;SECTOR MANTOS BLANCOS SIN NUMERO COMUNA ANTOFAGASTA;1784;CONCESION A TITULO ONEROSO;2-posible;Norte (gruesa);7136;303528
Valparaíso;VINA DEL MAR;2170-17;AUGUSTO DHALMAR SIN NUMERO COMUNA VINA DEL MAR;285;CONCESION GRATUITA A CORTO PLAZO;1-disponible/recuperable;Centro (ref. mercado);7128;303188
Metropolitana;SAN BERNARDO;5461-3;MARTIN DE SOLIS 14260 COMUNA SAN BERNARDO;1178;CONCESION GRATUITA A CORTO PLAZO;1-disponible/recuperable;Centro (ref. mercado);7068;300636
Valparaíso;CONCON;3456-19;COSTANERA SIN NUMERO COMUNA CONCON;234;CONCESION GRATUITA A CORTO PLAZO;1-disponible/recuperable;Centro (ref. mercado);7020;298594
Valparaíso;VINA DEL MAR;59-10;LOS CASTANOS 297 COMUNA VINA DEL MAR;279;CONCESION GRATUITA A CORTO PLAZO;1-disponible/recuperable;Centro (ref. mercado);6969;296425
Metropolitana;SANTIAGO;3168-1;TOCORNAL 1455 COMUNA SANTIAGO;198;ARRENDAMIENTO;2-posible;Centro (ref. mercado);6934;294936
Valparaíso;VILLA ALEMANA;SIN ROL;BAQUEDANO SIN NUMERO INTERIOR PARTE LOTE A-22 COMUNA VILLA ALEMANA;770;CONCESION GRATUITA A CORTO PLAZO;1-disponible/recuperable;Centro (ref. mercado);6930;294766
Valparaíso;VINA DEL MAR;1062-14;COQUIMBO MANZANA G SITIO 190 COMUNA VINA DEL MAR;276;CONCESION GRATUITA A CORTO PLAZO;1-disponible/recuperable;Centro (ref. mercado);6903;293617
Antofagasta;MEJILLONES;600-5;MANZANA F SITIO 5 SECTOR SUR DE MEJILLONES COMUNA MEJILLONES;3450;ARRENDAMIENTO;2-posible;Norte (gruesa);6900;293490
Metropolitana;INDEPENDENCIA;2437-5;INGLATERRA 1575 ANTES 1405 COMUNA INDEPENDENCIA;313;CONCESION GRATUITA A CORTO PLAZO;1-disponible/recuperable;Centro (ref. mercado);6893;293192
Metropolitana;QUINTA NORMAL;1323-25;CARLOS PEZOA VELIZ 851 COMUNA QUINTA NORMAL;431;CONCESION GRATUITA A CORTO PLAZO;1-disponible/recuperable;Centro (ref. mercado);6893;293192
Antofagasta;CALAMA;5301-14;LUIS CALLEJAS ROJAS SIN NUMERO SECTOR PUERTO SECO MANZANA A-1 SITIO 7 COMUNA CALAMA;2293;CONCESION A TITULO ONEROSO;2-posible;Norte (gruesa);6879;292596
Antofagasta;SIERRA GORDA;6404-1;LOCALIDAD DE BAQUEDANO COMUNA SIERRA GORDA;6818;CONCESION GRATUITA;2-posible;Norte (gruesa);6818;290002
Antofagasta;ANTOFAGASTA;16440-2;RICA AVENTURA EX CINCO LA CHIMBA MANZANA 3 LOTE 2 COMUNA ANTOFAGASTA;1700;CONCESION A TITULO ONEROSO;2-posible;Norte (gruesa);6800;289236
Antofagasta;CALAMA;5301-4;SECTOR PUERTO SECO MANZANA A-1 SITIO 13 COMUNA CALAMA;2261;ARRENDAMIENTO;2-posible;Norte (gruesa);6783;288513
Metropolitana;LA REINA;6406-54;CALAMA 686 COMUNA LA REINA;224;CONCESION GRATUITA A CORTO PLAZO;1-disponible/recuperable;Centro (ref. mercado);6720;285833
Valparaíso;VALPARAISO;37-132 37-133 37-134 37-135 37-136;ESMERALDA 1051 AL 1059 Y BLANCO 1054 AL 1059 COMUNA VALPARAISO;447;CONCESION GRATUITA A CORTO PLAZO;1-disponible/recuperable;Centro (ref. mercado);6704;285153
Metropolitana;PUENTE ALTO;80-3;CALLE UNO 708 COMUNA PUENTE ALTO;670;CONCESION GRATUITA A CORTO PLAZO;1-disponible/recuperable;Centro (ref. mercado);6697;284855
Metropolitana;CONCHALI;6675-3;EL CORTIJO PANAMERICANA NORTE 5411 COMUNA CONCHALI;558;CONCESION GRATUITA A CORTO PLAZO;1-disponible/recuperable;Centro (ref. mercado);6696;284813
Antofagasta;ANTOFAGASTA;8000-3;LOTE B CALLE EDUARDO FOSTER CON VLADIMIR SAAVEDRA CHIMBA ALTO COMUNA ANTOFAGASTA;1646;CONCESION GRATUITA;2-posible;Norte (gruesa);6584;280049
Metropolitana;PENALOLEN;7810-29;CARACAS EX CEREZOS 2250 COMUNA PENALOLEN;410;CONCESION GRATUITA A CORTO PLAZO;1-disponible/recuperable;Centro (ref. mercado);6562;279113
Antofagasta;SIERRA GORDA;6039-1;LOCALIDAD DE SIERRA GORDA COMUNA SIERRA GORDA;6538;CONCESION GRATUITA;2-posible;Norte (gruesa);6538;278092
Antofagasta;CALAMA;5315-11;LOTE 1 MANZANA E-2 PUERTO SECO COMUNA CALAMA;2178;CONCESION A TITULO ONEROSO;2-posible;Norte (gruesa);6534;277922
Antofagasta;ANTOFAGASTA;1316-1;POBLACION VILLA EL SALAR COMUNA ANTOFAGASTA;1631;CONCESION GRATUITA;2-posible;Norte (gruesa);6524;277497
Antofagasta;CALAMA;5318-3;SITIO 6 A MANZANA C-2 PUERTO SECO COMUNA CALAMA;2174;ARRENDAMIENTO;2-posible;Norte (gruesa);6522;277412
Metropolitana;LO BARNECHEA;3535-154;SAN MARCOS SIN NUMERO COLINDANTE EL 401 COMUNA LO BARNECHEA;163;CONCESION GRATUITA A LARGO PLAZO;2-posible;Centro (ref. mercado);6509;276859
Antofagasta;ANTOFAGASTA;551-1;ANDRES SABELLA ESQUINA PASAJE AVELINO CONTARDO NORTE VILLA ESMERALDA COMUNA ANTOFAGASTA;1623;CONCESION GRATUITA;2-posible;Norte (gruesa);6492;276136
Metropolitana;RECOLETA;3376-12;EL ROBLE 0171 COMUNA RECOLETA;323;ARRENDAMIENTO;2-posible;Centro (ref. mercado);6468;275115
Metropolitana;EL BOSQUE;15626-2;LOS FILODENDROS COMUNA EL BOSQUE;717;CONCESION GRATUITA A CORTO PLAZO;1-disponible/recuperable;Centro (ref. mercado);6455;274562
Tarapacá;ALTO HOSPICIO;PREASIGNADO;AVENIDA LOS ARENEROS SIN NUMERO COMUNA ALTO HOSPICIO;1606;EN USO RECUPERABLE (texto);2-posible;Norte (gruesa);6424;273243
Metropolitana;LA GRANJA;2530-8;PRESIDENTE EISENHOWER 085-087 COMUNA LA GRANJA;642;CONCESION GRATUITA A CORTO PLAZO;1-disponible/recuperable;Centro (ref. mercado);6422;273158
Antofagasta;ANTOFAGASTA;20005-2;SUBESTACION CAPRICORNIO COMUNA ANTOFAGASTA;1600;ARRENDAMIENTO;2-posible;Norte (gruesa);6400;272222
Metropolitana;SANTIAGO;2833-2;SANTA ELENA 905 COMUNA SANTIAGO;182;CONCESION GRATUITA A CORTO PLAZO;1-disponible/recuperable;Centro (ref. mercado);6370;270946
Valparaíso;VINA DEL MAR;366-15;LAS LLOICAS SIN NUMERO COMUNA VINA DEL MAR;255;..;1-disponible/recuperable;Centro (ref. mercado);6369;270904
Valparaíso;SAN ANTONIO;1822-35;RAMON BARROS LUCO 1390 CON CALLE CUATRO NORTE COMUNA SAN ANTONIO;796;CONCESION GRATUITA A CORTO PLAZO;1-disponible/recuperable;Centro (ref. mercado);6368;270861
Antofagasta;ANTOFAGASTA;5033-806;EL ORO ESQUINA NICOLAS TIRADO BARRIO INDUSTRIAL SECTOR 5B MANZANA 11-A SITIO 13 COMUNA ANTOFA;1587;CONCESION GRATUITA;2-posible;Norte (gruesa);6348;270011
Metropolitana;LA GRANJA;5118-2;CARDENAL RAUL SILVA HENRIQUEZ 6456 COMUNA LA GRANJA;632;CONCESION GRATUITA A CORTO PLAZO;1-disponible/recuperable;Centro (ref. mercado);6324;268990
Antofagasta;ANTOFAGASTA;2477-1;HUANTAJAYA SIN NUMERO INTERSECCION AVENIDA IRARRAZABAL COMUNA ANTOFAGASTA;1576;CONCESION GRATUITA;2-posible;Norte (gruesa);6304;268139
Valparaíso;VILLA ALEMANA;429-20;EL PUENTE 2140 MANZANA 9 SITIO 6 COMUNA VILLA ALEMANA;700;CONCESION GRATUITA A CORTO PLAZO;1-disponible/recuperable;Centro (ref. mercado);6300;267969
Antofagasta;CALAMA;5303-5;GILBERTO GOMEZ CONTARDO SIN NUMERO LOTE 12 MANZANA C-1 PUERTO SECO COMUNA CALAMA;2100;CONCESION A TITULO ONEROSO;2-posible;Norte (gruesa);6300;267969
Biobío;PENCO;1300-10;LUIS CRUZ 125 COMUNA PENCO;786;CONCESION GRATUITA A CORTO PLAZO;1-disponible/recuperable;Centro (ref. mercado);6288;267458
Metropolitana;LA GRANJA;5249-1;OCHO PONIENTE 8190 COMUNA LA GRANJA;627;CONCESION GRATUITA A CORTO PLAZO;1-disponible/recuperable;Centro (ref. mercado);6266;266523
Valparaíso;VINA DEL MAR;609-20;VON SCHROEDERS 150 COMUNA VINA DEL MAR;250;CONCESION GRATUITA A CORTO PLAZO;1-disponible/recuperable;Centro (ref. mercado);6250;265842
Antofagasta;CALAMA;5303-6;LOTE 13 MANZANA C-1 PUERTO SECO COMUNA CALAMA;2081;CONCESION A TITULO ONEROSO;2-posible;Norte (gruesa);6243;265544
Antofagasta;CALAMA;5303-8;LUIS CALLEJAS ROJAS SIN NUMERO SITIO 6 MANZANA C-1 SECTOR PUERTO SECO COMUNA CALAMA;2072;CONCESION A TITULO ONEROSO;2-posible;Norte (gruesa);6216;264396
Antofagasta;CALAMA;5305-17;SITIO 17 MANZANA E-1 BARRIO INDUSTRIAL SECTOR PUERTO SECO COMUNA DE CALAMA;2061;CONCESION A TITULO ONEROSO;2-posible;Norte (gruesa);6183;262992
Antofagasta;CALAMA;5305-23;LOTE 23 MANZANA E-1 PUERTO SECO COMUNA CALAMA;2061;CONCESION A TITULO ONEROSO;2-posible;Norte (gruesa);6183;262992
Antofagasta;CALAMA;5305-15;CALLE TRES SIN NUMERO PUERTO SECO MANZANA E-1 SITIO 15 COMUNA CALAMA;2061;CONCESION A TITULO ONEROSO;2-posible;Norte (gruesa);6183;262992
Antofagasta;CALAMA;5305-22;CALLE TRES SIN NUMERO LOTE 22 MANZANA E-1 PUERTO SECO COMUNA CALAMA;2061;CONCESION A TITULO ONEROSO;2-posible;Norte (gruesa);6183;262992
Antofagasta;CALAMA;5305-21;CALLE TRES SIN NUMERO LOTE 21 MANZANA E-1 PUERTO SECO COMUNA CALAMA;2061;CONCESION A TITULO ONEROSO;2-posible;Norte (gruesa);6183;262992
Antofagasta;CALAMA;5305-18;SITIO 18 MANZANA E-1 SECTOR AMPLIACION PUERTO SECO COMUNA CALAMA;2061;CONCESION A TITULO ONEROSO;2-posible;Norte (gruesa);6183;262992
Antofagasta;CALAMA;5305-20;LOTE 20 MANZANA E-1 PUERTO SECO COMUNA CALAMA;2061;CONCESION A TITULO ONEROSO;2-posible;Norte (gruesa);6183;262992
Antofagasta;CALAMA;5305-19;CALLE TRES SIN NUMERO MANZANA E-1 LOTE 19 BARRIO INDUSTRIAL PUERTO SECO COMUNA CALAMA;2061;CONCESION A TITULO ONEROSO;2-posible;Norte (gruesa);6183;262992
Antofagasta;ANTOFAGASTA;3017-4;POBLACION COVIEFI COMUNA ANTOFAGASTA;1544;CONCESION GRATUITA;2-posible;Norte (gruesa);6176;262695
Antofagasta;CALAMA;5303-4;GILBERTO GOMEZ CONTARDO SIN NUMERO SITIO 11-A MANZANA C-1 PUERTO SECO COMUNA CALAMA;2058;CONCESION A TITULO ONEROSO;2-posible;Norte (gruesa);6174;262609
Antofagasta;CALAMA;5301-17;LOTE 4 MANZANA A-1 SECTOR PUERTO SECO COMUNA CALAMA;2049;CONCESION A TITULO ONEROSO;2-posible;Norte (gruesa);6147;261461
Valparaíso;VALPARAISO;3118-29;GENERAL MACKENNA 602 AL 608 COMUNA VALPARAISO;410;CONCESION GRATUITA A LARGO PLAZO;2-posible;Centro (ref. mercado);6143;261291
Valparaíso;SAN ANTONIO;2222-10;DOS NORTE 68 LOTE 2 COMUNA SAN ANTONIO;765;CONCESION GRATUITA A CORTO PLAZO;1-disponible/recuperable;Centro (ref. mercado);6122;260398
Antofagasta;CALAMA;5315-12;BARRIO INDUSTRIAL SECTOR PUERTO SECO MANZANA E-2 LOTE 12 COMUNA CALAMA;2040;ARRENDAMIENTO;2-posible;Norte (gruesa);6120;260313
Metropolitana;SANTIAGO;13-76;JOSE VICTORINO LASTARRIA 46 COMUNA SANTIAGO;175;CONCESION GRATUITA A LARGO PLAZO;2-posible;Centro (ref. mercado);6117;260185
Antofagasta;SAN PEDRO DE ATACAMA;4102-7;CALLE LASCAR EQUIPAMIENTO 3 COMUNA SAN PEDRO DE ATACAMA;2038;ARRENDAMIENTO;2-posible;Norte (gruesa);6114;260057
Metropolitana;SANTIAGO;201-46;MIRAFLORES 666 DEPARTAMENTO 205 COMUNA SANTIAGO;174;CONCESION GRATUITA A CORTO PLAZO;1-disponible/recuperable;Centro (ref. mercado);6102;259547
Valparaíso;VINA DEL MAR;2476-452;POBLACION ALEJANDRO NAVARRETE MANZANA F11 LOTE 4 COMUNA VINA DEL MAR;244;CONCESION GRATUITA A CORTO PLAZO;1-disponible/recuperable;Centro (ref. mercado);6094;259207
Antofagasta;CALAMA;5305-2;PUERTO SECO MANZANA E-1 LOTE 12 COMUNA CALAMA;2025;CONCESION A TITULO ONEROSO;2-posible;Norte (gruesa);6075;258399
Antofagasta;CALAMA;5305-7;LOTE 6 MANZANA E-1 PUERTO SECO COMUNA CALAMA;2025;CONCESION A TITULO ONEROSO;2-posible;Norte (gruesa);6075;258399
Antofagasta;CALAMA;5305-10;LOTE 3 MANZANA E-1 PUERTO SECO COMUNA CALAMA;2025;CONCESION A TITULO ONEROSO;2-posible;Norte (gruesa);6075;258399
Antofagasta;CALAMA;5305-11;LOTE 2 MANZANA E-1 PUERTO SECO BARRIO INDUSTRIAL COMUNA CALAMA;2025;CONCESION A TITULO ONEROSO;2-posible;Norte (gruesa);6075;258399
Antofagasta;CALAMA;5305-5;LOTE 9 MANZANA E-1 SECTOR PUERTO SECO COMUNA CALAMA;2025;CONCESION A TITULO ONEROSO;2-posible;Norte (gruesa);6075;258399
Antofagasta;CALAMA;5305-4;LOTE 10 MANZANA E-1 PUERTO SECO COMUNA CALAMA;2025;CONCESION A TITULO ONEROSO;2-posible;Norte (gruesa);6075;258399
Antofagasta;CALAMA;5305-8;LOTE 5 MANZANA E-1 PUERTO SECO COMUNA CALAMA;2025;ARRENDAMIENTO;2-posible;Norte (gruesa);6075;258399
Antofagasta;CALAMA;5305-9;LOTE 4 MANZANA E-1 PUERTO SECO COMUNA CALAMA;2025;CONCESION A TITULO ONEROSO;2-posible;Norte (gruesa);6075;258399
Antofagasta;CALAMA;5315-1;MANZANA E-2 LOTE 11 PUERTO SECO COMUNA CALAMA;2025;ARRENDAMIENTO;2-posible;Norte (gruesa);6075;258399
Valparaíso;VALPARAISO;9300-433;RODELILLO COMUNA VALPARAISO;404;CONCESION GRATUITA A CORTO PLAZO;1-disponible/recuperable;Centro (ref. mercado);6060;257761
Antofagasta;CALAMA;5315-9;PUERTO SECO MANZANA E-2 LOTE 3 COMUNA CALAMA;2018;ARRENDAMIENTO;2-posible;Norte (gruesa);6054;257505
Antofagasta;CALAMA;5315-6;SITIO 6 MANZANA E-2 SECTOR AMPLIACION PUERTO SECO COMUNA CALAMA;2018;CONCESION A TITULO ONEROSO;2-posible;Norte (gruesa);6054;257505
Antofagasta;CALAMA;5315-7;SITIO 5 MANZANA E-2 PUERTO SECO COMUNA CALAMA;2018;ARRENDAMIENTO;2-posible;Norte (gruesa);6054;257505
Antofagasta;CALAMA;5315-8;CALLE CINCO SIN NUMERO MANZANA E-2 LOTE 4 SECTOR PUERTO SECO COMUNA CALAMA;2018;CONCESION A TITULO ONEROSO;2-posible;Norte (gruesa);6054;257505
Antofagasta;CALAMA;5315-5;CALLE CINCO SIN NUMERO PUERTO SECO SITIO 7 MANZANA E-2 COMUNA CALAMA;2018;CONCESION A TITULO ONEROSO;2-posible;Norte (gruesa);6054;257505
Antofagasta;CALAMA;5315-15;BARRIO INDUSTRIAL PUERTO SECO LOTE 15 MANZANA E-2 COMUNA CALAMA;2018;CONCESION A TITULO ONEROSO;2-posible;Norte (gruesa);6054;257505
Antofagasta;CALAMA;5315-3;LOTE 9 MANZANA E-2 SECTOR PUERTO SECO COMUNA CALAMA;2018;CONCESION A TITULO ONEROSO;2-posible;Norte (gruesa);6054;257505
Antofagasta;CALAMA;5315-19;MANZANA E-2 LOTE 19 PUERTO SECO COMUNA CALAMA;2018;CONCESION A TITULO ONEROSO;2-posible;Norte (gruesa);6054;257505
Antofagasta;CALAMA;5315-16;SITIO 16 MANZANA E-2 SECTOR PUERTO SECO COMUNA CALAMA;2018;CONCESION A TITULO ONEROSO;2-posible;Norte (gruesa);6054;257505
Antofagasta;CALAMA;5315-2;BARRIO INDUSTRIAL PUERTO SECO MANZANA E-2 LOTE 10 COMUNA CALAMA;2018;ARRENDAMIENTO;2-posible;Norte (gruesa);6054;257505
Antofagasta;CALAMA;5315-10;CALLE CINCO SIN NOMBRE PUERTO SECO MANZANA E-2 LOTE 2 COMUNA CALAMA;2018;CONCESION A TITULO ONEROSO;2-posible;Norte (gruesa);6054;257505
Antofagasta;CALAMA;5315-17;SITIO 17 MANZANA E-2 SECTOR PUERTO SECO COMUNA CALAMA;2018;ARRENDAMIENTO;2-posible;Norte (gruesa);6054;257505
Antofagasta;CALAMA;5315-20;LOTE 20 MANZANA E-2 PUERTO SECO COMUNA CALAMA;2018;CONCESION A TITULO ONEROSO;2-posible;Norte (gruesa);6054;257505
Antofagasta;CALAMA;5315-21;MANZANA E-2 LOTE 21 SECTOR PUERTO SECO COMUNA CALAMA;2018;CONCESION A TITULO ONEROSO;2-posible;Norte (gruesa);6054;257505
Antofagasta;CALAMA;5315-13;BARRIO INDUSTRIAL SECTOR PUERTO SECO MANZANA E-2 LOTE 13 COMUNA CALAMA;2018;CONCESION A TITULO ONEROSO;2-posible;Norte (gruesa);6054;257505
Antofagasta;CALAMA;5315-14;LOTE 14 MANZANA E-2 SECTOR PUERTO SECO COMUNA CALAMA;2018;CONCESION A TITULO ONEROSO;2-posible;Norte (gruesa);6054;257505
Antofagasta;CALAMA;5315-18;BARRIO INDUSTRIAL SECTOR PUERTO SECO MANZANA E-2 LOTE 18 COMUNA CALAMA;2018;ARRENDAMIENTO;2-posible;Norte (gruesa);6054;257505
Metropolitana;SANTIAGO;3040-81;PADRE ORELLANA 1340 COMUNA SANTIAGO;173;CONCESION GRATUITA A CORTO PLAZO;1-disponible/recuperable;Centro (ref. mercado);6039;256867
Valparaíso;SAN ANTONIO;4324-1;CACIQUE MILLACURA COMUNA SAN ANTONIO;754;CONCESION GRATUITA A CORTO PLAZO;1-disponible/recuperable;Centro (ref. mercado);6029;256442
Metropolitana;PROVIDENCIA;541-84;LUIS THAYER OJEDA 43 DEPARTAMENTO 506 COMUNA PROVIDENCIA;110;CONCESION GRATUITA A LARGO PLAZO;2-posible;Centro (ref. mercado);6028;256399
Tarapacá;ALTO HOSPICIO;PREASIGNADO;AVENIDA LOS AROMOS SIN NUMERO ALTO HOSPICIO;1502;EN USO RECUPERABLE (texto);2-posible;Norte (gruesa);6008;255549
Antofagasta;CALAMA;5301-3;SECTOR PUERTO SECO MANZANA A-1 LOTE 12 COMUNA CALAMA;2001;CONCESION A TITULO ONEROSO;2-posible;Norte (gruesa);6003;255336
Valparaíso;VINA DEL MAR;2415-2;EL ESPINO NUMERO 3660 LOTE 93 LOTE 1 Y 2 COMUNA VINA DEL MAR;240;CONCESION GRATUITA A CORTO PLAZO;1-disponible/recuperable;Centro (ref. mercado);6000;255208
Metropolitana;LA REINA;710-31;LORELEY 812 D COMUNA LA REINA;200;CONCESION GRATUITA A CORTO PLAZO;1-disponible/recuperable;Centro (ref. mercado);6000;255208
Antofagasta;CALAMA;740-5;CALLE ALONSO DE ERCILLA 3162 LOTE 6 COMUNA CALAMA;1991;CONCESION A TITULO ONEROSO;2-posible;Norte (gruesa);5973;254060
Antofagasta;CALAMA;740-6;ALONSO DE ERCILLA 3112 LOTE 7 COMUNA CALAMA;1990;CONCESION A TITULO ONEROSO;2-posible;Norte (gruesa);5970;253932
Antofagasta;CALAMA;740-1;CALLE ALONSO DE ERCILLA 3198 LOTE 5 COMUNA CALAMA;1990;CONCESION A TITULO ONEROSO;2-posible;Norte (gruesa);5970;253932
Antofagasta;CALAMA;5305-24;LOTE 24 MANZANA E-1 SECTOR PUERTO SECO COMUNA CALAMA;1985;ARRENDAMIENTO;2-posible;Norte (gruesa);5955;253294
Metropolitana;SAN JOAQUIN;2838-4;CABILDO 3519 MANZANA A SITIO 23 COMUNA SAN JOAQUIN;350;CONCESION GRATUITA A CORTO PLAZO;1-disponible/recuperable;Centro (ref. mercado);5950;253082
Antofagasta;CALAMA;5301-6;LOTE 15 MANZANA A-1 SECTOR PUERTO SECO COMUNA CALAMA;1976;CONCESION A TITULO ONEROSO;2-posible;Norte (gruesa);5928;252146
Metropolitana;QUINTA NORMAL;3414-19;GENERAL NOVOA 4220 COMUNA QUINTA NORMAL;368;CONCESION GRATUITA A CORTO PLAZO;1-disponible/recuperable;Centro (ref. mercado);5888;250445
Antofagasta;CALAMA;5303-2;GILBERTO GOMEZ CONTARDO SIN NUMERO LOTE 9 MANZANA C-1 SECTOR PUERTO SECO COMUNA CALAMA;1962;CONCESION A TITULO ONEROSO;2-posible;Norte (gruesa);5886;250359
Antofagasta;CALAMA;5301-2;SECTOR PUERTO SECO MANZANA A-1 SITIO 11 COMUNA CALAMA;1962;ARRENDAMIENTO;2-posible;Norte (gruesa);5886;250359
Metropolitana;INDEPENDENCIA;3049-45;SANTA LAURA 1290 COMUNA INDEPENDENCIA;267;CONCESION GRATUITA A CORTO PLAZO;1-disponible/recuperable;Centro (ref. mercado);5881;250147
Valparaíso;VALPARAISO;1220-25;TUBUL 26 COMUNA VALPARAISO;392;CONCESION GRATUITA A CORTO PLAZO;1-disponible/recuperable;Centro (ref. mercado);5880;250104
Metropolitana;NUNOA;5153-23;LOS JARDINES 300 SITIO 51 COMUNA NUNOA;140;CONCESION GRATUITA A CORTO PLAZO;1-disponible/recuperable;Centro (ref. mercado);5880;250104
Antofagasta;CALAMA;5303-14;SITIO 11 B MANZANA C 1 PUERTO SECO COMUNA CALAMA;1960;CONCESION A TITULO ONEROSO;2-posible;Norte (gruesa);5880;250104
Antofagasta;SIERRA GORDA;6420-2;AL ESTE DE AVENIDA SALVADOR ALLENDE LOCALIDAD BAQUEDANO COMUNA SIERRA GORDA;5868;CONCESION GRATUITA;2-posible;Norte (gruesa);5868;249594
Metropolitana;SAN RAMON;362-159;ALPATACAL SIN NUMERO HOY ALPATACAL 1781 COMUNA SAN RAMON;651;..;1-disponible/recuperable;Centro (ref. mercado);5861;249296
Antofagasta;CALAMA;5303-11;SITIO 3 MANZANA C-1 SECTOR PUERTO SECO COMUNA CALAMA;1949;CONCESION A TITULO ONEROSO;2-posible;Norte (gruesa);5847;248701
Antofagasta;CALAMA;740-2;CALLE ALONSO DE ERCILLA 3204 POBLACION ALEMANIA LOTE 2 COMUNA CALAMA;1947;CONCESION A TITULO ONEROSO;2-posible;Norte (gruesa);5841;248445
Antofagasta;CALAMA;740-2;CALLE ALONSO DE ERCILLA 3208 LOTE 3 COMUNA CALAMA;1947;ARRENDAMIENTO;2-posible;Norte (gruesa);5841;248445
Antofagasta;CALAMA;740-4;ALONSO DE ERCILLA 3202 LOTE 4 POBLACION NUEVA ALEMANIA COMUNA CALAMA;1947;CONCESION A TITULO ONEROSO;2-posible;Norte (gruesa);5841;248445
Antofagasta;CALAMA;5303-3;LOTE 10 MANZANA C-1 PUERTO SECO COMUNA CALAMA;1943;ARRENDAMIENTO;2-posible;Norte (gruesa);5829;247935
Antofagasta;ANTOFAGASTA;3017-2;MAR DEL PLATA CON SANTA ELENA COMUNA ANTOFAGASTA;1446;CONCESION GRATUITA;2-posible;Norte (gruesa);5784;246021
Metropolitana;SANTIAGO;826-1;TOESCA 2369 AL 2377 COMUNA SANTIAGO;165;CONCESION GRATUITA A CORTO PLAZO;1-disponible/recuperable;Centro (ref. mercado);5775;245638
Valparaíso;VILLA ALEMANA;93-2;LONDRES 773 AL 785 COMUNA VILLA ALEMANA;641;..;1-disponible/recuperable;Centro (ref. mercado);5767;245298
Valparaíso;QUILPUE;3362-15;VENEZUELA 1237 COMUNA QUILPUE;480;CONCESION GRATUITA A CORTO PLAZO;1-disponible/recuperable;Centro (ref. mercado);5760;245000
Metropolitana;PUDAHUEL;1806-1;TEHUANTEPEC 1040 COMUNA PUDAHUEL;720;CONCESION GRATUITA A CORTO PLAZO;1-disponible/recuperable;Centro (ref. mercado);5760;245000
Metropolitana;PUDAHUEL;2001-1;HERALDICA 8897 COMUNA PUDAHUEL;720;CONCESION GRATUITA A CORTO PLAZO;1-disponible/recuperable;Centro (ref. mercado);5760;245000
Metropolitana;RENCA;541-34;NUEVA SIN NUMERO COMUNA RENCA;576;CONCESION GRATUITA A CORTO PLAZO;1-disponible/recuperable;Centro (ref. mercado);5760;245000
Antofagasta;CALAMA;5301-1;SECTOR PUERTO SECO MANZANA A-1 LOTE 10 COMUNA CALAMA;1917;CONCESION A TITULO ONEROSO;2-posible;Norte (gruesa);5751;244617
Antofagasta;ANTOFAGASTA;3016-1;POBLACION COVIEFI SIN NUMERO COMUNA ANTOFAGASTA;1437;CONCESION GRATUITA;2-posible;Norte (gruesa);5748;244490
Metropolitana;LA CISTERNA;1714-5;SANTA TERESA 037 COMUNA LA CISTERNA;359;CONCESION GRATUITA A LARGO PLAZO;2-posible;Centro (ref. mercado);5744;244320
Antofagasta;CALAMA;740-7;CALLE ALONSO DE ERCILLA 3326 LOTE 1 COMUNA CALAMA;1892;CONCESION A TITULO ONEROSO;2-posible;Norte (gruesa);5676;241427
Metropolitana;SANTIAGO;3416-20;LIRA 1652 COMUNA SANTIAGO;162;CONCESION GRATUITA A CORTO PLAZO;1-disponible/recuperable;Centro (ref. mercado);5671;241214
Valparaíso;QUILPUE;1177-11;DOCTOR SALAS Y SAN MARTIN LOTE 1 Y 2 COMUNA QUILPUE;469;CONCESION GRATUITA A CORTO PLAZO;1-disponible/recuperable;Centro (ref. mercado);5633;239598
Valparaíso;VALPARAISO;8103-38 Y 8103-1;21 DE MAYO 20 ESQUINA ERRAZURIZ LOTE 1 Y 2 COMUNA VALPARAISO;374;..;1-disponible/recuperable;Centro (ref. mercado);5616;238875
Metropolitana;PROVIDENCIA;915-14;EMILIO VAISSE 340-A COMUNA PROVIDENCIA;102;CONCESION GRATUITA A CORTO PLAZO;1-disponible/recuperable;Centro (ref. mercado);5610;238620
Antofagasta;SAN PEDRO DE ATACAMA;3750-111;PUEBLO DE TALABRE COMUNA SAN PEDRO DE ATACAMA;1870;CONCESION GRATUITA;2-posible;Norte (gruesa);5610;238620
Antofagasta;ANTOFAGASTA;1951-9;CALLE EL LOA CON PASAJE COBIJA POBLACION MANUEL RODRIGUEZ COMUNA ANTOFAGASTA;1396;CONCESION GRATUITA;2-posible;Norte (gruesa);5584;237514
Metropolitana;HUECHURABA;1609-6;REPUBLICA DE GUYANA 439 COMUNA HUECHURABA;310;PERMISO OCUPACION;2-posible;Centro (ref. mercado);5578;237259
Valparaíso;SAN ANTONIO;4324-2;VICENTE POBLETE 312 (304) COMUNA SAN ANTONIO;690;CONCESION GRATUITA A LARGO PLAZO;2-posible;Centro (ref. mercado);5520;234792
Antofagasta;ANTOFAGASTA;1689-2;LOTE B FREIRINA ESQUINA OLLAGUE POBLACION EL GOLF COMUNA ANTOFAGASTA;1377;CONCESION GRATUITA;2-posible;Norte (gruesa);5508;234281
Antofagasta;CALAMA;5303-12;LUIS CALLEJAS ROJAS SIN NUMERO PUERTO SECO SITIO 2 MANZANA C-1 COMUNA CALAMA;1832;CONCESION A TITULO ONEROSO;2-posible;Norte (gruesa);5496;233771
Antofagasta;MEJILLONES;10000-12;LOCALIDAD DE MICHILLA SIN NUMERO COMUNA MEJILLONES;2746;CONCESION GRATUITA;2-posible;Norte (gruesa);5492;233601
Antofagasta;SIERRA GORDA;6027-1;LOTE B LOCALIDAD DE SIERRA GORDA COMUNA SIERRA GORDA;5492;CONCESION GRATUITA;2-posible;Norte (gruesa);5492;233601
Antofagasta;SIERRA GORDA;6026-1;LOTE A LOCALIDAD DE SIERRA GORDA COMUNA SIERRA GORDA;5462;CONCESION GRATUITA;2-posible;Norte (gruesa);5462;232325
Metropolitana;SAN MIGUEL;6434-14;AMERICA 577 ANTES 1502 COMUNA SAN MIGUEL;248;..;1-disponible/recuperable;Centro (ref. mercado);5459;232197
Metropolitana;EL BOSQUE;90-3;UNIVERSO FRENTE 10167 Y 10179 COMUNA EL BOSQUE;605;CONCESION GRATUITA A CORTO PLAZO;1-disponible/recuperable;Centro (ref. mercado);5441;231432
Metropolitana;LA CISTERNA;3128-1;JOSE JOAQUIN PRIETO ORIENTE 6800 COMUNA LA CISTERNA;336;CONCESION GRATUITA A CORTO PLAZO;1-disponible/recuperable;Centro (ref. mercado);5376;228667
Metropolitana;SANTIAGO;1013-1;CARABINEROS DE CHILE 33 COMUNA SANTIAGO;153;CONCESION GRATUITA A CORTO PLAZO;1-disponible/recuperable;Centro (ref. mercado);5359;227944
Metropolitana;SANTIAGO;1310-2;CARABINEROS DE CHILE 33 COMUNA SANTIAGO;153;CONCESION GRATUITA A CORTO PLAZO;1-disponible/recuperable;Centro (ref. mercado);5359;227944
Biobío;TALCAHUANO;1590-3;LAS DALIAS LOTE 4 (EX LOTE E1) COMUNA TALCAHUANO;446;CONCESION GRATUITA A CORTO PLAZO;1-disponible/recuperable;Centro (ref. mercado);5347;227433
Antofagasta;MEJILLONES;301-5;LOTE 1 MANZANA 3 SECTOR SUR DE MEJILLONES COMUNA MEJILLONES;2661;CONCESION GRATUITA;2-posible;Norte (gruesa);5322;226370
Antofagasta;ANTOFAGASTA;1689-1;LOTE A ELQUI ESQUINA OLLAGUE POBLACION EL GOLF COMUNA ANTOFAGASTA;1328;CONCESION GRATUITA;2-posible;Norte (gruesa);5312;225945
Metropolitana;INDEPENDENCIA;2857-6;GENERAL SAAVEDRA 1159 COMUNA INDEPENDENCIA;240;ARRENDAMIENTO;2-posible;Centro (ref. mercado);5280;224583
Metropolitana;LA REINA;5701-60;POMAIRE 99 LOTE 896 COMUNA LA REINA;175;ARRENDAMIENTO;2-posible;Centro (ref. mercado);5256;223563
Metropolitana;PENALOLEN;9556-10;LOS CEREZOS COMUNA PENALOLEN;328;CONCESION GRATUITA A LARGO PLAZO;2-posible;Centro (ref. mercado);5248;223222
Antofagasta;SAN PEDRO DE ATACAMA;3750-1;PUEBLO DE TALABRE COMUNA SAN PEDRO DE ATACAMA;1745;CONCESION GRATUITA;2-posible;Norte (gruesa);5235;222669
Metropolitana;SAN RAMON;1005-6;EL MIRADOR 1661 COMUNA SAN RAMON;580;ARRENDAMIENTO;2-posible;Centro (ref. mercado);5220;222031
Biobío;CONCEPCION;64-24;LINCOYAN 156 PISOS 1 Y 2 COMUNA CONCEPCION;288;..;1-disponible/recuperable;Centro (ref. mercado);5190;220755
Antofagasta;ANTOFAGASTA;3002-1;SANTA MARTA SIN NUMERO MANZANA 31 COMUNA ANTOFAGASTA;1296;CONCESION GRATUITA;2-posible;Norte (gruesa);5184;220500
Metropolitana;LA FLORIDA;1189-1;SOTERO DEL RIO 953 COMUNA LA FLORIDA;369;CONCESION GRATUITA A CORTO PLAZO;1-disponible/recuperable;Centro (ref. mercado);5166;219734
Valparaíso;QUINTERO;203-60;DANIEL ZAMORA SIN NUMERO COMUNA QUINTERO;646;CONCESION GRATUITA A CORTO PLAZO;1-disponible/recuperable;Centro (ref. mercado);5165;219692
Metropolitana;RENCA;541-33;NUEVA 4832 COMUNA RENCA;516;..;1-disponible/recuperable;Centro (ref. mercado);5163;219607
Antofagasta;SIERRA GORDA;6050-3;PROLONGACION CALLE OHIGGINS 05 LOCALIDAD DE SIERRA GORDA COMUNA SIERRA GORDA;5126;CONCESION GRATUITA;2-posible;Norte (gruesa);5126;218033
Valparaíso;SAN ANTONIO;4122-6;RAMON BARROS LUCO 2394 MANZANA 46 LOTE 7 COMUNA SAN ANTONIO;638;CONCESION GRATUITA A CORTO PLAZO;1-disponible/recuperable;Centro (ref. mercado);5104;217097
Metropolitana;LA REINA;3613-107;FRANCISCO DE VILLAGRA 6295-A COMUNA LA REINA;170;CONCESION GRATUITA A CORTO PLAZO;1-disponible/recuperable;Centro (ref. mercado);5100;216927
Metropolitana;SANTIAGO;3504-15;ALLENDE PADIN 2146 COMUNA SANTIAGO;145;CONCESION GRATUITA A CORTO PLAZO;1-disponible/recuperable;Centro (ref. mercado);5084;216247
Metropolitana;RECOLETA;2975-9;CAMPINO 2077 SITIO 4 COMUNA RECOLETA;253;CONCESION GRATUITA A CORTO PLAZO;1-disponible/recuperable;Centro (ref. mercado);5066;215481
Antofagasta;SIERRA GORDA;6319-1;A 81,50 M AL NORESTE DE LA CALLE RAMON BARROS LUCO LOCALIDAD DE BAQUEDANO COMUNA SIERRA GORDA;5060;CONCESION GRATUITA;2-posible;Norte (gruesa);5060;215226
Antofagasta;SAN PEDRO DE ATACAMA;3452-7;SITIO 7 MANZANA H POBLACION PUNTA DE DIAMANTE LOCALIDAD DE SAN PEDRO DE ATACAMA COMUNA SAN PE;1685;CONCESION GRATUITA;2-posible;Norte (gruesa);5055;215013
Metropolitana;SANTIAGO;2886-33;COQUIMBO 1410 COMUNA SANTIAGO;144;CONCESION GRATUITA A LARGO PLAZO;2-posible;Centro (ref. mercado);5040;214375
Metropolitana;EL BOSQUE;1869-4;LOS QUILLAYES 10575 COMUNA EL BOSQUE;560;CONCESION GRATUITA A CORTO PLAZO;1-disponible/recuperable;Centro (ref. mercado);5040;214375
Metropolitana;SANTIAGO;785-5;UNION AMERICANA 255 - 257 COMUNA SANTIAGO;143;ARRENDAMIENTO;2-posible;Centro (ref. mercado);5003;212801
Metropolitana;INDEPENDENCIA;3356-2;EINSTEIN 1227 COMUNA INDEPENDENCIA;227;ARRENDAMIENTO;2-posible;Centro (ref. mercado);5001;212716
Valparaíso;SAN ANTONIO;4522-5;RAMON BARROS LUCO 2640 MANZANA 54 SITIO 5 COMUNA SAN ANTONIO;625;CONCESION GRATUITA A CORTO PLAZO;1-disponible/recuperable;Centro (ref. mercado);5000;212674
Biobío;CHIGUAYANTE;2984-3;BERGANTIN ARAUCO MANZANA SITIO 1 COMUNA CHIGUAYANTE;500;CONCESION GRATUITA A CORTO PLAZO;1-disponible/recuperable;Centro (ref. mercado);5000;212674
Metropolitana;LA CISTERNA;3046-181;TRINIDAD RAMIREZ 0714 SITIO 4 COMUNA LA CISTERNA;310;CONCESION GRATUITA A CORTO PLAZO;1-disponible/recuperable;Centro (ref. mercado);4958;210887
Metropolitana;PENALOLEN;9108-29;LAS PARCELAS 9190 MANZANA A SITIO 29 COMUNA PENALOLEN;301;CONCESION GRATUITA A CORTO PLAZO;1-disponible/recuperable;Centro (ref. mercado);4819;204975
Metropolitana;LA CISTERNA;2522-89;MANUEL FISCHMAN 0809 SITIO 312 COMUNA LA CISTERNA;300;CONCESION GRATUITA A CORTO PLAZO;1-disponible/recuperable;Centro (ref. mercado);4800;204167
Metropolitana;RECOLETA;478-70;BOMBERO NUNEZ 360 COMUNA RECOLETA;240;CONCESION GRATUITA A CORTO PLAZO;1-disponible/recuperable;Centro (ref. mercado);4800;204167
Metropolitana;QUILICURA;35-12;JOSE FRANCISCO VERGARA 300 EX 328 COMUNA QUILICURA;480;CONCESION GRATUITA A CORTO PLAZO;1-disponible/recuperable;Centro (ref. mercado);4800;204167
Metropolitana;CONCHALI;2324-32;TENIENTE PONCE 1916 MANZANA 3 SITIO 27 COMUNA CONCHALI;400;CONCESION GRATUITA A CORTO PLAZO;1-disponible/recuperable;Centro (ref. mercado);4800;204167
Metropolitana;LO PRADO;1551-5;SAN PABLO 7127 COMUNA LO PRADO;480;CONCESION GRATUITA A LARGO PLAZO;2-posible;Centro (ref. mercado);4800;204167
Metropolitana;PENALOLEN;SIN ROL;PASAJE DOS 1660 COMUNA PENALOLEN;300;..;1-disponible/recuperable;Centro (ref. mercado);4800;204167
Antofagasta;SIERRA GORDA;6365-1;LOTE 1 A 600 METROS AL OESTE DE AVENIDA SALVADOR ALLENDE COMUNA SIERRA GORDA;4757;CONCESION GRATUITA;2-posible;Norte (gruesa);4757;202338
Metropolitana;LA FLORIDA;699-288;PASAJE TOLEDO (FRENTE) COMUNA LA FLORIDA;339;CONCESION GRATUITA A CORTO PLAZO;1-disponible/recuperable;Centro (ref. mercado);4746;201870
Tarapacá;ALTO HOSPICIO;5302-6;SITIO 8 MANZANA C COMUNA ALTO HOSPICIO;1186;EN USO RECUPERABLE (texto);2-posible;Norte (gruesa);4744;201785
Metropolitana;INDEPENDENCIA;3356-3;EINSTEIN 1237 ANTES CENTENARIO 947 LOTE A Y B COMUNA INDEPENDENCIA;215;CONCESION GRATUITA A CORTO PLAZO;1-disponible/recuperable;Centro (ref. mercado);4722;200849
Antofagasta;SIERRA GORDA;6054-1;LOCALIDAD DE SIERRA GORDA COMUNA SIERRA GORDA;4708;CONCESION GRATUITA;2-posible;Norte (gruesa);4708;200254
Antofagasta;TALTAL;369-17;LOTE B BELMOR ROJAS ENTRE CARLOS IBANEZ Y DAVILA BAEZA SIN NUMERO COMUNA TALTAL;3137;CONCESION GRATUITA;2-posible;Norte (gruesa);4706;200168
Metropolitana;PENALOLEN;9714-25;LOS VERDULEROS 5754 MANZANA 8 C SITIO 142 COMUNA PENALOLEN;294;CONCESION GRATUITA A CORTO PLAZO;1-disponible/recuperable;Centro (ref. mercado);4701;199956
Antofagasta;ANTOFAGASTA;8546-1;CALLE LAS GAVIOTAS CON PASAJE CHOAPA COMUNA ANTOFAGASTA;1175;CONCESION GRATUITA;2-posible;Norte (gruesa);4700;199913
Valparaíso;VALPARAISO;9332-129;DEL CABO SIN NUMERO COMUNA VALPARAISO;313;CONCESION GRATUITA A CORTO PLAZO;1-disponible/recuperable;Centro (ref. mercado);4694;199658
Valparaíso;SAN ANTONIO;2222-8;RAMON BARROS LUCO 1598 MANZANA 12 SITIO 8 LOTE 1 Y 2 COMUNA SAN ANTONIO;583;CONCESION GRATUITA A CORTO PLAZO;1-disponible/recuperable;Centro (ref. mercado);4664;198382
Antofagasta;SAN PEDRO DE ATACAMA;4101-5;MANZANA A EQUIPAMIENTO COMUNITARIO 05 SECTOR ADUANA COMUNA SAN PEDRO DE ATACAMA;1553;CONCESION GRATUITA;2-posible;Norte (gruesa);4659;198169
Biobío;TALCAHUANO;SIN ROL;LAS DALIAS LOTE 6 (EX LOTE F) COMUNA TALCAHUANO;388;CONCESION GRATUITA A CORTO PLAZO;1-disponible/recuperable;Centro (ref. mercado);4655;197999
Antofagasta;ANTOFAGASTA;3017-1;VIENTOS DEL SUR LOTE 1 COMUNA ANTOFAGASTA;1163;CONCESION GRATUITA;2-posible;Norte (gruesa);4652;197872
Antofagasta;ANTOFAGASTA;1160-1;CALLE JOSE CRUZAT ENTRE INGENIERO MUTILLA POBLACION TENIENTE MERINO COMUNA ANTOFAGASTA;1158;CONCESION GRATUITA;2-posible;Norte (gruesa);4632;197021
Metropolitana;RENCA;1303-49;CHUNGARA COMUNA RENCA;463;CONCESION GRATUITA A CORTO PLAZO;1-disponible/recuperable;Centro (ref. mercado);4625;196723
Valparaíso;VILLA ALEMANA;801-407;SAN DIEGO 2310 COMUNA VILLA ALEMANA;506;CONCESION GRATUITA A CORTO PLAZO;1-disponible/recuperable;Centro (ref. mercado);4556;193788
Valparaíso;VILLA ALEMANA;862-221;RIO MAULE 224 COMUNA VILLA ALEMANA;500;PERMISO OCUPACION;2-posible;Centro (ref. mercado);4500;191406
Antofagasta;SAN PEDRO DE ATACAMA;3516-6;POBLACION CONDE DUQUE MANZANA G SITIO 6 SAN PEDRO DE ATACAMA;1498;ARRENDAMIENTO;2-posible;Norte (gruesa);4494;191151
Antofagasta;SAN PEDRO DE ATACAMA;3800-3;PUEBLO DE TOCONAO SIN NUMERO COMUNA SAN PEDRO DE ATACAMA;1497;CONCESION GRATUITA;2-posible;Norte (gruesa);4491;191024
Metropolitana;LA FLORIDA;3019-25;QUINCHAO 1468 COMUNA LA FLORIDA;320;CONCESION GRATUITA A CORTO PLAZO;1-disponible/recuperable;Centro (ref. mercado);4480;190556
Metropolitana;PUENTE ALTO;157-9;LOPE DE VEGA SIN NUMERO FRENTE A PASAJE ANGEL DEL RIO COMUNA PUENTE ALTO;448;CONCESION GRATUITA A CORTO PLAZO;1-disponible/recuperable;Centro (ref. mercado);4480;190556
Metropolitana;PUENTE ALTO;2301-33;LOS LINGUES 2416 COMUNA PUENTE ALTO;447;CONCESION GRATUITA A CORTO PLAZO;1-disponible/recuperable;Centro (ref. mercado);4472;190215
Antofagasta;ANTOFAGASTA;448-2;EDUARDO ORCHARD LOTE A POBLACION LA FAVORECEDORA COMUNA ANTOFAGASTA;1117;CONCESION GRATUITA;2-posible;Norte (gruesa);4468;190045
Metropolitana;SAN JOAQUIN;4618-34;MARTIN HENRIQUEZ 4678 COMUNA SAN JOAQUIN;260;CONCESION GRATUITA A CORTO PLAZO;1-disponible/recuperable;Centro (ref. mercado);4420;188004
Tarapacá;IQUIQUE;3053-2;VICTOR GARRIDO SIN NUMERO - LOTE A-2 COMUNA IQUIQUE;730;EN USO RECUPERABLE (texto);2-posible;Norte (gruesa);4380;186302
Antofagasta;MEJILLONES;301-6;LOTE 2 MANZANA 3 SECTOR SUR DE MEJILLONES COMUNA MEJILLONES;2182;CONCESION GRATUITA;2-posible;Norte (gruesa);4364;185622
Tarapacá;POZO ALMONTE;PREASIGNADO;CALLE ALDUNATE SIN NUMERO COMUNA POZO ALMONTE;2156;EN USO RECUPERABLE (texto);2-posible;Norte (gruesa);4312;183410
Antofagasta;ANTOFAGASTA;1479-1;LOTE 2 POBLACION PABLO KRUGGER COMUNA ANTOFAGASTA;1076;CONCESION GRATUITA;2-posible;Norte (gruesa);4304;183070
Metropolitana;LA CISTERNA;14-27;ESMERALDA 7253 COMUNA LA CISTERNA;268;CONCESION GRATUITA A CORTO PLAZO;1-disponible/recuperable;Centro (ref. mercado);4288;182389
Antofagasta;ANTOFAGASTA;16114-2;CALLE HUAMACHUCO ENTRE CALLE LOS RUBIES Y CALLE LOS TOPACIOS SECTOR LA CHIMBA COMUNA ANTOFAGA;1071;CONCESION GRATUITA;2-posible;Norte (gruesa);4284;182219
Metropolitana;LA FLORIDA;3610-17;LOS NARDOS 10920-C SITIO 33 COMUNA LA FLORIDA;305;CONCESION GRATUITA A CORTO PLAZO;1-disponible/recuperable;Centro (ref. mercado);4270;181623
Antofagasta;ANTOFAGASTA;1730-10;LOTE B PASAJE OLLAGUE CON CALLE ELQUI COMUNA ANTOFAGASTA;1061;CONCESION GRATUITA;2-posible;Norte (gruesa);4244;180517
Valparaíso;VILLA ALEMANA;550-25;BAQUEDANO NUMERO 1090 COMUNA VILLA ALEMANA;471;CONCESION GRATUITA A CORTO PLAZO;1-disponible/recuperable;Centro (ref. mercado);4239;180305
Tarapacá;ALTO HOSPICIO;SIN ROL;CALLE JERUSALEN SIN NUMERO COMUNA ALTO HOSPICIO;1053;EN USO RECUPERABLE (texto);2-posible;Norte (gruesa);4212;179156
Antofagasta;MEJILLONES;2001-8;MORRO MORENO COMUNA MEJILLONES;2100;CONCESION GRATUITA;2-posible;Norte (gruesa);4200;178646
Valparaíso;VILLA ALEMANA;SIN ROL;BAQUEDANO SIN NUMERO INTERIOR LOTE A-19 COMUNA VILLA ALEMANA;466;CONCESION GRATUITA A CORTO PLAZO;1-disponible/recuperable;Centro (ref. mercado);4190;178221
Antofagasta;SAN PEDRO DE ATACAMA;3760-355;CALLE LATORRE 143 PUEBLO DE PEINE COMUNA SAN PEDRO DE ATACAMA;1395;CONCESION GRATUITA;2-posible;Norte (gruesa);4185;178008
Tarapacá;POZO ALMONTE;PREASIGNADO;CALLE LUIS YANEZ BRICENO ESQUINA CALLE ANDRES FARIAS COMUNA DE POZO ALMONTE;2087;EN USO RECUPERABLE (texto);2-posible;Norte (gruesa);4174;177540
Valparaíso;QUILPUE;74-10;BAQUEDANO 2260 LOTE 9 COMUNA QUILPUE;344;CONCESION GRATUITA A LARGO PLAZO;2-posible;Centro (ref. mercado);4132;175754
Antofagasta;SIERRA GORDA;6029-1;AL SURESTE DE LA LOCALIDAD DE SIERRA GORDA COMUNA DE SIERRA GORDA;4118;CONCESION GRATUITA;2-posible;Norte (gruesa);4118;175158
Metropolitana;RECOLETA;3263-1;SAN GERARDO 703 COMUNA RECOLETA;205;CONCESION GRATUITA A CORTO PLAZO;1-disponible/recuperable;Centro (ref. mercado);4094;174137
Antofagasta;ANTOFAGASTA;5640-7;AVENIDA RADOMIRO TOMIC 8341 SITIO 2-C MANZANA A SECTOR 2 BARRIO INDUSTRIAL COMUNA ANTOFAGASTA;1019;ARRENDAMIENTO;2-posible;Norte (gruesa);4076;173372
Metropolitana;PROVIDENCIA;904-34;MARIN 0193 DEPARTAMENTO 122 COMUNA PROVIDENCIA;74;ARRENDAMIENTO;2-posible;Centro (ref. mercado);4070;173116
Antofagasta;ANTOFAGASTA;5320-1;CALLE LOS NARANJOS LOTE C POBLACION LAS ROCAS TROCADERO COMUNA ANTOFAGASTA;1014;CONCESION GRATUITA;2-posible;Norte (gruesa);4056;172521
Antofagasta;SAN PEDRO DE ATACAMA;4100-2;CALLE SOCAIRE COMUNA SAN PEDRO DE ATACAMA;1349;CONCESION GRATUITA;2-posible;Norte (gruesa);4047;172138
Metropolitana;RENCA;904-19;COSTANERA NORTE COMUNA RENCA;403;CONCESION GRATUITA A CORTO PLAZO;1-disponible/recuperable;Centro (ref. mercado);4032;171500
Antofagasta;MEJILLONES;606-3;MANZANA J SITIO 3 SECTOR SUR DE MEJILLONES COMUNA MEJILLONES;2011;ARRENDAMIENTO;2-posible;Norte (gruesa);4022;171075
Metropolitana;QUINTA NORMAL;3514-46;JOAQUIN WALKER MARTINEZ ESQUINA PASAJE CINTOLESI 4244 COMUNA QUINTA NORMAL;251;CONCESION GRATUITA A CORTO PLAZO;1-disponible/recuperable;Centro (ref. mercado);4016;170820
Tarapacá;ALTO HOSPICIO;PREASIGNADO;CALLLE JERUSALEN SIN NUMERO EX PARCELA 18 LOTE B ALTO HOSPICIO;1002;EN USO RECUPERABLE (texto);2-posible;Norte (gruesa);4008;170479
Tarapacá;ALTO HOSPICIO;5302-10;CALLE LUIS EMILIO RECABARREN ESQUINA ITALO SCIARAFFIA LOTE B SECTOR EL BORO;1002;EN USO RECUPERABLE (texto);2-posible;Norte (gruesa);4008;170479
Metropolitana;ESTACION CENTRAL;5194-2;AULEN 1392 LOTE 1 COMUNA ESTACION CENTRAL;222;CONCESION GRATUITA A CORTO PLAZO;1-disponible/recuperable;Centro (ref. mercado);4001;170181
Valparaíso;QUINTERO;29-15;COLON 593 MANZANA 24 SITIO MITAD 12 COMUNA QUINTERO;500;CONCESION GRATUITA A CORTO PLAZO;1-disponible/recuperable;Centro (ref. mercado);4000;170139
Metropolitana;RECOLETA;1768-2;VERA 473 COMUNA RECOLETA;200;ARRENDAMIENTO;2-posible;Centro (ref. mercado);4000;170139
Metropolitana;RECOLETA;4082-2;REINA DE CHILE 349 COMUNA RECOLETA;200;CONCESION GRATUITA A CORTO PLAZO;1-disponible/recuperable;Centro (ref. mercado);4000;170139
Metropolitana;RECOLETA;3193-11;ANTONIA PRADO 0603 COMUNA RECOLETA;200;..;1-disponible/recuperable;Centro (ref. mercado);4000;170139
Metropolitana;COLINA;1117-15;SANTA INES ESQUINA LO PINTO COMUNA COLINA;500;CONCESION GRATUITA A CORTO PLAZO;1-disponible/recuperable;Centro (ref. mercado);4000;170139
Valparaíso;QUILPUE;416-11;LAUTARO 820 LOTE 2 COMUNA QUILPUE;333;CONCESION GRATUITA A CORTO PLAZO;1-disponible/recuperable;Centro (ref. mercado);3991;169756
Metropolitana;SAN BERNARDO;5510-439;PORTALES LOTE 7 COMUNA SAN BERNARDO;653;CONCESION GRATUITA A CORTO PLAZO;1-disponible/recuperable;Centro (ref. mercado);3917;166609
Valparaíso;SAN ANTONIO;8220-18;CHILE 170 MANZANA 100 SITIO 868 COMUNA SAN ANTONIO;489;CONCESION GRATUITA A CORTO PLAZO;1-disponible/recuperable;Centro (ref. mercado);3908;166226
Metropolitana;NUNOA;6308-5;ARISTOTELES 911 CASA 5 COMUNA NUNOA;92;CONCESION GRATUITA A CORTO PLAZO;1-disponible/recuperable;Centro (ref. mercado);3864;164354
Metropolitana;SANTIAGO;223-81;ESMERALDA E ISMAEL VALDES VERGARA 675 - 654 DEPARTAMENTO 62 COMUNA SANTIAGO;110;CONCESION GRATUITA A CORTO PLAZO;1-disponible/recuperable;Centro (ref. mercado);3850;163759
Valparaíso;QUILPUE;348-45;EL COBRE 285 COMUNA QUILPUE;320;CONCESION GRATUITA A CORTO PLAZO;1-disponible/recuperable;Centro (ref. mercado);3839;163291
Valparaíso;QUINTERO;206-13;IGNACIO CARRERA PINTO 764 MANZANA 21 LOTE 13 COMUNA QUINTERO;476;CONCESION GRATUITA A CORTO PLAZO;1-disponible/recuperable;Centro (ref. mercado);3808;161972
Valparaíso;QUILPUE;351-24;ZENTENO 790 CASI ESQUINA BLANCO LOCAL NUMERO 1 COMUNA QUILPUE;317;CONCESION GRATUITA A CORTO PLAZO;1-disponible/recuperable;Centro (ref. mercado);3802;161717
Tarapacá;HUARA;2580-236;LOTE A COMUNA HUARA;3800;EN USO RECUPERABLE (texto);2-posible;Norte (gruesa);3800;161632
Metropolitana;CONCHALI;2434-36;CARDENAL CARO COMUNA CONCHALI;315;CONCESION GRATUITA A CORTO PLAZO;1-disponible/recuperable;Centro (ref. mercado);3782;160866
Metropolitana;ESTACION CENTRAL;5246-5;TAITAO 5812 MANZANA 71 LOTE 4 COMUNA ESTACION CENTRAL;209;ARRENDAMIENTO;2-posible;Centro (ref. mercado);3762;160016
Valparaíso;VILLA ALEMANA;543-11;BAQUEDANO 304 COMUNA VILLA ALEMANA;418;CONCESION GRATUITA A CORTO PLAZO;1-disponible/recuperable;Centro (ref. mercado);3758;159846
Biobío;CONCEPCION;651-23;VICUNA MACKENNA 1130 BARRIO NORTE COMUNA CONCEPCION;208;CONCESION GRATUITA A CORTO PLAZO;1-disponible/recuperable;Centro (ref. mercado);3752;159590
Valparaíso;QUILPUE;3353-29;LOS NARANJOS 623 LOTE 23 COMUNA QUILPUE;309;CONCESION GRATUITA A CORTO PLAZO;1-disponible/recuperable;Centro (ref. mercado);3712;157889
Valparaíso;QUILPUE;3624-33;MARGA MARGA 2204 LOTE 28-1 COMUNA QUILPUE;307;CONCESION GRATUITA A CORTO PLAZO;1-disponible/recuperable;Centro (ref. mercado);3684;156698
Valparaíso;QUILPUE;3624-35;MARGA MARGA 2204 LOTE 40205 COMUNA QUILPUE;306;CONCESION GRATUITA A CORTO PLAZO;1-disponible/recuperable;Centro (ref. mercado);3672;156188
Antofagasta;SIERRA GORDA;6367-1;LOCALIDAD DE BAQUEDANO COMUNA SIERRA GORDA;3658;CONCESION GRATUITA;2-posible;Norte (gruesa);3658;155592
Valparaíso;VALPARAISO;8008-0009;ESPANA 1898 COMUNA VALPARAISO;243;CONCESION GRATUITA A CORTO PLAZO;1-disponible/recuperable;Centro (ref. mercado);3644;154997
Metropolitana;PROVIDENCIA;3220-227;ANTONIO VARAS 1414 DEPARTAMENTO 182 COMUNA PROVIDENCIA;66;CONCESION GRATUITA A CORTO PLAZO;1-disponible/recuperable;Centro (ref. mercado);3629;154359
Metropolitana;CERRILLOS;216-3;DIVINO MAESTRO 7433 COMUNA CERRILLOS;300;CONCESION GRATUITA A CORTO PLAZO;1-disponible/recuperable;Centro (ref. mercado);3600;153125
Tarapacá;HUARA;PREASIGNADO;LOTE B COMUNA HUARA;3600;EN USO RECUPERABLE (texto);2-posible;Norte (gruesa);3600;153125
Metropolitana;PUENTE ALTO;984-27;LOS LOROS COMUNA PUENTE ALTO;359;CONCESION GRATUITA A CORTO PLAZO;1-disponible/recuperable;Centro (ref. mercado);3590;152700
Metropolitana;RENCA;435-39;PASAJE CALETA GUAPI SIN NUMERO COMUNA RENCA;356;CONCESION GRATUITA A CORTO PLAZO;1-disponible/recuperable;Centro (ref. mercado);3560;151424
Valparaíso;SAN ANTONIO;151-9;PUENTE AREVALO 834 CASA 4 COMUNA SAN ANTONIO;445;ARRENDAMIENTO;2-posible;Centro (ref. mercado);3558;151339
Antofagasta;MEJILLONES;NO ENROLADO;MANZANA A SITIO 5-A COMUNA MEJILLONES;1779;ARRENDAMIENTO;2-posible;Norte (gruesa);3558;151339
Antofagasta;SAN PEDRO DE ATACAMA;3515-139;LOTE 3 AYLLO DE CONDE DUQUE COMUNA SAN PEDRO DE ATACAMA;1184;ARRENDAMIENTO;2-posible;Norte (gruesa);3552;151083
Tarapacá;POZO ALMONTE;PREASIGNADO;CALLE ALDUNATE SIN NUMERO COMUNA POZO ALMONTE;1766;EN USO RECUPERABLE (texto);2-posible;Norte (gruesa);3532;150233
Metropolitana;LA FLORIDA;833-60;ANCUD 8638 COMUNA LA FLORIDA;252;ARRENDAMIENTO;2-posible;Centro (ref. mercado);3528;150063
Metropolitana;NUNOA;6407-203;CATORCE 1368 COMUNA NUNOA;84;CONCESION GRATUITA A CORTO PLAZO;1-disponible/recuperable;Centro (ref. mercado);3527;150020
Metropolitana;PENALOLEN;9005-336;JOSE ARRIETA 8453 LOTE 43 COMUNA PENALOLEN;220;CONCESION GRATUITA A LARGO PLAZO;2-posible;Centro (ref. mercado);3520;149722
Metropolitana;SAN JOAQUIN;5011-1;PASAJE ROGEL RETES 301 COMUNA SAN JOAQUIN;203;CONCESION GRATUITA A CORTO PLAZO;1-disponible/recuperable;Centro (ref. mercado);3451;146787
Antofagasta;SAN PEDRO DE ATACAMA;4504-12;MANZANA E SITIO 18 LOTEO VILLA ALTO MIRADOR COMUNA SAN PEDRO DE ATACAMA;1128;ARRENDAMIENTO;2-posible;Norte (gruesa);3384;143938
Metropolitana;EL BOSQUE;5723-1;CAMINO LAS PARCELAS 1753 COMUNA EL BOSQUE;373;CONCESION GRATUITA A CORTO PLAZO;1-disponible/recuperable;Centro (ref. mercado);3361;142959
Metropolitana;SANTIAGO;109-726;HUERFANOS 1376 ANTES HUERFANOS 1350 AL 1372 COMUNA SANTIAGO;96;CONCESION GRATUITA A CORTO PLAZO;1-disponible/recuperable;Centro (ref. mercado);3360;142917
Metropolitana;RECOLETA;6048-26;COBRE 3672 COMUNA RECOLETA;167;ARRENDAMIENTO;2-posible;Centro (ref. mercado);3344;142236
Antofagasta;ANTOFAGASTA;1730-9;PASAJE OLLAGUE CON CALLE ELQUI COMUNA ANTOFAGASTA;836;CONCESION GRATUITA;2-posible;Norte (gruesa);3344;142236
Valparaíso;QUILPUE;791-6;BASSO NUMERO DOS 562 COMUNA QUILPUE;276;ARRENDAMIENTO;2-posible;Centro (ref. mercado);3312;140875
Biobío;CONCEPCION;143-0001;SAN MARTIN 1201 COMUNA CONCEPCION;184;..;1-disponible/recuperable;Centro (ref. mercado);3310;140790
Antofagasta;ANTOFAGASTA;1790-5;PASAJE LA UNION 1105 COMUNA ANTOFAGASTA;827;CONCESION GRATUITA;2-posible;Norte (gruesa);3308;140705
Antofagasta;SAN PEDRO DE ATACAMA;3748-17;CALLE PEDRO LAGOS PUEBLO DE CAMAR COMUNA SAN PEDRO DE ATACAMA;1100;CONCESION GRATUITA;2-posible;Norte (gruesa);3300;140365
Metropolitana;CERRILLOS;163-31;LAS TINAJAS 7492 COMUNA CERRILLOS;273;CONCESION GRATUITA A CORTO PLAZO;1-disponible/recuperable;Centro (ref. mercado);3272;139174
Metropolitana;NUNOA;17-68;IRARRAZAVAL 1628 DEPARTAMENTO 92 COMUNA NUNOA;78;CONCESION GRATUITA A CORTO PLAZO;1-disponible/recuperable;Centro (ref. mercado);3263;138791
Metropolitana;SAN RAMON;652-30;INDEPENDENCIA 9244 COMUNA SAN RAMON;360;CONCESION GRATUITA A LARGO PLAZO;2-posible;Centro (ref. mercado);3240;137813
Metropolitana;SAN MIGUEL;6356-50;JOSE READY 6236 COMUNA SAN MIGUEL;147;ARRENDAMIENTO;2-posible;Centro (ref. mercado);3234;137557
Metropolitana;MAIPU;54-14;5 DE ABRIL ALTURA 447 LOTE Z-1 COMUNA MAIPU;231;CONCESION GRATUITA A CORTO PLAZO;1-disponible/recuperable;Centro (ref. mercado);3229;137345
Valparaíso;QUILPUE;348-75;EL COBRE SIN NUMERO COMUNA QUILPUE;268;CONCESION GRATUITA A CORTO PLAZO;1-disponible/recuperable;Centro (ref. mercado);3221;137004
Antofagasta;SIERRA GORDA;6101-8;AL NOROESTE DE LA LOCALIDAD DE SIERRA GORDA COMUNA SIERRA GORDA;3200;CONCESION GRATUITA;2-posible;Norte (gruesa);3200;136111
Antofagasta;MEJILLONES;5127-1;LOCALIDAD DE MICHILLA COMUNA MEJILLONES;1598;CONCESION GRATUITA;2-posible;Norte (gruesa);3196;135941
Tarapacá;ALTO HOSPICIO;PREASIGNADO;LOS ARENEROS SIN NUMERO MANZANA C LOTE 10 COMUNA ALTO HOSPICIO;799;EN USO RECUPERABLE (texto);2-posible;Norte (gruesa);3196;135941
Antofagasta;ANTOFAGASTA;563-21;LOTE 1 AVELINO CONTARDO ENTRE GUACOLDA Y LAS BRISAS VILLA ESMERALDA COMUNA ANTOFAGASTA;791;CONCESION GRATUITA;2-posible;Norte (gruesa);3164;134580
Tarapacá;ALTO HOSPICIO;PREASIGNADO;PASAJE PUBLICO SIN NUEMRO COMUNA ALTO HOSPICIO;787;EN USO RECUPERABLE (texto);2-posible;Norte (gruesa);3148;133899
Antofagasta;MEJILLONES;5128-4;LOCALIDAD DE MICHILLA SIN NUMERO COMUNA MEJILLONES;1571;CONCESION GRATUITA;2-posible;Norte (gruesa);3142;133644
Antofagasta;SAN PEDRO DE ATACAMA;3515-166;AYLLO CONDE DUQUE COMUNA SAN PEDRO DE ATACAMA;1043;ARRENDAMIENTO;2-posible;Norte (gruesa);3129;133091
Biobío;TALCAHUANO;104-12;COLON 1194 AL 1198 ESQUINA RIQUELME COMUNA TALCAHUANO;260;..;1-disponible/recuperable;Centro (ref. mercado);3118;132623
Metropolitana;SANTIAGO;503-18;JOSE SANTIAGO MONTT 258 COMUNA SANTIAGO;89;ARRENDAMIENTO;2-posible;Centro (ref. mercado);3115;132496
Antofagasta;SIERRA GORDA;6430-1;CALLE ELEUTERIO RAMIREZ COMUNA SIERRA GORDA;3109;CONCESION GRATUITA;2-posible;Norte (gruesa);3109;132240
Biobío;PENCO;SIN ROL;COSTANERA SITIO 1 COMUNA PENCO;381;CONCESION GRATUITA A CORTO PLAZO;1-disponible/recuperable;Centro (ref. mercado);3049;129688
Antofagasta;CALAMA;3301-716;PUEBLO DE LASANA COMUNA CALAMA;1012;CONCESION GRATUITA;2-posible;Norte (gruesa);3036;129135
Metropolitana;PROVIDENCIA;2709-17;ROMAN DIAZ 1061 DEPARTAMENTO 22 COMUNA PROVIDENCIA;55;CONCESION GRATUITA A CORTO PLAZO;1-disponible/recuperable;Centro (ref. mercado);3031;128923
Metropolitana;LA FLORIDA;1338-4;REAL MADRID 1758 COMUNA LA FLORIDA;216;CONCESION GRATUITA A CORTO PLAZO;1-disponible/recuperable;Centro (ref. mercado);3024;128625
Antofagasta;CALAMA;6075-4;SITIO 4 MANZANA D EL VERGEL COMUNA CALAMA;1002;ARRENDAMIENTO;2-posible;Norte (gruesa);3006;127859
Antofagasta;SAN PEDRO DE ATACAMA;3510-150;CALLEJON FLORES AYLLO DE QUITOR COMUNA SAN PEDRO DE ATACAMA;1000;ARRENDAMIENTO;2-posible;Norte (gruesa);3000;127604
Antofagasta;SAN PEDRO DE ATACAMA;4306-13;SITIO 13 MANZANA G SECTOR ADUANA COMUNA SAN PEDRO DE ATACAMA;1000;ARRENDAMIENTO;2-posible;Norte (gruesa);3000;127604
Antofagasta;CALAMA;1240-42;SITIO 9 AVENIDA TENIENTE MERINO VILLA LOS SALARES POBLACION EDUARDO FREI COMUNA CALAMA;992;CONCESION GRATUITA;2-posible;Norte (gruesa);2976;126583
Antofagasta;ANTOFAGASTA;1000-21;COVADONGA NUEVA 851-871 MANZANA 1000 SITIO 21 COMUNA ANTOFAGASTA;742;CONCESION GRATUITA;2-posible;Norte (gruesa);2968;126243
Metropolitana;SANTIAGO;126-373;SAN ANTONIO 378 DEPARTAMENTO 403 COMUNA SANTIAGO;84;CONCESION GRATUITA A CORTO PLAZO;1-disponible/recuperable;Centro (ref. mercado);2944;125222
Tarapacá;ALTO HOSPICIO;PREASIGNADO;ESQUINA PASAJE 8 Y CALLE 7 COMUNA ALTO HOSPICIO;732;EN USO RECUPERABLE (texto);2-posible;Norte (gruesa);2928;124542
Metropolitana;PENALOLEN;7089-22;CHOLOS 6948 MANZANA 021 SITIO 0024 COMUNA PENALOLEN;182;ARRENDAMIENTO;2-posible;Centro (ref. mercado);2918;124116
Antofagasta;SIERRA GORDA;6101-7;LOCALIDAD DE SIERRA GORDA COMUNA SIERRA GORDA;2900;CONCESION GRATUITA;2-posible;Norte (gruesa);2900;123351
Metropolitana;SAN JOAQUIN;105-4;SANTA ELENA 2213 COMUNA SAN JOAQUIN;170;CONCESION GRATUITA A CORTO PLAZO;1-disponible/recuperable;Centro (ref. mercado);2890;122925
Valparaíso;QUILPUE;3355-89;LOS CLAVELES 185 LOTE 42 COMUNA QUILPUE;240;CONCESION GRATUITA A LARGO PLAZO;2-posible;Centro (ref. mercado);2880;122500
Metropolitana;RENCA;661-21;DOMINGO SANTA MARIA 3278 LOTE 407 DOMINGO SANTA MARIA 3286 LOTE 406 COMUNA RENCA;288;CONCESION GRATUITA A CORTO PLAZO;1-disponible/recuperable;Centro (ref. mercado);2880;122500
Metropolitana;PENALOLEN;9109-10;MAR ADRIATICO 5314 COMUNA PENALOLEN;180;ARRENDAMIENTO;2-posible;Centro (ref. mercado);2880;122500
Valparaíso;SAN ANTONIO;725-1;BLANCO ENCALADA SIN NUMERO MANZANA F SITIO 2 COMUNA SAN ANTONIO;359;CONCESION GRATUITA A CORTO PLAZO;1-disponible/recuperable;Centro (ref. mercado);2870;122075
Metropolitana;RENCA;"546-1; 546-2; 546-3";ARTURO PRAT 4899 COMUNA RENCA;286;..;1-disponible/recuperable;Centro (ref. mercado);2860;121649
Metropolitana;ESTACION CENTRAL;594-42;OBISPO JAVIER VASQUEZ 3985 COMUNA ESTACION CENTRAL;158;CONCESION GRATUITA A LARGO PLAZO;2-posible;Centro (ref. mercado);2844;120969
Valparaíso;QUILPUE;34-41;VENECIA 2114 COMUNA QUILPUE;236;CONCESION GRATUITA A CORTO PLAZO;1-disponible/recuperable;Centro (ref. mercado);2832;120458
Metropolitana;PUDAHUEL;2596-58;DIAGONAL PONIENTE 9129 COMUNA PUDAHUEL;354;CONCESION GRATUITA A CORTO PLAZO;1-disponible/recuperable;Centro (ref. mercado);2832;120458
Valparaíso;VINA DEL MAR;1437-5;ELQUI 7O POBLACION BUENOS AMIGOS COMUNA VINA DEL MAR;112;ARRENDAMIENTO;2-posible;Centro (ref. mercado);2800;119097
Tarapacá;POZO ALMONTE;PREASIGNADO;CALLE PROYECTADA SIN NUMERO COMUNA POZO ALMONTE;1400;EN USO RECUPERABLE (texto);2-posible;Norte (gruesa);2800;119097
Metropolitana;LO PRADO;3335-15;JOHN ADAMS COMUNA LO PRADO;279;CONCESION GRATUITA A CORTO PLAZO;1-disponible/recuperable;Centro (ref. mercado);2790;118672
Metropolitana;SAN JOAQUIN;4721-9;CARMELA CARVAJAL 180 COMUNA SAN JOAQUIN;163;ARRENDAMIENTO;2-posible;Centro (ref. mercado);2776;118076
Metropolitana;INDEPENDENCIA;648-90;CARLOTA MILCHER 912 COMUNA INDEPENDENCIA;126;CONCESION GRATUITA A CORTO PLAZO;1-disponible/recuperable;Centro (ref. mercado);2772;117906
Antofagasta;CALAMA;3301-713;LOCALIDAD DE CHIU-CHIU COMUNA CALAMA;923;CONCESION GRATUITA;2-posible;Norte (gruesa);2769;117779
Antofagasta;TOCOPILLA;248-001;PLACILLA SUR 1205 MANZANA 122 SITIO 20 COMUNA TOCOPILLA;1380;CONCESION GRATUITA;2-posible;Norte (gruesa);2760;117396
Metropolitana;INDEPENDENCIA;2148-23;LUIS ENRIQUE MONTT 1121 LOTE 16 COMUNA INDEPENDENCIA;125;CONCESION GRATUITA A CORTO PLAZO;1-disponible/recuperable;Centro (ref. mercado);2749;116928
Metropolitana;LA FLORIDA;27957-25;PUERTO EDEN COMUNA LA FLORIDA;196;CONCESION GRATUITA A CORTO PLAZO;1-disponible/recuperable;Centro (ref. mercado);2743;116673
Metropolitana;PENALOLEN;9369-6;PASAJE A CON PASAJE M COMUNA PENALOLEN;171;CONCESION GRATUITA A CORTO PLAZO;1-disponible/recuperable;Centro (ref. mercado);2736;116375
Metropolitana;RECOLETA;3071-21;ALBANO 2151 COMUNA RECOLETA;137;ARRENDAMIENTO;2-posible;Centro (ref. mercado);2732;116205
Metropolitana;LA CISTERNA;2031-2;PAULINA 8515 COMUNA LA CISTERNA;170;CONCESION GRATUITA A CORTO PLAZO;1-disponible/recuperable;Centro (ref. mercado);2720;115694
Biobío;CONCEPCION;570-25;TUCAPEL 1252 COMUNA CONCEPCION;151;CONCESION GRATUITA A CORTO PLAZO;1-disponible/recuperable;Centro (ref. mercado);2714;115439
Metropolitana;SAN MIGUEL;3542-14;MONTECARMELO 734 COMUNA SAN MIGUEL;123;ARRENDAMIENTO;2-posible;Centro (ref. mercado);2697;114716
Antofagasta;MEJILLONES;601-12;MANZANA A SITIO 12 SECTOR SUR DE MEJILLONES COMUNA MEJILLONES;1340;ARRENDAMIENTO;2-posible;Norte (gruesa);2680;113993
Metropolitana;QUINTA NORMAL;4935-4;PLATON 5055 COMUNA QUINTA NORMAL;167;ARRENDAMIENTO;2-posible;Centro (ref. mercado);2672;113653
Valparaíso;QUINTERO;110-21;LUIS ORIONE 626 LOTE C COMUNA QUINTERO;333;CONCESION GRATUITA A CORTO PLAZO;1-disponible/recuperable;Centro (ref. mercado);2666;113398
Valparaíso;VILLA ALEMANA;SIN ROL;STRAUSS SIN NUMERO COMUNA VILLA ALEMANA;296;CONCESION GRATUITA A CORTO PLAZO;1-disponible/recuperable;Centro (ref. mercado);2666;113398
Metropolitana;SANTIAGO;291-44;MATURANA 428 DEPARTAMENTO B COMUNA SANTIAGO;76;CONCESION GRATUITA A CORTO PLAZO;1-disponible/recuperable;Centro (ref. mercado);2651;112760
Antofagasta;ANTOFAGASTA;448-6;EDUARDO ORCHARD LOTE E POBLACION LA FAVORECEDORA COMUNA ANTOFAGASTA;660;CONCESION GRATUITA;2-posible;Norte (gruesa);2640;112292
Valparaíso;CARTAGENA;877-14;CRESCENTE ERRAZURIZ 1126-B COMUNA CARTAGENA;524;CONCESION GRATUITA A CORTO PLAZO;1-disponible/recuperable;Centro (ref. mercado);2618;111356
Antofagasta;SAN PEDRO DE ATACAMA;3471-12;SITIO 64-D COMUNA SAN PEDRO DE ATACAMA;869;CONCESION GRATUITA;2-posible;Norte (gruesa);2607;110888
Antofagasta;ANTOFAGASTA;325-9;CALLE HOMERO AVILA SILVA 950 COMUNA ANTOFAGASTA;649;ARRENDAMIENTO;2-posible;Norte (gruesa);2596;110420
Metropolitana;MACUL;7263-80;PASAJE LOS PEATONES 20 2757 SITIO 472 COMUNA MACUL;144;ARRENDAMIENTO;2-posible;Centro (ref. mercado);2592;110250
Metropolitana;PENALOLEN;5581-6;PASAJE 142 6573 COMUNA PENALOLEN;162;CONCESION GRATUITA A CORTO PLAZO;1-disponible/recuperable;Centro (ref. mercado);2592;110250
Antofagasta;SAN PEDRO DE ATACAMA;3545-387;SITIO 15 MANZANA I VILLA SOLOR COMUNA SAN PEDRO DE ATACAMA;864;ARRENDAMIENTO;2-posible;Norte (gruesa);2592;110250
Antofagasta;CALAMA;6080-5;SITIO 1 MANZANA C EL VERGEL COMUNA CALAMA;858;ARRENDAMIENTO;2-posible;Norte (gruesa);2574;109484
Biobío;CONCEPCION;177-5;ANIBAL PINTO 442 ENTREPISO LOTE 103 Y LOTE 1 COMUNA CONCEPCION;142;..;1-disponible/recuperable;Centro (ref. mercado);2562;108974
Valparaíso;VILLA ALEMANA;800-204;CRISOL NUMERO 120 COMUNA VILLA ALEMANA;284;CONCESION GRATUITA A CORTO PLAZO;1-disponible/recuperable;Centro (ref. mercado);2559;108846
Antofagasta;ANTOFAGASTA;5712-9;TRAVESIA DEL MIRADOR JARDINES DEL SUR COMUNA ANTOFAGASTA;637;CONCESION GRATUITA;2-posible;Norte (gruesa);2548;108379
Antofagasta;MEJILLONES;608-7;MANZANA H SITIO 7 SECTOR SUR DE MEJILLONES COMUNA MEJILLONES;1271;ARRENDAMIENTO;2-posible;Norte (gruesa);2542;108123
Antofagasta;MEJILLONES;608-4;MANZANA H SITIO 4 SECTOR SUR DE MEJILLONES COMUNA MEJILLONES;1271;ARRENDAMIENTO;2-posible;Norte (gruesa);2542;108123
Valparaíso;SAN ANTONIO;8018-28;SAN PEDRO SIN NUMERO MANZANA C SITIO 5 COMUNA SAN ANTONIO;315;CONCESION GRATUITA A CORTO PLAZO;1-disponible/recuperable;Centro (ref. mercado);2522;107273
Antofagasta;SAN PEDRO DE ATACAMA;3545-395;SITIO 7 MANZANA G AYLLO DE SOLOR COMUNA SAN PEDRO DE ATACAMA;836;ARRENDAMIENTO;2-posible;Norte (gruesa);2508;106677
Antofagasta;SAN PEDRO DE ATACAMA;3545-392;MANZANA G SITO 4 AYLLO DE SOLOR COMUNA SAN PEDRO DE ATACAMA;827;ARRENDAMIENTO;2-posible;Norte (gruesa);2481;105529
Antofagasta;SAN PEDRO DE ATACAMA;3545-358;SITIO 10 MANZANA E VILLA SOLOR COMUNA SAN PEDRO DE ATACAMA;820;ARRENDAMIENTO;2-posible;Norte (gruesa);2460;104635
Metropolitana;COLINA;698-94;COQUIMBO LA MONTANA LO PINTO SITIO 87 COMUNA COLINA;307;CONCESION GRATUITA A CORTO PLAZO;1-disponible/recuperable;Centro (ref. mercado);2459;104593
Antofagasta;ANTOFAGASTA;1037-5;LOTE A CIUDAD DE ANTOFAGASTA COMUNA ANTOFAGASTA;614;CONCESION GRATUITA;2-posible;Norte (gruesa);2456;104465
Metropolitana;RENCA;1396-1;SANTA EMILIA 7371 COMUNA RENCA;245;CONCESION GRATUITA A CORTO PLAZO;1-disponible/recuperable;Centro (ref. mercado);2449;104168
Antofagasta;SAN PEDRO DE ATACAMA;3545-368;MANZANA H SITIO 8 AYLLO DE SOLOR COMUNA SAN PEDRO DE ATACAMA;816;ARRENDAMIENTO;2-posible;Norte (gruesa);2448;104125
Antofagasta;MEJILLONES;601-5;MANZANA A SITIO 5 SECTOR SUR DE MEJILLONES COMUNA MEJILLONES;1219;ARRENDAMIENTO;2-posible;Norte (gruesa);2438;103700
Antofagasta;SAN PEDRO DE ATACAMA;3545-363;SITIO 3 MANZANA H VILLA SOLOR COMUNA SAN PEDRO DE ATACAMA;806;ARRENDAMIENTO;2-posible;Norte (gruesa);2418;102849
Valparaíso;VALPARAISO;1258-1;PORVENIR 762 COMUNA VALPARAISO;161;ARRENDAMIENTO;2-posible;Centro (ref. mercado);2412;102594
Antofagasta;SAN PEDRO DE ATACAMA;3545-320;MANZANA A SITIO 1 AYLLO DE SOLOR COMUNA SAN PEDRO DE ATACAMA;804;ARRENDAMIENTO;2-posible;Norte (gruesa);2412;102594
Antofagasta;SAN PEDRO DE ATACAMA;3545-391;MANZANA G SITIO 3 AYLLO DE SOLOR COMUNA SAN PEDRO DE ATACAMA;802;ARRENDAMIENTO;2-posible;Norte (gruesa);2406;102339
Metropolitana;PUDAHUEL;607-68;LOS MARES 8525 COMUNA PUDAHUEL;301;CONCESION GRATUITA A CORTO PLAZO;1-disponible/recuperable;Centro (ref. mercado);2404;102254
Tarapacá;ALTO HOSPICIO;PREASIGNADO;AVENIDA LAS PARCELAS 2951 COMUNA ALTO HOSPICIO;601;EN USO RECUPERABLE (texto);2-posible;Norte (gruesa);2404;102254
Metropolitana;PUDAHUEL;383-2;MAR DEL JAPON 210 COMUNA PUDAHUEL;300;CONCESION GRATUITA A CORTO PLAZO;1-disponible/recuperable;Centro (ref. mercado);2400;102083
Antofagasta;SAN PEDRO DE ATACAMA;3545-362;SITIO 2 MANZANA H VILLA SOLOR COMUNA SAN PEDRO DE ATACAMA;798;ARRENDAMIENTO;2-posible;Norte (gruesa);2394;101828
Antofagasta;SAN PEDRO DE ATACAMA;3545-389;MANZANA G SITO 1 AYLLO DE SOLOR COMUNA SAN PEDRO DE ATACAMA;792;ARRENDAMIENTO;2-posible;Norte (gruesa);2376;101063
Antofagasta;SIERRA GORDA;6033-1;CALLE ELEUTERIO RAMIREZ CON AVENIDA EDUARDO FREI MONTALVA LOTE 1 COMUNA SIERRA GORDA;2371;CONCESION GRATUITA;2-posible;Norte (gruesa);2371;100850
Valparaíso;SAN ANTONIO;2823-24;PATRIA 1836 LOTE 1A, 1B, 1C, 1D, 1E, 1F, 1G Y 1H COMUNA SAN ANTONIO;296;..;1-disponible/recuperable;Centro (ref. mercado);2365;100595
Tarapacá;ALTO HOSPICIO;PREASIGNADO;LOTE 2 COMUNA ALTO HOSPICIO;587;EN USO RECUPERABLE (texto);2-posible;Norte (gruesa);2348;99872
Metropolitana;QUINTA NORMAL;4755-45;SANTA EDELMIRA 6450 COMUNA QUINTA NORMAL;147;CONCESION GRATUITA A CORTO PLAZO;1-disponible/recuperable;Centro (ref. mercado);2346;99786
Valparaíso;VILLA ALEMANA;70-2;CONCEPCION 1040 COMUNA VILLA ALEMANA;260;CONCESION GRATUITA A CORTO PLAZO;1-disponible/recuperable;Centro (ref. mercado);2342;99616
Antofagasta;CALAMA;6074-6;SITIO 6 MANZANA C EL VERGEL COMUNA CALAMA;780;CONCESION GRATUITA;2-posible;Norte (gruesa);2340;99531
Antofagasta;CALAMA;1240-27;SITIO 20 MANZANA A POBLACION EDUARDO FREI COMUNA CALAMA;779;CONCESION GRATUITA;2-posible;Norte (gruesa);2337;99404
Valparaíso;VINA DEL MAR;22-34;DOS NORTE 17 COMUNA VINA DEL MAR;93;CONCESION GRATUITA A CORTO PLAZO;1-disponible/recuperable;Centro (ref. mercado);2325;98893
Antofagasta;SIERRA GORDA;6025-1;A 43 M AL SURESTE DE CALLE ARTURO PRAT COMUNA SIERRA GORDA;2325;CONCESION GRATUITA;2-posible;Norte (gruesa);2325;98893
Metropolitana;SAN BERNARDO;516-1;SAN MARTIN 176 COMUNA SAN BERNARDO;384;CONCESION GRATUITA A CORTO PLAZO;1-disponible/recuperable;Centro (ref. mercado);2301;97872
Metropolitana;RENCA;1160-9;BLANCA VERGARA 1578 COMUNA RENCA;230;CONCESION GRATUITA A LARGO PLAZO;2-posible;Centro (ref. mercado);2295;97617
Biobío;CORONEL;79-6;REMIGIO CASTRO 221 COMUNA CORONEL;327;CONCESION GRATUITA A CORTO PLAZO;1-disponible/recuperable;Centro (ref. mercado);2289;97362
Metropolitana;LA FLORIDA;6972-11;LAS ENCINAS 8317 COMUNA LA FLORIDA;163;ARRENDAMIENTO;2-posible;Centro (ref. mercado);2281;97022
Metropolitana;RENCA;116-21;JOSE MIGUEL INFANTE CLOTARIO BLEST COMUNA RENCA;228;CONCESION GRATUITA A CORTO PLAZO;1-disponible/recuperable;Centro (ref. mercado);2278;96894
Metropolitana;SANTIAGO;2851-57;PORVENIR 630 DEPARTAMENTO 202 COMUNA SANTIAGO;65;ARRENDAMIENTO;2-posible;Centro (ref. mercado);2275;96767
Antofagasta;ANTOFAGASTA;15013-6;EL HUASCAR MANZANA C-S SITIO 6 COMUNA ANTOFAGASTA;562;ARRENDAMIENTO;2-posible;Norte (gruesa);2248;95618
Metropolitana;RENCA;862-3;PASAJE ULMO ALTURA 5100 MANZANA N COMUNA RENCA;224;CONCESION GRATUITA A LARGO PLAZO;2-posible;Centro (ref. mercado);2240;95278
Antofagasta;ANTOFAGASTA;1037-4;LOTE B CIUDAD DE ANTOFAGASTA COMUNA ANTOFAGASTA;560;CONCESION GRATUITA;2-posible;Norte (gruesa);2240;95278
Metropolitana;PUDAHUEL;212-3;CASTOR 259 COMUNA PUDAHUEL;279;CONCESION GRATUITA A CORTO PLAZO;1-disponible/recuperable;Centro (ref. mercado);2235;95065
Antofagasta;TALTAL;507-63;APROX A 75 KMS AL NORESTE DE LA CIUDAD DE TALTAL COMUNA TALTAL;1480;ARRENDAMIENTO, CONCESION A TITULO ONEROSO;2-posible;Norte (gruesa);2220;94427
Metropolitana;PUDAHUEL;213-3;ALFA DE LA CRUZ 8564 COMUNA PUDAHUEL;276;CONCESION GRATUITA A CORTO PLAZO;1-disponible/recuperable;Centro (ref. mercado);2206;93832
Metropolitana;LA PINTANA;6045-1;JOAQUIN EDWARDS BELLO COMUNA LA PINTANA;314;CONCESION GRATUITA A LARGO PLAZO;2-posible;Centro (ref. mercado);2201;93619
Metropolitana;PUENTE ALTO;572-42;JUAN ESTAY 038 COMUNA PUENTE ALTO;220;ARRENDAMIENTO;2-posible;Centro (ref. mercado);2200;93576
Biobío;CONCEPCION;244-29;JANEQUEO 696 COMUNA CONCEPCION;122;CONCESION GRATUITA A CORTO PLAZO;1-disponible/recuperable;Centro (ref. mercado);2198;93491
Metropolitana;PUDAHUEL;212-4;CIGNUS 8575 COMUNA PUDAHUEL;273;CONCESION GRATUITA A CORTO PLAZO;1-disponible/recuperable;Centro (ref. mercado);2184;92896
Valparaíso;QUILPUE;422-4;LOS CARRERA 1709 LOTE 5 COMUNA QUILPUE;181;CONCESION GRATUITA A CORTO PLAZO;1-disponible/recuperable;Centro (ref. mercado);2167;92173
Metropolitana;SAN BERNARDO;3534-5;SANTIAGO 0904 COMUNA SAN BERNARDO;361;CONCESION GRATUITA A CORTO PLAZO;1-disponible/recuperable;Centro (ref. mercado);2166;92130
Antofagasta;MEJILLONES;603-11;MANZANA C SITIO 11 SECTOR SUR DE MEJILLONES COMUNA MEJILLONES;1083;ARRENDAMIENTO;2-posible;Norte (gruesa);2166;92130
Antofagasta;OLLAGUE;3431-1;PUEBLO DE OLLAGUE COMUNA OLLAGUE;4307;CONCESION GRATUITA;2-posible;Norte (gruesa);2154;91620
Antofagasta;SIERRA GORDA;6032-3;LOCALIDAD DE SIERRA GORDA SIN NUMERO COMUNA SIERRA GORDA;2151;CONCESION GRATUITA;2-posible;Norte (gruesa);2151;91492
Antofagasta;ANTOFAGASTA;15011-8;EL HUASCAR MANZANA A-S SITIO 8 COMUNA ANTOFAGASTA;536;ARRENDAMIENTO;2-posible;Norte (gruesa);2144;91194
Metropolitana;SANTIAGO;87-87;AGUSTINAS 1442 DEPARTAMENTO 608 COMUNA SANTIAGO;61;CONCESION GRATUITA A LARGO PLAZO;2-posible;Centro (ref. mercado);2135;90812
Metropolitana;SANTIAGO;87-95;AGUSTINAS 1442 DEPARTAMENTO 708 COMUNA SANTIAGO;61;CONCESION GRATUITA A LARGO PLAZO;2-posible;Centro (ref. mercado);2135;90812
Antofagasta;ANTOFAGASTA;7472-1;RIO SALADO CON INGENIERO HYATT COMUNA ANTOFAGASTA;532;CONCESION GRATUITA;2-posible;Norte (gruesa);2128;90514
Valparaíso;VALPARAISO;6124-12;VON MOLTKE 238 COMUNA VALPARAISO;141;ARRENDAMIENTO;2-posible;Centro (ref. mercado);2108;89663
Biobío;TALCAHUANO;2008-2;CALLE RIO GRANDE 25 VILLA INDEPENDENCIA COMUNA TALCAHUANO;175;ARRENDAMIENTO;2-posible;Centro (ref. mercado);2101;89365
Valparaíso;QUILPUE;422-1;TRONCAL NUMERO 1710 LOTE 2 COMUNA QUILPUE;174;CONCESION GRATUITA A CORTO PLAZO;1-disponible/recuperable;Centro (ref. mercado);2088;88813
Biobío;CORONEL;44972;CARRERA 250 SITIO 1 COMUNA CORONEL;298;CONCESION GRATUITA A CORTO PLAZO;1-disponible/recuperable;Centro (ref. mercado);2083;88600
Antofagasta;SAN PEDRO DE ATACAMA;3614-1;SITIO 12 MANZANA L CALLE HUAYTIQUINA S/N LOCALIDAD DE TOCONAO COMUNA DE SAN PEDRO DE ATACAMA;694;CONCESION GRATUITA;2-posible;Norte (gruesa);2082;88557
Valparaíso;VALPARAISO;176-18;EDWARDS 608 DEPARTAMENTO 5 C COMUNA VALPARAISO;139;ARRENDAMIENTO;2-posible;Centro (ref. mercado);2079;88430
Metropolitana;PADRE HURTADO;361-21;LOS MAQUIS 1418 COMUNA PADRE HURTADO;347;ARRENDAMIENTO;2-posible;Centro (ref. mercado);2079;88430
Antofagasta;ANTOFAGASTA;1527-13;CALLE VALLENAR 678 POBLACION LAUTARO MANZANA I SITIO 7 F 2 COMUNA ANTOFAGASTA;518;CONCESION GRATUITA;2-posible;Norte (gruesa);2072;88132
Metropolitana;SANTIAGO;87-94;AGUSTINAS 1442 DEPARTAMENTO 707 COMUNA SANTIAGO;59;CONCESION GRATUITA A CORTO PLAZO;1-disponible/recuperable;Centro (ref. mercado);2065;87834
Antofagasta;MEJILLONES;607-7;MANZANA I SITIO 7 SECTOR SUR DE MEJILLONES COMUNA MEJILLONES;1029;ARRENDAMIENTO;2-posible;Norte (gruesa);2058;87536
Antofagasta;TOCOPILLA;147-23;CIENFUEGOS 1397 COMUNA TOCOPILLA;1020;CONCESION GRATUITA;2-posible;Norte (gruesa);2040;86771
Antofagasta;CALAMA;6073-7;SITIO 7 MANZANA B EL VERGEL COMUNA CALAMA;677;ARRENDAMIENTO;2-posible;Norte (gruesa);2031;86388
Antofagasta;ANTOFAGASTA;15008-17;EL HUASCAR MANZANA C SITIO 17 COMUNA ANTOFAGASTA;507;ARRENDAMIENTO;2-posible;Norte (gruesa);2028;86260
Antofagasta;CALAMA;6077-2;SITIO 2 MANZANA F EL VERGEL COMUNA CALAMA;676;ARRENDAMIENTO;2-posible;Norte (gruesa);2028;86260
Valparaíso;VALPARAISO;5146-27;TRES SIN NUMERO COMUNA VALPARAISO;135;CONCESION GRATUITA A CORTO PLAZO;1-disponible/recuperable;Centro (ref. mercado);2025;86133
Valparaíso;SAN ANTONIO;3020-8;JUAN LUIS SANFUENTES 1987 COMUNA SAN ANTONIO;253;CONCESION GRATUITA A CORTO PLAZO;1-disponible/recuperable;Centro (ref. mercado);2021;85963
Valparaíso;VINA DEL MAR;646-207;ARLEGUI 160 DEPARTAMENTO 802 COMUNA VINA DEL MAR;80;CONCESION GRATUITA A CORTO PLAZO;1-disponible/recuperable;Centro (ref. mercado);2012;85580
Metropolitana;MAIPU;787-22;LAS PERDICES 1378 SITIO 86 COMUNA MAIPU;143;ARRENDAMIENTO;2-posible;Centro (ref. mercado);2005;85282
Metropolitana;PUDAHUEL;2559-13;SERRANO 1266 COMUNA PUDAHUEL;250;CONCESION GRATUITA A CORTO PLAZO;1-disponible/recuperable;Centro (ref. mercado);2000;85069
Antofagasta;MEJILLONES;604-5;MANZANA D SITIO 5 SECTOR SUR DE MEJILLONES COMUNA MEJILLONES;1000;ARRENDAMIENTO;2-posible;Norte (gruesa);2000;85069
Metropolitana;EL BOSQUE;15140-3;LO MARTINEZ 337 COMUNA EL BOSQUE;222;ARRENDAMIENTO;2-posible;Centro (ref. mercado);1998;84984
Valparaíso;VALPARAISO;2043-11;CAJILLA NUMERO 811 Y NUMERO 815 COMUNA VALPARAISO;133;CONCESION GRATUITA A CORTO PLAZO;1-disponible/recuperable;Centro (ref. mercado);1992;84729
Antofagasta;ANTOFAGASTA;15011-7;EL HUASCAR MANZANA A-S SITIO 7 COMUNA ANTOFAGASTA;496;ARRENDAMIENTO;2-posible;Norte (gruesa);1984;84389
Metropolitana;ESTACION CENTRAL;594-43;OBISPO JAVIER VASQUEZ 3987 COMUNA ESTACION CENTRAL;110;CONCESION GRATUITA A LARGO PLAZO;2-posible;Centro (ref. mercado);1980;84219
Metropolitana;QUILICURA;35-9;JOSE FRANCISCO VERGARA 256 266 COMUNA QUILICURA;198;CONCESION GRATUITA A CORTO PLAZO;1-disponible/recuperable;Centro (ref. mercado);1979;84176
Biobío;CHIGUAYANTE;SIN ROL;BILBAO 2222 LOTE A-4 POBLACION LOS BOLDOS COMUNA CHIGUAYANTE;197;CONCESION GRATUITA A CORTO PLAZO;1-disponible/recuperable;Centro (ref. mercado);1968;83708
Metropolitana;SANTIAGO;210-58;ROSAS 1190 DEPARTAMENTO 505 COMUNA SANTIAGO;56;CONCESION GRATUITA A CORTO PLAZO;1-disponible/recuperable;Centro (ref. mercado);1960;83368
Metropolitana;SANTIAGO;87-82;AGUSTINAS 1442 DEPARTAMENTO 603 COMUNA SANTIAGO;56;CONCESION GRATUITA A LARGO PLAZO;2-posible;Centro (ref. mercado);1960;83368
Biobío;HUALPEN;6056-45;PATRIA NUEVA 1105 COMUNA HUALPEN;195;CONCESION GRATUITA A CORTO PLAZO;1-disponible/recuperable;Centro (ref. mercado);1946;82773
Biobío;CONCEPCION;927-13;AINAVILLO 2358 MANZANA LOTE 13 G COMUNA CONCEPCION;108;CONCESION GRATUITA A CORTO PLAZO;1-disponible/recuperable;Centro (ref. mercado);1943;82645
Antofagasta;OLLAGUE;3419-12;SITIO 4 MANZANA C PUEBLO DE OLLAGUE COMUNA OLLAGUE;3851;CONCESION GRATUITA;2-posible;Norte (gruesa);1926;81922
Metropolitana;SANTIAGO;87-83;AGUSTINAS 1442 DEPARTAMENTO 604 COMUNA SANTIAGO;55;CONCESION GRATUITA A LARGO PLAZO;2-posible;Centro (ref. mercado);1925;81879
Metropolitana;CONCHALI;3047-15;TOKYO 5826 COMUNA CONCHALI;160;ARRENDAMIENTO;2-posible;Centro (ref. mercado);1920;81667
Antofagasta;ANTOFAGASTA;16113-5;PASAJE LOS DIAMNTES 822 LA CHIMBA MANZANA 3 SITIO 8 COMUNA ANTOFAGASTA;480;CONCESION GRATUITA;2-posible;Norte (gruesa);1920;81667
Antofagasta;ANTOFAGASTA;15011-10;EL HUASCAR MANZANA A-S SITIO 10 COMUNA ANTOFAGASTA;477;ARRENDAMIENTO;2-posible;Norte (gruesa);1908;81156
Antofagasta;ANTOFAGASTA;7470-1;CALLE HUAMACHUCO 8959 POBLACION OSCAR BONILLA COMUNA ANTOFAGASTA;476;CONCESION GRATUITA;2-posible;Norte (gruesa);1904;80986
Antofagasta;ANTOFAGASTA;7471-1;RIO SALADO CON HUAMACHUCO SIN NUMERO COMUNA ANTOFAGASTA;476;CONCESION GRATUITA;2-posible;Norte (gruesa);1904;80986
Valparaíso;VILLA ALEMANA;165-41;LIMA 505 COMUNA VILLA ALEMANA;210;CONCESION GRATUITA A CORTO PLAZO;1-disponible/recuperable;Centro (ref. mercado);1890;80391
Metropolitana;SANTIAGO;634-54;EYZAGUIRRE 1085 DEPARTAMENTO 202 COMUNA SANTIAGO;54;ARRENDAMIENTO;2-posible;Centro (ref. mercado);1890;80391
Antofagasta;SAN PEDRO DE ATACAMA;4302-6;SITIO 6 MANZANA C SECTOR ADUANA COMUNA SAN PEDRO DE ATACAMA;629;ARRENDAMIENTO;2-posible;Norte (gruesa);1887;80263
Tarapacá;IQUIQUE;320-12;TARAPACA 781 IQUIQUE;313;EN USO RECUPERABLE (texto);2-posible;Norte (gruesa);1878;79880
Metropolitana;SAN BERNARDO;5578-23;DIEGO DE GARCIA 14035 COMUNA SAN BERNARDO;313;CONCESION GRATUITA A LARGO PLAZO;2-posible;Centro (ref. mercado);1875;79753
Metropolitana;SAN BERNARDO;5574-19;JUAN ESPINA COMUNA SAN BERNARDO;313;CONCESION GRATUITA A LARGO PLAZO;2-posible;Centro (ref. mercado);1875;79753
Antofagasta;MEJILLONES;224-4;BALNEARIO PUNTA ITATA MANZANA 16 SITIO 4 COMUNA MEJILLONES;936;ARRENDAMIENTO;2-posible;Norte (gruesa);1872;79625
Antofagasta;OLLAGUE;3426-2;LOCALIDAD DE OLLAGUE COMUNA OLLAGUE;3724;CONCESION GRATUITA;2-posible;Norte (gruesa);1862;79200
Metropolitana;SANTIAGO;227-146;ISMAEL VALDES VERGARA 820 DEPARTAMENTO 32 COMUNA SANTIAGO;53;CONCESION GRATUITA A CORTO PLAZO;1-disponible/recuperable;Centro (ref. mercado);1848;78604
Metropolitana;CERRILLOS;14-16;LAS ARAUCARIAS 8091 COMUNA CERRILLOS;154;CONCESION GRATUITA A CORTO PLAZO;1-disponible/recuperable;Centro (ref. mercado);1848;78604
Metropolitana;RENCA;1194-13;COYHAIQUE 1864 COMUNA RENCA;185;CONCESION GRATUITA A CORTO PLAZO;1-disponible/recuperable;Centro (ref. mercado);1846;78519
Metropolitana;SANTIAGO;90-36;MONEDA 1741 DEPARTAMENTO 22 COMUNA SANTIAGO;53;ARRENDAMIENTO;2-posible;Centro (ref. mercado);1838;78179
Antofagasta;SIERRA GORDA;6330-3;CALLE JAIME GUZMAN COMUNA SIERRA GORDA;1838;CONCESION GRATUITA;2-posible;Norte (gruesa);1838;78179
Antofagasta;ANTOFAGASTA;15011-5;EL HUASCAR MANZANA A-S SITIO 5 COMUNA ANTOFAGASTA;456;ARRENDAMIENTO;2-posible;Norte (gruesa);1824;77583
Metropolitana;HUECHURABA;1531-11;GRANEROS 856 COMUNA HUECHURABA;101;ARRENDAMIENTO;2-posible;Centro (ref. mercado);1818;77328
Valparaíso;VINA DEL MAR;1521-308;ALVAREZ 1926 TORRE X DEPARTAMENTO 26 COMUNA VINA DEL MAR;73;ARRENDAMIENTO;2-posible;Centro (ref. mercado);1817;77286
Biobío;CHIGUAYANTE;SIN ROL;BILBAO 2216 LOTE A-3 POBLACION LOS BOLDOS COMUNA CHIGUAYANTE;182;..;1-disponible/recuperable;Centro (ref. mercado);1816;77243
Antofagasta;ANTOFAGASTA;15011-6;EL HUASCAR MANZANA A-S SITIO 6 COMUNA ANTOFAGASTA;452;ARRENDAMIENTO;2-posible;Norte (gruesa);1808;76903
Antofagasta;ANTOFAGASTA;15011-12;BALTAZAR LEIGHTON MANZANA A-S SITIO 12 SECTOR EL HUASCAR COMUNA ANTOFAGASTA;450;ARRENDAMIENTO;2-posible;Norte (gruesa);1800;76563
Antofagasta;ANTOFAGASTA;15012-8;CALLE 6 MANZANA B S SITIO 8 BALNEARIO EL HUASCAR COMUNA ANTOFAGASTA;450;ARRENDAMIENTO;2-posible;Norte (gruesa);1800;76563
Antofagasta;MEJILLONES;504-4;CANIL MUNICIPAL MEJILLONES COMUNA MEJILLONES;900;CONCESION GRATUITA;2-posible;Norte (gruesa);1800;76563
Antofagasta;TOCOPILLA;347-4;SECTOR BARRILES COMUNA TOCOPILLA;900;ARRENDAMIENTO, CONCESION A TITULO ONEROSO;2-posible;Norte (gruesa);1800;76563
Antofagasta;SAN PEDRO DE ATACAMA;3760-469;PUEBLO DE PEINE SIN NUMERO COMUNA SAN PEDRO DE ATACAMA;599;CONCESION GRATUITA;2-posible;Norte (gruesa);1797;76435
Metropolitana;PUENTE ALTO;159-14;DOMINGO TOCORNAL 744 COMUNA PUENTE ALTO;179;CONCESION GRATUITA A CORTO PLAZO;1-disponible/recuperable;Centro (ref. mercado);1790;76137
Antofagasta;MEJILLONES;101-252;BALNEARIO HORNITOS SITIO 222 COMUNA MEJILLONES;895;ARRENDAMIENTO;2-posible;Norte (gruesa);1790;76137
Antofagasta;ANTOFAGASTA;15012-9;CALLE 6 MANZANA B-S SITIO 9 BALNEARIO EL HUASCAR SUR COMUNA ANTOFAGASTA;447;ARRENDAMIENTO;2-posible;Norte (gruesa);1788;76052
Biobío;CONCEPCION;177-3;ANIBAL PINTO 442 LOTE 17- PISO 1 Y PARTE LOTE 1 ENTREPISO COMUNA CONCEPCION;99;CONCESION GRATUITA A CORTO PLAZO;1-disponible/recuperable;Centro (ref. mercado);1787;76010
Antofagasta;ANTOFAGASTA;15011-3;EL HUASCAR MANZANA A-S SITIO 3 COMUNA ANTOFAGASTA;446;ARRENDAMIENTO;2-posible;Norte (gruesa);1784;75882
Antofagasta;ANTOFAGASTA;15012-2;BALNEARIO HUASCAR SUR MANZANA B-S SITIO 2 COMUNA ANTOFAGASTA;446;ARRENDAMIENTO;2-posible;Norte (gruesa);1784;75882
Antofagasta;MEJILLONES;222-2;BALNEARIO PUNTA ITATA MANZANA 14 SITIO 2 COMUNA MEJILLONES;892;CONCESION GRATUITA;2-posible;Norte (gruesa);1784;75882
Antofagasta;SAN PEDRO DE ATACAMA;3463-19;PUEBLO DE SAN PEDRO DE ATACAMA COMUNA SAN PEDRO DE ATACAMA;591;CONCESION GRATUITA;2-posible;Norte (gruesa);1773;75414
Antofagasta;ANTOFAGASTA;15008-21;BALNEARIO EL HUASCAR MANZANA C SITIO 21 COMUNA ANTOFAGASTA;443;ARRENDAMIENTO;2-posible;Norte (gruesa);1772;75372
Metropolitana;SANTIAGO;401-92;VERGARA 24 DEPARTAMENTO 707 COMUNA SANTIAGO;51;CONCESION GRATUITA A CORTO PLAZO;1-disponible/recuperable;Centro (ref. mercado);1769;75244
Valparaíso;SAN ANTONIO;2026-25;CALLE IGNACIO CARRERA PINTO 39 LOTE 1 COMUNA SAN ANTONIO;221;CONCESION GRATUITA A CORTO PLAZO;1-disponible/recuperable;Centro (ref. mercado);1766;75116
Valparaíso;VALPARAISO;1018-8;WADDINGTON 7121 COMUNA VALPARAISO;118;CONCESION GRATUITA A CORTO PLAZO;1-disponible/recuperable;Centro (ref. mercado);1763;74989
Antofagasta;MEJILLONES;5128-2;LOCALIDAD DE MICHILLA SIN NUMERO COMUNA MEJILLONES;875;CONCESION GRATUITA;2-posible;Norte (gruesa);1750;74436
Antofagasta;ANTOFAGASTA;15011-2;EL HUASCAR MANZANA A-S SITIO 2 COMUNA ANTOFAGASTA;437;ARRENDAMIENTO;2-posible;Norte (gruesa);1748;74351
Valparaíso;VINA DEL MAR;144-92;SAN MARTIN 821 DEPARTAMENTO 1208 COMUNA VINA DEL MAR;70;CONCESION GRATUITA A CORTO PLAZO;1-disponible/recuperable;Centro (ref. mercado);1744;74181
Antofagasta;ANTOFAGASTA;15012-9;EL HUASCAR SITIO 6 MANZANA C COMUNA ANTOFAGASTA;436;ARRENDAMIENTO;2-posible;Norte (gruesa);1744;74181
Biobío;CORONEL;917-11;PASAJE VOLCAN TINGUIRIRICA NUMERO 1410 LOTE B COMUNA CORONEL;249;CONCESION GRATUITA A CORTO PLAZO;1-disponible/recuperable;Centro (ref. mercado);1743;74138
Antofagasta;OLLAGUE;3415-2;PUEBLO DE OLLAGUE SITIO 1 MANZANA K COMUNA OLLAGUE;3482;CONCESION GRATUITA;2-posible;Norte (gruesa);1741;74053
Antofagasta;MARIA ELENA;368-1;ESTANQUES DE AGUA DE QUILLAGUA SIN NUMERO COMUNA MARIA ELENA;1733;CONCESION GRATUITA;2-posible;Norte (gruesa);1733;73713
Biobío;CONCEPCION;180-110;TUCAPEL 482 LOTE 94 COMUNA CONCEPCION;96;CONCESION GRATUITA A CORTO PLAZO;1-disponible/recuperable;Centro (ref. mercado);1728;73500
Antofagasta;ANTOFAGASTA;15201-1 15201-2 15201-31;SECTOR COLOSO DE LA CIUDAD DE ANTOFAGASTA COMUNA ANTOFAGASTA;432;CONCESION GRATUITA;2-posible;Norte (gruesa);1728;73500
Antofagasta;ANTOFAGASTA;15011-4;EL HUASCAR MANZANA A-S SITIO 4 COMUNA ANTOFAGASTA;432;ARRENDAMIENTO;2-posible;Norte (gruesa);1728;73500
Antofagasta;ANTOFAGASTA;15011-13;EL HUASCAR MANZANA A-S SITIO 13 COMUNA ANTOFAGASTA;430;ARRENDAMIENTO;2-posible;Norte (gruesa);1720;73160
Antofagasta;SAN PEDRO DE ATACAMA;3517-5;POBLACION CONDE DUQUE SITIO 5 MANZANA C COMUNA SAN PEDRO DE ATACAMA;570;CONCESION GRATUITA;2-posible;Norte (gruesa);1710;72734
Antofagasta;SAN PEDRO DE ATACAMA;NO ENROLADO;SITIO 8 MANZANA C SECTOR ADUANA COMUNA SAN PEDRO DE ATACAMA;566;ARRENDAMIENTO;2-posible;Norte (gruesa);1698;72224
Metropolitana;INDEPENDENCIA;1024-47;GAMERO 2042 DEPARTAMENTO 2042 A COMUNA INDEPENDENCIA;77;ARRENDAMIENTO;2-posible;Centro (ref. mercado);1694;72054
Valparaíso;QUILPUE;346-43;LAS PALMAS COMUNA QUILPUE;141;CONCESION GRATUITA A CORTO PLAZO;1-disponible/recuperable;Centro (ref. mercado);1688;71799
Antofagasta;ANTOFAGASTA;15013-8;EL HUASCAR MANZANA C-S SITIO 8 COMUNA ANTOFAGASTA;420;ARRENDAMIENTO;2-posible;Norte (gruesa);1680;71458
Biobío;CORONEL;45000;CARRERA 270 SITIO 2A COMUNA CORONEL;240;CONCESION GRATUITA A CORTO PLAZO;1-disponible/recuperable;Centro (ref. mercado);1678;71373
Valparaíso;SAN ANTONIO;2764-4;LIBERTAD 841 LOTE 4 MANZANA 38 COMUNA SAN ANTONIO;209;ARRENDAMIENTO;2-posible;Centro (ref. mercado);1672;71118
Antofagasta;ANTOFAGASTA;15001-3;CALLE 2 MANZANA E SITIO 3 COMUNA ANTOFAGASTA;418;ARRENDAMIENTO;2-posible;Norte (gruesa);1672;71118
Antofagasta;SAN PEDRO DE ATACAMA;4304-4;SITIO 7 MANZANA E SECTOR ADUANA COMUNA SAN PEDRO DE ATACAMA;556;ARRENDAMIENTO;2-posible;Norte (gruesa);1668;70948
Antofagasta;ANTOFAGASTA;15015-2;EL HUASCAR MANZANA D-S SITIO 2 COMUNA ANTOFAGASTA;416;ARRENDAMIENTO;2-posible;Norte (gruesa);1664;70778
Antofagasta;ANTOFAGASTA;15008-5;BALNEARIO EL HUASCAR MANZANA C SITIO 5 COMUNA ANTOFAGASTA;414;ARRENDAMIENTO;2-posible;Norte (gruesa);1656;70438
Antofagasta;SIERRA GORDA;6335-1;LOCALIDAD DE BAQUEDANO COMUNA SIERRA GORDA;1656;CONCESION GRATUITA;2-posible;Norte (gruesa);1656;70438
Metropolitana;SAN BERNARDO;4636-1;EL NOCEDAL 11901 COMUNA SAN BERNARDO;276;CONCESION GRATUITA A CORTO PLAZO;1-disponible/recuperable;Centro (ref. mercado);1653;70310
Antofagasta;ANTOFAGASTA;15003-4;EL HUASCAR MANZANA A SITIO 4 COMUNA ANTOFAGASTA;411;ARRENDAMIENTO;2-posible;Norte (gruesa);1644;69927
Antofagasta;ANTOFAGASTA;15009-4;BALNEARIO EL HUASCAR SITIO 4 MANZANA D COMUNA ANTOFAGASTA;411;ARRENDAMIENTO;2-posible;Norte (gruesa);1644;69927
Antofagasta;ANTOFAGASTA;15013-13;EL HUASCAR MANZANA C-S SITIO 13 COMUNA ANTOFAGASTA;410;ARRENDAMIENTO;2-posible;Norte (gruesa);1640;69757
Antofagasta;TALTAL;615-2;AVENIDA DEL MAR MANZANA E SITIO S-2 COMUNA TALTAL;1092;CONCESION GRATUITA;2-posible;Norte (gruesa);1638;69672
Metropolitana;EL BOSQUE;5261-5;LOS RAULIES 11357 COMUNA EL BOSQUE;180;ARRENDAMIENTO;2-posible;Centro (ref. mercado);1620;68906
Metropolitana;PUENTE ALTO;194-10;ERNESTO ALVEAR 484 LOTE 115 COMUNA PUENTE ALTO;162;CONCESION GRATUITA A LARGO PLAZO;2-posible;Centro (ref. mercado);1620;68906
Antofagasta;SAN PEDRO DE ATACAMA;4504-5;MANZANA E SITIO 9 LOTEO VILLA ALTO MIRADOR COMUNA SAN PEDRO DE ATACAMA;540;ARRENDAMIENTO;2-posible;Norte (gruesa);1620;68906
Antofagasta;SAN PEDRO DE ATACAMA;4504-14;MANZANA E SITIO 16 LOTEO VILLA ALTO MIRADOR COMUNA SAN PEDRO DE ATACAMA;540;ARRENDAMIENTO;2-posible;Norte (gruesa);1620;68906
Antofagasta;ANTOFAGASTA;15013-2;CIRCUNVALACION MANZANA C-S SITIO 2 COMUNA ANTOFAGASTA;404;ARRENDAMIENTO;2-posible;Norte (gruesa);1616;68736
Antofagasta;ANTOFAGASTA;15003-3;EL HUASCAR MANZANA A SITIO 3 COMUNA ANTOFAGASTA;402;ARRENDAMIENTO;2-posible;Norte (gruesa);1608;68396
Valparaíso;VILLA ALEMANA;SIN ROL;BAQUEDANO SIN NUMERO INTERIOR LOTE A-21 COMUNA VILLA ALEMANA;178;CONCESION GRATUITA A CORTO PLAZO;1-disponible/recuperable;Centro (ref. mercado);1602;68141
Antofagasta;SIERRA GORDA;6400-1;LOCALIDAD DE BAQUEDANO COMUNA SIERRA GORDA;1598;CONCESION GRATUITA;2-posible;Norte (gruesa);1598;67971
Antofagasta;ANTOFAGASTA;15013-4;EL HUASCAR MANZANA C-S SITIO 4 COMUNA ANTOFAGASTA;399;ARRENDAMIENTO;2-posible;Norte (gruesa);1596;67885
Antofagasta;ANTOFAGASTA;15006-6;PASAJE 5 MANZANA B SITIO 6 EL HUASCAR COMUNA ANTOFAGASTA;399;ARRENDAMIENTO;2-posible;Norte (gruesa);1596;67885
Antofagasta;ANTOFAGASTA;15008-1;ELIAS ARANGUIZ 06270 MANZANA C SITIO 1 COMUNA ANTOFAGASTA;398;ARRENDAMIENTO;2-posible;Norte (gruesa);1592;67715
Metropolitana;LA GRANJA;5281-12;PUNTA ARENAS 8219 SITIO 2985 COMUNA LA GRANJA;159;CONCESION GRATUITA A CORTO PLAZO;1-disponible/recuperable;Centro (ref. mercado);1585;67418
Antofagasta;ANTOFAGASTA;15015-10;EL HUASCAR MANZANA D-S SITIO 10 COMUNA ANTOFAGASTA;395;ARRENDAMIENTO;2-posible;Norte (gruesa);1580;67205
Metropolitana;COLINA;601-13;FERMIN VERGARA SIN NUMERO MANZANA 14 LOTE 13 COMUNA COLINA;196;CONCESION GRATUITA A CORTO PLAZO;1-disponible/recuperable;Centro (ref. mercado);1571;66822
Antofagasta;ANTOFAGASTA;15016-3;EL HUASCAR MANZANA E-S SITIO 3 COMUNA ANTOFAGASTA;392;ARRENDAMIENTO;2-posible;Norte (gruesa);1568;66694
Metropolitana;QUINTA NORMAL;1414-23;APOSTOL SANTIAGO 878 COMUNA QUINTA NORMAL;97;CONCESION GRATUITA A CORTO PLAZO;1-disponible/recuperable;Centro (ref. mercado);1552;66014
Valparaíso;SAN ANTONIO;8170-14;JOSE MIGUEL CARRERA NUMERO 590 COMUNA SAN ANTONIO;194;CONCESION GRATUITA A CORTO PLAZO;1-disponible/recuperable;Centro (ref. mercado);1551;65971
Antofagasta;TALTAL;607-2;SITIO S-1 MANZANA H EQUIPAMIENTO 3 EXPANSION ESCUELA COMUNA TALTAL;1034;CONCESION GRATUITA;2-posible;Norte (gruesa);1551;65971
Biobío;CONCEPCION;177-9;ANIBAL PINTO 450 PISO ENTREPISO LOTE 8 PISO 1 LOTE 8 ENTREPISO COMUNA CONCEPCION;86;CONCESION GRATUITA A CORTO PLAZO;1-disponible/recuperable;Centro (ref. mercado);1545;65716
Antofagasta;ANTOFAGASTA;15013-12;CALLE ALTA MANZANA C-S SITIO 12 BALNEARIO EL HUASCAR COMUNA ANTOFAGASTA;386;ARRENDAMIENTO;2-posible;Norte (gruesa);1544;65674
Antofagasta;SAN PEDRO DE ATACAMA;4508-2;MANZANA L SITIO 2 LOTEO VILLA ALTO MIRADOR COMUNA SAN PEDRO DE ATACAMA;514;ARRENDAMIENTO;2-posible;Norte (gruesa);1542;65589
Biobío;SAN PEDRO DE LA PAZ;3272-20;LOS SAUCES ESQUINA PACES DE QUILIN VILLA SAN PEDRO COMUNA SAN PEDRO DE LA PAZ;110;CONCESION GRATUITA A CORTO PLAZO;1-disponible/recuperable;Centro (ref. mercado);1540;65503
Antofagasta;ANTOFAGASTA;15008-2;EL HUASCAR MANZANA C SITIO 2 COMUNA ANTOFAGASTA;385;ARRENDAMIENTO;2-posible;Norte (gruesa);1540;65503
Antofagasta;ANTOFAGASTA;15008-3;EL HUASCAR MANZANA C SITIO 3 COMUNA ANTOFAGASTA;385;ARRENDAMIENTO;2-posible;Norte (gruesa);1540;65503
Antofagasta;SAN PEDRO DE ATACAMA;4514-9;VILLA ALGARROBO MANZANA K SITIO 13 COMUNA SAN PEDRO DE ATACAMA;512;ARRENDAMIENTO;2-posible;Norte (gruesa);1536;65333
Antofagasta;ANTOFAGASTA;15008-20;EL HUASCAR MANZANA C SITIO 20 COMUNA ANTOFAGASTA;380;ARRENDAMIENTO;2-posible;Norte (gruesa);1520;64653
Metropolitana;SANTIAGO;590-6;TOCORNAL 413 CASA 1 COMUNA SANTIAGO;43;ARRENDAMIENTO;2-posible;Centro (ref. mercado);1519;64610
Antofagasta;SAN PEDRO DE ATACAMA;4103-18;SITIO 4 MANZANA C POBLACION ALTO JAMA COMUNA SAN PEDRO DE ATACAMA;506;ARRENDAMIENTO;2-posible;Norte (gruesa);1518;64568
Valparaíso;VILLA ALEMANA;SIN ROL;BAQUEDANO SIN NUMERO INTERIOR PARTE LOTA-16 COMUNA VILLA ALEMANA;168;CONCESION GRATUITA A CORTO PLAZO;1-disponible/recuperable;Centro (ref. mercado);1512;64313
Antofagasta;SAN PEDRO DE ATACAMA;4104-7;SITIO 7 MANZANA D POBLACION ALTO JAMA SECTOR ADUANA COMUNA SAN PEDRO DE ATACAMA;503;ARRENDAMIENTO;2-posible;Norte (gruesa);1509;64185
Antofagasta;SAN PEDRO DE ATACAMA;4103-14;SITIO 11 MANZANA C POBLACION ALTO JAMA SECTOR ADUANA COMUNA SAN PEDRO DE ATACAMA;502;ARRENDAMIENTO;2-posible;Norte (gruesa);1506;64057
Antofagasta;ANTOFAGASTA;15013-10;SITIO 10 MANZANA Cs BALNEARIO EL HUASCAR COMUNA ANTOFAGASTA;374;ARRENDAMIENTO;2-posible;Norte (gruesa);1496;63632
Antofagasta;ANTOFAGASTA;3017-3;POBLACION COVIEFI COMUNA ANTOFAGASTA;373;CONCESION GRATUITA;2-posible;Norte (gruesa);1492;63462
Antofagasta;ANTOFAGASTA;1258-2 1258-3;SITIO 2 Y 3 POBLACION CHILE COMUNA ANTOFAGASTA;373;CONCESION GRATUITA;2-posible;Norte (gruesa);1492;63462
Antofagasta;MEJILLONES;1003-1;SECTOR BALNEARIO HORNITOS COMUNA MEJILLONES;745;CONCESION GRATUITA;2-posible;Norte (gruesa);1490;63377
Tarapacá;IQUIQUE;PREASIGNADO;AVENIDA SANTIAGO POLANCO NUMERO 2227 COMUNA IQUIQUE;247;EN USO RECUPERABLE (texto);2-posible;Norte (gruesa);1482;63036
Antofagasta;ANTOFAGASTA;15008-23;EL HUASCAR MANZANA C SITIO 23 COMUNA ANTOFAGASTA;370;ARRENDAMIENTO;2-posible;Norte (gruesa);1480;62951
Antofagasta;ANTOFAGASTA;15003-5;EL HUASCAR SITIO 5 MANZANA A COMUNA ANTOFAGASTA;368;ARRENDAMIENTO;2-posible;Norte (gruesa);1472;62611
Valparaíso;VALPARAISO;213-3;"RETAMO 707 PISO 2; RETAMO 709 PISO 1 LOTE B; COMUNA VALPARAISO";97;..;1-disponible/recuperable;Centro (ref. mercado);1462;62186
Metropolitana;EL BOSQUE;811-14;LAS ESQUILAS 1610 COMUNA EL BOSQUE;162;ARRENDAMIENTO;2-posible;Centro (ref. mercado);1458;62016
Antofagasta;ANTOFAGASTA;15013-5;EL HUASCAR MANZANA C-S SITIO 5 COMUNA ANTOFAGASTA;362;ARRENDAMIENTO;2-posible;Norte (gruesa);1448;61590
Metropolitana;HUECHURABA;7018-13;LAS BANDURRIAS 6878 COMUNA HUECHURABA;80;CONCESION GRATUITA A CORTO PLAZO;1-disponible/recuperable;Centro (ref. mercado);1440;61250
Antofagasta;ANTOFAGASTA;15013-11;VICENTE CABALLEROS 6700 MANZANA C-S SITIO 11 EL HUASCAR COMUNA ANTOFAGASTA;359;ARRENDAMIENTO;2-posible;Norte (gruesa);1436;61080
Antofagasta;ANTOFAGASTA;15005-8;MANZANA G SITIO 8 BALNEARIO EL HUASCAR COMUNA ANTOFAGASTA;356;ARRENDAMIENTO;2-posible;Norte (gruesa);1424;60569
Biobío;CORONEL;917-9;PASAJE VOLCAN TINGUIRIRICA NUMERO 1420 LOTE A COMUNA CORONEL;203;CONCESION GRATUITA A CORTO PLAZO;1-disponible/recuperable;Centro (ref. mercado);1421;60442
Tarapacá;ALTO HOSPICIO;PREASIGNADO;LOTE 4 COMUNA ALTO HOSPICIO;354;EN USO RECUPERABLE (texto);2-posible;Norte (gruesa);1416;60229
Antofagasta;ANTOFAGASTA;15002-2;EL HUASCAR MANZANA F SITIO 2 COMUNA ANTOFAGASTA;352;ARRENDAMIENTO;2-posible;Norte (gruesa);1408;59889
Antofagasta;ANTOFAGASTA;15006-9;MANZANA B SITIO 9 BALNEARIO EL HUASCAR COMUNA ANTOFAGASTA;351;ARRENDAMIENTO;2-posible;Norte (gruesa);1404;59719
Antofagasta;SAN PEDRO DE ATACAMA;4504-7;MANZANA E SITIO 11 LOTEO VILLA ALTO MIRADOR COMUNA SAN PEDRO DE ATACAMA;465;ARRENDAMIENTO;2-posible;Norte (gruesa);1395;59336
Metropolitana;PENALOLEN;9643-25;CABO 2DO JULIO PAVEZ ORTIZ COMUNA PENALOLEN;87;CONCESION GRATUITA A LARGO PLAZO;2-posible;Centro (ref. mercado);1394;59293
Antofagasta;MEJILLONES;101-134;SITIO 69 B BALNEARIO HORNITOS COMUNA MEJILLONES;696;ARRENDAMIENTO;2-posible;Norte (gruesa);1392;59208
Biobío;CONCEPCION;177-24;ANIBAL PINTO 442 LOTE 104 COMUNA CONCEPCION;76;ARRENDAMIENTO;2-posible;Centro (ref. mercado);1371;58315
Antofagasta;OLLAGUE;3429-4;SITIO 3 MANZANA P COMUNA OLLAGUE;2742;CONCESION GRATUITA;2-posible;Norte (gruesa);1371;58315
Antofagasta;CALAMA;6079-8;SITIO 8 MANZANA H EL VERGEL COMUNA CALAMA;456;ARRENDAMIENTO;2-posible;Norte (gruesa);1368;58188
Antofagasta;ANTOFAGASTA;15001-6;CALLE 3 MANZANA E SITIO 6 BALNEARIO EL HUASCAR COMUNA ANTOFAGASTA;340;ARRENDAMIENTO;2-posible;Norte (gruesa);1360;57847
Metropolitana;RENCA;601-33;RIO RAHUE 4948 COMUNA RENCA;136;CONCESION GRATUITA A LARGO PLAZO;2-posible;Centro (ref. mercado);1358;57762
Metropolitana;SAN MIGUEL;5187-3;PASAJE K 5214 DEPARTAMENTO D COMUNA SAN MIGUEL;61;ARRENDAMIENTO;2-posible;Centro (ref. mercado);1342;57082
Antofagasta;ANTOFAGASTA;15007-5;EL HUASCAR MANZANA K-2 SITIO 5 COMUNA ANTOFAGASTA;335;ARRENDAMIENTO;2-posible;Norte (gruesa);1340;56997
Metropolitana;MAIPU;54-70;5 DE ABRIL 449 LOTE Y-1 COMUNA MAIPU;95;CONCESION GRATUITA A CORTO PLAZO;1-disponible/recuperable;Centro (ref. mercado);1336;56826
Antofagasta;CALAMA;6072-4;SITIO 4 MANZANA A EL VERGEL COMUNA CALAMA;442;ARRENDAMIENTO;2-posible;Norte (gruesa);1326;56401
Antofagasta;ANTOFAGASTA;15006-11;EL HUASCAR MANZANA B SITIO 11 COMUNA ANTOFAGASTA;331;ARRENDAMIENTO;2-posible;Norte (gruesa);1324;56316
Antofagasta;ANTOFAGASTA;15005-2;EL HUASCAR MANZANA G SITIO 2 COMUNA ANTOFAGASTA;331;ARRENDAMIENTO;2-posible;Norte (gruesa);1324;56316
Antofagasta;ANTOFAGASTA;5927-6;AVENIDA LUIS CRUZ MARTINEZ COMUNA ANTOFAGASTA;324;CONCESION GRATUITA;2-posible;Norte (gruesa);1296;55125
Antofagasta;SAN PEDRO DE ATACAMA;4103-17;SITIO 5 MANZANA C SECTOR ADUANA COMUNA SAN PEDRO DE ATACAMA;430;ARRENDAMIENTO;2-posible;Norte (gruesa);1290;54870
Antofagasta;ANTOFAGASTA;15003-16;PASAJE 1 MANZANA A SITIO 16 SECTOR EL HUASCAR COMUNA ANTOFAGASTA;322;ARRENDAMIENTO;2-posible;Norte (gruesa);1288;54785
Antofagasta;ANTOFAGASTA;1730-2;HUASCO ESQUINA OLLAGUE POBLACION EL GOLF COMUNA ANTOFAGASTA;321;CONCESION GRATUITA;2-posible;Norte (gruesa);1284;54615
Antofagasta;ANTOFAGASTA;454-7;SITIOS 5 Y 7 MANZANA 3 POBLACION COVADONGA COMUNA ANTOFAGASTA;320;CONCESION GRATUITA;2-posible;Norte (gruesa);1280;54444
Antofagasta;ANTOFAGASTA;847-12;WASHINGTON 2527 PISO 2 COMUNA ANTOFAGASTA;319;CONCESION GRATUITA;2-posible;Norte (gruesa);1276;54274
Metropolitana;ESTACION CENTRAL;942-118;NICASIO RETAMALES 836 COMUNA ESTACION CENTRAL;70;ARRENDAMIENTO;2-posible;Centro (ref. mercado);1260;53594
Antofagasta;MEJILLONES;222-6;BALNEARIO PUNTA ITATA MANZANA 14 SITIO 6 COMUNA MEJILLONES;629;CONCESION GRATUITA;2-posible;Norte (gruesa);1258;53509
Antofagasta;TOCOPILLA;327-27;AL SURESTE DE LA CIUDAD DE TOCOPILLA COMUNA TOCOPILLA;625;ARRENDAMIENTO;2-posible;Norte (gruesa);1250;53168
Antofagasta;ANTOFAGASTA;15013-9;BALNEARIO EL HUASCAR MANZANA C-S SITIO 9 COMUNA ANTOFAGASTA;312;ARRENDAMIENTO;2-posible;Norte (gruesa);1248;53083
Metropolitana;COLINA;593-5;PASAJE CUATRO SIN NUMERO COMUNA COLINA;156;CONCESION GRATUITA A CORTO PLAZO;1-disponible/recuperable;Centro (ref. mercado);1246;52998
Metropolitana;INDEPENDENCIA;1317-24;SALOMON SACK 400 PISO 1 DEPARTAMENTO 14 COMUNA INDEPENDENCIA;56;ARRENDAMIENTO;2-posible;Centro (ref. mercado);1241;52786
Metropolitana;MACUL;9072-60;BAQUEDANO 4193 K COMUNA MACUL;69;ARRENDAMIENTO;2-posible;Centro (ref. mercado);1236;52573
Antofagasta;ANTOFAGASTA;15015-9;BALNEARIO EL HUASCAR SUR MANZANA D-S SITIO 9 COMUNA ANTOFAGASTA;308;ARRENDAMIENTO;2-posible;Norte (gruesa);1232;52403
Valparaíso;SAN ANTONIO;1827-9;LUIS HINOJOSA 1046 COMUNA SAN ANTONIO;154;CONCESION GRATUITA A CORTO PLAZO;1-disponible/recuperable;Centro (ref. mercado);1229;52275
Metropolitana;SANTIAGO;22-536;MONEDA 712 Y 722 DEPARTAMENTO 308 COMUNA SANTIAGO;35;ARRENDAMIENTO;2-posible;Centro (ref. mercado);1225;52105
Metropolitana;EL BOSQUE;3066-15;PEREZ ROMAN 9748 COMUNA EL BOSQUE;134;CONCESION GRATUITA A CORTO PLAZO;1-disponible/recuperable;Centro (ref. mercado);1209;51424
Valparaíso;CARTAGENA;1061-0004;SCOLARI 8 COMUNA CARTAGENA;240;CONCESION GRATUITA A CORTO PLAZO;1-disponible/recuperable;Centro (ref. mercado);1200;51042
Antofagasta;ANTOFAGASTA;15015-8;CIRCUNVALACION MANZANA D-S SITIO 8 COMUNA ANTOFAGASTA;300;ARRENDAMIENTO;2-posible;Norte (gruesa);1200;51042
Tarapacá;IQUIQUE;PREASIGNADO;PASAJE BOTES SIN NUMERO COMUNA IQUIQUE;200;EN USO RECUPERABLE (texto);2-posible;Norte (gruesa);1200;51042
Antofagasta;SAN PEDRO DE ATACAMA;4508-3;MANZANA L SITIO 3 LOTEO VILLA ALTO MIRADOR COMUNA SAN PEDRO DE ATACAMA;399;ARRENDAMIENTO;2-posible;Norte (gruesa);1197;50914
Antofagasta;ANTOFAGASTA;15015-7;HUASCAR MANZANA D-S SITIO 7 COMUNA ANTOFAGASTA;299;ARRENDAMIENTO;2-posible;Norte (gruesa);1196;50872
Tarapacá;POZO ALMONTE;PREASIGNADO;LOTE 1 MANZANA 4 COMUNA POZO ALMONTE;597;EN USO RECUPERABLE (texto);2-posible;Norte (gruesa);1194;50786
Antofagasta;CALAMA;6077-4;SITIO 4 MANZANA F EL VERGEL COMUNA CALAMA;396;ARRENDAMIENTO;2-posible;Norte (gruesa);1188;50531
Valparaíso;CARTAGENA;2006-13;JOSE ARELLANO RIVAS SIN NUMERO MANZANA 7 SITIO 13 COMUNA CARTAGENA;237;CONCESION GRATUITA A CORTO PLAZO;1-disponible/recuperable;Centro (ref. mercado);1183;50319
Antofagasta;ANTOFAGASTA;6099-1;PASAJE OSCAR BONILLA 8527 COMUNA ANTOFAGASTA;293;CONCESION GRATUITA;2-posible;Norte (gruesa);1172;49851
Antofagasta;ANTOFAGASTA;15013-14;EL HUASCAR MANZANA C-S SITIO 14 COMUNA ANTOFAGASTA;291;ARRENDAMIENTO;2-posible;Norte (gruesa);1164;49510
Antofagasta;MEJILLONES;222-1;BALNEARIO PUNTA ITATA MANZANA 14 SITIO 1 COMUNA MEJILLONES;580;CONCESION GRATUITA;2-posible;Norte (gruesa);1160;49340
Antofagasta;MARIA ELENA;333-1;PUEBLO DE QUILLAGUA SITIO 144 COMUNA MARIA ELENA;1156;CONCESION GRATUITA;2-posible;Norte (gruesa);1156;49170
Antofagasta;SIERRA GORDA;6319-2;LOTE B LOCALIDAD DE BAQUEDANO COMUNA SIERRA GORDA;1146;CONCESION GRATUITA;2-posible;Norte (gruesa);1146;48745
Metropolitana;ESTACION CENTRAL;608-22;MARINER 212 DEPARTAMENTO 301-A COMUNA ESTACION CENTRAL;63;CONCESION GRATUITA A CORTO PLAZO;1-disponible/recuperable;Centro (ref. mercado);1134;48234
Metropolitana;LA PINTANA;7329-31;DOMINGO SANTA CRUZ 0935 COMUNA LA PINTANA;162;CONCESION GRATUITA A CORTO PLAZO;1-disponible/recuperable;Centro (ref. mercado);1134;48234
Antofagasta;TALTAL;4002-11;PORTEZUELO LAS BOMBAS COMUNA TALTAL;750;CONCESION A TITULO ONEROSO;2-posible;Norte (gruesa);1125;47852
Antofagasta;ANTOFAGASTA;01691-10;MANZANA 20-F SITIO 34 COMUNA ANTOFAGASTA;281;CONCESION GRATUITA;2-posible;Norte (gruesa);1124;47809
Antofagasta;SIERRA GORDA;6309-5;SITIO 5 MANZANA 8 BAQUEDANO COMUNA SIERRA GORDA;1123;CONCESION GRATUITA;2-posible;Norte (gruesa);1123;47767
Antofagasta;MEJILLONES;5128-3;LOCALIDAD DE MICHILLA SIN NUMERO COMUNA MEJILLONES;560;CONCESION GRATUITA;2-posible;Norte (gruesa);1120;47639
Antofagasta;SAN PEDRO DE ATACAMA;3751-238;EQUIPAMIENTO 6 SITIO 84 MANZANA Ñ LOCALIDAD DE SOCAIRE COMUNA SAN PEDRO DE ATACAMA;373;CONCESION GRATUITA;2-posible;Norte (gruesa);1119;47596
Antofagasta;MEJILLONES;101-301;BALNEARIO ALTOS HORNITOS SITIO 301 COMUNA MEJILLONES;555;ARRENDAMIENTO;2-posible;Norte (gruesa);1110;47214
Antofagasta;OLLAGUE;3426-1;LOTE A SIN NUMERO PUEBLO DE OLLAGUE COMUNA OLLAGUE;2218;CONCESION GRATUITA;2-posible;Norte (gruesa);1109;47171
Metropolitana;PENALOLEN;5971-20;AMERICO VESPUCIO SUR 1342 DEPARTAMENTO 103 COMUNA PENALOLEN;69;ARRENDAMIENTO;2-posible;Centro (ref. mercado);1104;46958
Metropolitana;QUINTA NORMAL;819-17;CONSTANTINO 589 COMUNA QUINTA NORMAL;68;ARRENDAMIENTO;2-posible;Centro (ref. mercado);1088;46278
Metropolitana;PUDAHUEL;2065-33;DIAGONAL SUR 8880 COMUNA PUDAHUEL;131;CONCESION GRATUITA A CORTO PLAZO;1-disponible/recuperable;Centro (ref. mercado);1049;44619
Valparaíso;VALPARAISO;73-1;YUNGAY 1827 COMUNA VALPARAISO;69;..;1-disponible/recuperable;Centro (ref. mercado);1031;43853
Tarapacá;PICA;SIN ROL;CALLE LAUTARO SIN NUMERO COMUNA PICA;514;EN USO RECUPERABLE (texto);2-posible;Norte (gruesa);1028;43726
Metropolitana;PEDRO AGUIRRE CERDA;14055-7;PASAJE JORGE TORO 3525 COMUNA PEDRO AGUIRRE CERDA;128;ARRENDAMIENTO;2-posible;Centro (ref. mercado);1024;43556
Antofagasta;SIERRA GORDA;6330-5;CALLE JAIME GUZMAN COMUNA SIERRA GORDA;1022;CONCESION GRATUITA;2-posible;Norte (gruesa);1022;43471
Antofagasta;SAN PEDRO DE ATACAMA;3540-171;AYLLO DE SEQUITOR COMUNA SAN PEDRO DE ATACAMA;340;ARRENDAMIENTO;2-posible;Norte (gruesa);1020;43385
Tarapacá;ALTO HOSPICIO;SIN ROL;CALLE SANTA ROSA DE HUARA LOTE 5 COMUNA ALTO HOSPICIO;255;EN USO RECUPERABLE (texto);2-posible;Norte (gruesa);1020;43385
Metropolitana;LO ESPEJO;4119-41;26 SUR 03657 COMUNA LO ESPEJO;127;ARRENDAMIENTO;2-posible;Centro (ref. mercado);1019;43343
Tarapacá;POZO ALMONTE;PREASIGNADO;CALLE ALDUNATE NUMERO 913 COMUNA DE POZO ALMONTE;509;EN USO RECUPERABLE (texto);2-posible;Norte (gruesa);1018;43300
Valparaíso;SAN ANTONIO;59-2;SEGUNDO PLAZA SIN NUMERO COMUNA SAN ANTONIO;127;CONCESION GRATUITA A CORTO PLAZO;1-disponible/recuperable;Centro (ref. mercado);1012;43045
Valparaíso;VINA DEL MAR;2442-69;PADRE ALBERTO HURTADO DEPARTAMENTO 209 COMUNA VINA DEL MAR;40;ARRENDAMIENTO;2-posible;Centro (ref. mercado);1012;43045
Antofagasta;ANTOFAGASTA;15007-23;EL HUASCAR MANZANA K-2 SITIO 17 COMUNA ANTOFAGASTA;251;ARRENDAMIENTO;2-posible;Norte (gruesa);1004;42705
Antofagasta;ANTOFAGASTA;15007-22;EL HUASCAR MANZANA K-2 SITIO 16 COMUNA ANTOFAGASTA;251;ARRENDAMIENTO;2-posible;Norte (gruesa);1004;42705
Tarapacá;IQUIQUE;551-22;CALLE BARROS ARANA 1196 COMUNA IQUIQUE;167;EN USO RECUPERABLE (texto);2-posible;Norte (gruesa);1002;42620
Metropolitana;RENCA;283-16;SALVADOR SANFUENTES 1183 COMUNA RENCA;100;CONCESION GRATUITA A CORTO PLAZO;1-disponible/recuperable;Centro (ref. mercado);1000;42535
Antofagasta;SIERRA GORDA;6322-8;LOTE A SALVADOR ALLENDE SIN NUMERO COMUNA SIERRA GORDA;999;CONCESION GRATUITA;2-posible;Norte (gruesa);999;42492
Metropolitana;PUDAHUEL;2571-13;MARIA ANGELICA 9458 MANZANA H LOTE 8 COMUNA PUDAHUEL;123;CONCESION GRATUITA A CORTO PLAZO;1-disponible/recuperable;Centro (ref. mercado);987;41982
Metropolitana;PENALOLEN;9094-233;AMERICO VESPUCIO SUR 5602 DEPARTAMENTO 23 BLOCK 34 COMUNA PENALOLEN;62;ARRENDAMIENTO;2-posible;Centro (ref. mercado);986;41939
Valparaíso;SAN ANTONIO;1225-1;BLANCO ENCALADA NUMERO 711 COMUNA SAN ANTONIO;122;CONCESION GRATUITA A CORTO PLAZO;1-disponible/recuperable;Centro (ref. mercado);974;41429
Metropolitana;RECOLETA;74-81;BELLAVISTA 256 PISO 1 DEPARTAMENTO 3 COMUNA RECOLETA;48;CONCESION GRATUITA A CORTO PLAZO;1-disponible/recuperable;Centro (ref. mercado);969;41216
Antofagasta;ANTOFAGASTA;15007-24;EL HUASCAR MANZANA K-2 SITIO 18 COMUNA ANTOFAGASTA;239;CONCESION GRATUITA;2-posible;Norte (gruesa);956;40663
Antofagasta;MARIA ELENA;307-1;PUEBLO DE QUILLAGUA COMUNA MARIA ELENA;946;CONCESION GRATUITA;2-posible;Norte (gruesa);946;40238
Antofagasta;TALTAL;43-2;LOTE B AVENIDA ARTURO PRAT ESQUINA CALLE ESMERALDA COMUNA TALTAL;627;CONCESION GRATUITA;2-posible;Norte (gruesa);940;39983
Antofagasta;MEJILLONES;101-152;HORNITOS 461 SITIO 47 COMUNA MEJILLONES;465;ARRENDAMIENTO;2-posible;Norte (gruesa);930;39557
Antofagasta;MEJILLONES;8001-6;LOCALIDAD DE MICHILLA SIN NUMERO COMUNA MEJILLONES;464;CONCESION GRATUITA;2-posible;Norte (gruesa);928;39472
Antofagasta;SIERRA GORDA;6200-11;LOCALIDAD DE BAQUEDANO COMUNA SIERRA GORDA;925;CONCESION GRATUITA;2-posible;Norte (gruesa);925;39345
Metropolitana;SAN JOAQUIN;3410-12;PINTOR GOYA 3675 COMUNA SAN JOAQUIN;54;ARRENDAMIENTO;2-posible;Centro (ref. mercado);923;39260
Antofagasta;CALAMA;6078-2;SITIO 2 MANZANA G EL VERGEL COMUNA CALAMA;307;ARRENDAMIENTO;2-posible;Norte (gruesa);921;39174
Metropolitana;SAN BERNARDO;3500-22;YUNGAY 1090-B COMUNA SAN BERNARDO;152;CONCESION GRATUITA A CORTO PLAZO;1-disponible/recuperable;Centro (ref. mercado);912;38792
Antofagasta;ANTOFAGASTA;683-20;COQUIMBO 850 AL 854 COMUNA ANTOFAGASTA;227;CONCESION GRATUITA;2-posible;Norte (gruesa);908;38622
Antofagasta;ANTOFAGASTA;448-4;EDUARDO ORCHARD LOTE D POBLACION LA FAVORECEDORA COMUNA ANTOFAGASTA;227;CONCESION GRATUITA;2-posible;Norte (gruesa);908;38622
Antofagasta;SAN PEDRO DE ATACAMA;4521-2;SITIO 17 MANZANA R LOTEO VILAMA COMUNA SAN PEDRO DE ATACAMA;302;ARRENDAMIENTO;2-posible;Norte (gruesa);906;38536
Antofagasta;ANTOFAGASTA;5010-14;POBLACION LOS PINARES SITIO 8B MANZANA J COMUNA ANTOFAGASTA;226;CONCESION GRATUITA;2-posible;Norte (gruesa);904;38451
Antofagasta;CALAMA;887-30;CALLE VARGAS 2201 COMUNA CALAMA;301;CONCESION GRATUITA;2-posible;Norte (gruesa);903;38409
Antofagasta;SIERRA GORDA;6500-10;CARMEN ALTO COMUNA SIERRA GORDA;900;ARRENDAMIENTO;2-posible;Norte (gruesa);900;38281
Antofagasta;OLLAGUE;4100-79;PAMPA EL LEON COMUNA OLLAGUE;1800;CONCESION GRATUITA;2-posible;Norte (gruesa);900;38281
Antofagasta;SAN PEDRO DE ATACAMA;4537-4;MANZANA K SITIO 4 NORTE POBLACION CONDE DUQUE COMUNA SAN PEDRO DE ATACAMA;296;ARRENDAMIENTO;2-posible;Norte (gruesa);888;37771
Antofagasta;SAN PEDRO DE ATACAMA;3443-6;SITIO 6 MANZANA D POBLACION LICANCABUR COMUNA SAN PEDRO DE ATACAMA;295;ARRENDAMIENTO;2-posible;Norte (gruesa);885;37643
Antofagasta;SIERRA GORDA;6200-13;LOCALIDAD DE BAQUEDANO COMUNA SIERRA GORDA;884;CONCESION GRATUITA;2-posible;Norte (gruesa);884;37601
Antofagasta;CALAMA;6079-2;SITIO 2 MANZANA H EL VERGEL COMUNA CALAMA;292;ARRENDAMIENTO;2-posible;Norte (gruesa);876;37260
Tarapacá;POZO ALMONTE;PREASIGNADO;CALLE 4 SIN NUMERO COMUNA POZO ALMONTE;423;EN USO RECUPERABLE (texto);2-posible;Norte (gruesa);846;35984
Antofagasta;CALAMA;6080-8;SITIO 8 MANZANA I EL VERGEL COMUNA CALAMA;281;ARRENDAMIENTO;2-posible;Norte (gruesa);843;35857
Antofagasta;ANTOFAGASTA;448-4;EDUARDO ORCHARD LOTE C POBLACION LA FAVORECEDORA COMUNA ANTOFAGASTA;208;CONCESION GRATUITA;2-posible;Norte (gruesa);832;35389
Valparaíso;SAN ANTONIO;3223-18;LUIS ALBERTO ARAYA 2048 LOTE 28 COMUNA SAN ANTONIO;104;CONCESION GRATUITA A CORTO PLAZO;1-disponible/recuperable;Centro (ref. mercado);831;35346
Antofagasta;CALAMA;6080-7;SITIO 7 MANZANA I EL VERGEL COMUNA CALAMA;277;ARRENDAMIENTO;2-posible;Norte (gruesa);831;35346
Antofagasta;MEJILLONES;101-306;BALNEARIO HORNITOS SITIO 306 COMUNA MEJILLONES;414;ARRENDAMIENTO;2-posible;Norte (gruesa);828;35219
Antofagasta;SAN PEDRO DE ATACAMA;3517-9;LAS PARINAS 470 MANZANA C SITIO 9 POBLACION CONDE DUQUE COMUNA SAN PEDRO DE ATACAMA;276;ARRENDAMIENTO;2-posible;Norte (gruesa);828;35219
Antofagasta;CALAMA;6080-1;SITIO 1 MANZANA I EL VERGEL COMUNA CALAMA;275;ARRENDAMIENTO;2-posible;Norte (gruesa);825;35091
Antofagasta;ANTOFAGASTA;895-7;BOLIVAR 188 COMUNA ANTOFAGASTA;206;CONCESION GRATUITA;2-posible;Norte (gruesa);824;35049
Valparaíso;VALPARAISO;1091-5;ALCALDE BARRIOS 155 COMUNA VALPARAISO;55;CONCESION GRATUITA A CORTO PLAZO;1-disponible/recuperable;Centro (ref. mercado);823;35006
Valparaíso;EL TABO;650-124;FRANCISCO PALAU SITIO 3 COMUNA EL TABO;164;CONCESION GRATUITA A CORTO PLAZO;1-disponible/recuperable;Centro (ref. mercado);820;34878
Antofagasta;CALAMA;6080-2;SITIO 2 MANZANA I EL VERGEL COMUNA CALAMA;269;ARRENDAMIENTO;2-posible;Norte (gruesa);807;34326
Antofagasta;ANTOFAGASTA;15007-19;EL HUASCAR MANZANA K-2 SITIO 13 COMUNA ANTOFAGASTA;200;ARRENDAMIENTO;2-posible;Norte (gruesa);800;34028
Antofagasta;MEJILLONES;101-159;BALNEARIO HORNITOS SITIO 40 COMUNA MEJILLONES;400;ARRENDAMIENTO;2-posible;Norte (gruesa);800;34028
Antofagasta;ANTOFAGASTA;6737-9;SECTOR LA NEGRA SIN NUMERO COMUNA ANTOFAGASTA;199;CONCESION A TITULO ONEROSO;2-posible;Norte (gruesa);796;33858
Antofagasta;ANTOFAGASTA;1527-129;POBLACION BARRIO NORTE MANZANA I SITIO 7G-1 COMUNA ANTOFAGASTA;197;CONCESION GRATUITA;2-posible;Norte (gruesa);788;33517
Antofagasta;CALAMA;6080-5;SITIO 5 MANZANA I EL VERGEL COMUNA CALAMA;261;ARRENDAMIENTO;2-posible;Norte (gruesa);783;33305
Antofagasta;CALAMA;6080-4;SITIO 4 MANZANA I EL VERGEL COMUNA CALAMA;259;ARRENDAMIENTO;2-posible;Norte (gruesa);777;33049
Antofagasta;ANTOFAGASTA;975-18;COVADONGA VIEJA 448 COMUNA ANTOFAGASTA;194;CONCESION GRATUITA;2-posible;Norte (gruesa);776;33007
Antofagasta;MEJILLONES;5128-5;LOCALIDAD DE MICHILLA SIN NUMERO COMUNA MEJILLONES;388;CONCESION GRATUITA;2-posible;Norte (gruesa);776;33007
Antofagasta;ANTOFAGASTA;539-3;AVELINO CONTARDO 1526 SITIO 158-A POBLACION VILLA ESMERALDA COMUNA ANTOFAGASTA;192;CONCESION GRATUITA;2-posible;Norte (gruesa);768;32667
Antofagasta;SIERRA GORDA;6322-9;LOTE B AL SUR LOCALIDAD DE BAQUEDANO COMUNA SIERRA GORDA;767;CONCESION GRATUITA;2-posible;Norte (gruesa);767;32624
Antofagasta;ANTOFAGASTA;1157-21;CALLE BELLAVISTA 3763 LOTE 57 COMUNA ANTOFAGASTA;190;ARRENDAMIENTO;2-posible;Norte (gruesa);760;32326
Antofagasta;MEJILLONES;101-305;SITIO 305 BALNEARIO ALTOS HORNITOS COMUNA MEJILLONES;380;ARRENDAMIENTO;2-posible;Norte (gruesa);760;32326
Antofagasta;CALAMA;6080-3;SITIO 3 MANZANA I EL VERGEL COMUNA CALAMA;252;ARRENDAMIENTO;2-posible;Norte (gruesa);756;32156
Antofagasta;MEJILLONES;101-307;BALNEARIO HORNITOS COMUNA MEJILLONES;377;ARRENDAMIENTO;2-posible;Norte (gruesa);754;32071
Antofagasta;CALAMA;6080-6;SITIO 6 MANZANA I EL VERGEL COMUNA CALAMA;251;ARRENDAMIENTO;2-posible;Norte (gruesa);753;32029
Antofagasta;SAN PEDRO DE ATACAMA;4307-9;SITIO 3 MANZANA C SECTOR EL CALVARIO COMUNA SAN PEDRO DE ATACAMA;251;ARRENDAMIENTO;2-posible;Norte (gruesa);753;32029
Antofagasta;MEJILLONES;101-403;BALNEARIO HORNITOS SITIO 403 COMUNA MEJILLONES;375;ARRENDAMIENTO;2-posible;Norte (gruesa);750;31901
Antofagasta;MEJILLONES;101-404;SITIO 404 ACCESO SUR BALNEARIO HORNITOS COMUNA MEJILLONES;375;ARRENDAMIENTO;2-posible;Norte (gruesa);750;31901
Antofagasta;TOCOPILLA;74-12;CALLE 21 DE MAYO 1284 AL 1292 COMUNA TOCOPILLA;375;CONCESION GRATUITA;2-posible;Norte (gruesa);750;31901
Biobío;PENCO;316-25;PASAJE PEATONAL 1 35 LIRQUEN COMUNA DE PENCO;90;ARRENDAMIENTO;2-posible;Centro (ref. mercado);722;30710
Antofagasta;ANTOFAGASTA;867-29;MANZANA T SITIO 29 POBLACION AMPLIACION MIRAMAR 4 COMUNA ANTOFAGASTA;180;CONCESION GRATUITA;2-posible;Norte (gruesa);720;30625
Antofagasta;ANTOFAGASTA;1303-19;PASAJE SAUSALITO 686 MANZANA 46 SITIO 46 COMUNA ANTOFAGASTA;180;ARRENDAMIENTO;2-posible;Norte (gruesa);720;30625
Antofagasta;OLLAGUE;3419-11;SITIO 5 MANZANA C PUEBLO DE OLLAGUE COMUNA OLLAGUE;1418;CONCESION GRATUITA;2-posible;Norte (gruesa);709;30157
Antofagasta;SAN PEDRO DE ATACAMA;3451-35;MANZANA B SITIO 35 POBLACION PUNTA DE DIAMANTE COMUNA SAN PEDRO DE ATACAMA;234;ARRENDAMIENTO;2-posible;Norte (gruesa);702;29859
Antofagasta;OLLAGUE;4100-71;PLANTA DE ALCANTARILLADO DEL POBLADO DE OLLAGUE COMUNA OLLAGUE;1397;CONCESION GRATUITA;2-posible;Norte (gruesa);698;29689
Antofagasta;MEJILLONES;101-158;BALNEARIO HORNITOS SITIO 41 COMUNA MEJILLONES;343;ARRENDAMIENTO;2-posible;Norte (gruesa);686;29179
Metropolitana;PUDAHUEL;3752-7;EL SOL 754 COMUNA PUDAHUEL;85;CONCESION GRATUITA A CORTO PLAZO;1-disponible/recuperable;Centro (ref. mercado);680;28924
Metropolitana;SAN BERNARDO;1140-6;JUANITA AGUIRRE 9 Y JORGE VALDIVIESO COMUNA SAN BERNARDO;112;CONCESION GRATUITA A LARGO PLAZO;2-posible;Centro (ref. mercado);671;28541
Antofagasta;SAN PEDRO DE ATACAMA;3451-34;MANZANA B SITIO 34 COMUNA SAN PEDRO DE ATACAMA;223;ARRENDAMIENTO;2-posible;Norte (gruesa);669;28456
Antofagasta;OLLAGUE;3413-2;SITIO 1 MANZANA N PUEBLO DE OLLGUE COMUNA OLLAGUE;1313;CONCESION GRATUITA;2-posible;Norte (gruesa);656;27903
Antofagasta;SIERRA GORDA;6302-3;CALLE ACONCAGUA ENTRE AVENIDA SALVADOR ALLENDE Y CALLE JAIME GUZMAN PUEBLO BAQUEDANO COMUNA S;653;CONCESION GRATUITA;2-posible;Norte (gruesa);653;27775
Metropolitana;LA FLORIDA;1553-124;SANTA AMALIA 0161 DEPARTAMENTO 105 COMUNA LA FLORIDA;46;ARRENDAMIENTO;2-posible;Centro (ref. mercado);645;27435
Antofagasta;ANTOFAGASTA;513-1;HERMOGENES ALFARO 1138 COMUNA ANTOFAGASTA;160;CONCESION GRATUITA;2-posible;Norte (gruesa);640;27222
Valparaíso;VILLA ALEMANA;SIN ROL;BAQUEDANO SIN NUMERO INTERIOR PARTE LOTE A-22 COMUNA VILLA ALEMANA;71;CONCESION GRATUITA A CORTO PLAZO;1-disponible/recuperable;Centro (ref. mercado);635;27010
Antofagasta;TALTAL;43-5;LOTE A AVENIDA ARTURO PRAT ESQUINA CALLE ESMERALDA COMUNA TALTAL;422;CONCESION GRATUITA;2-posible;Norte (gruesa);633;26924
Antofagasta;SIERRA GORDA;6322-10;LOTE C LOCALIDAD DE BAQUEDANO COMUNA SIERRA GORDA;631;CONCESION GRATUITA;2-posible;Norte (gruesa);631;26839
Antofagasta;MEJILLONES;211-2;MANZANA 12 SITIO 2 BALNEARIO PUNTA ITATA COMUNA MEJILLONES;315;ARRENDAMIENTO;2-posible;Norte (gruesa);630;26797
Antofagasta;MEJILLONES;226-1;MANZANA 19 SITIO 1 COMUNA MEJILLONES;315;ARRENDAMIENTO;2-posible;Norte (gruesa);630;26797
Antofagasta;MEJILLONES;225-11;BALNEARIO PUNTA ITATA MANZANA 18 SITIO 11 COMUNA MEJILLONES;315;ARRENDAMIENTO;2-posible;Norte (gruesa);630;26797
Antofagasta;MEJILLONES;214-11;BALNEARIO PUNTA ITATA MANZANA 9 SITIO 11 COMUNA MEJILLONES;315;ARRENDAMIENTO;2-posible;Norte (gruesa);630;26797
Antofagasta;MEJILLONES;212-12;BALNEARIO PUNTA ITATA MANZANA 11 SITIO 12 COMUNA MEJILLONES;315;ARRENDAMIENTO;2-posible;Norte (gruesa);630;26797
Antofagasta;MEJILLONES;211-4;PUNTA ITATA SITIO 4 MANZANA 12 COMUNA MEJILLONES;315;ARRENDAMIENTO;2-posible;Norte (gruesa);630;26797
Antofagasta;MEJILLONES;226-10;SITIO 10 MANZANA 19 BALNEARIO PUNTA ITATA COMUNA MEJILLONES;315;ARRENDAMIENTO;2-posible;Norte (gruesa);630;26797
Antofagasta;MEJILLONES;210-25;BALNEARIO PUNTA ITATA MANZANA 13 SITIO 12 COMUNA MEJILLONES;315;ARRENDAMIENTO;2-posible;Norte (gruesa);630;26797
Antofagasta;MEJILLONES;212-3;BALNEARIO PUNTA ITATA MANZANA 11 SITIO 3 COMUNA MEJILLONES;315;ARRENDAMIENTO;2-posible;Norte (gruesa);630;26797
Antofagasta;MEJILLONES;226-11;PUNTA ITATA SITIO 11 MANZANA 19 COMUNA MEJILLONES;315;ARRENDAMIENTO;2-posible;Norte (gruesa);630;26797
Antofagasta;MEJILLONES;215-10;BALNEARIO PUNTA ITATA MANZANA 8 SITIO 10 COMUNA MEJILLONES;315;ARRENDAMIENTO;2-posible;Norte (gruesa);630;26797
Antofagasta;MEJILLONES;211-6;BALNEARIO PUNTA ITATA MANZANA 12 SITIO 6 COMUNA MEJILLONES;315;ARRENDAMIENTO;2-posible;Norte (gruesa);630;26797
Antofagasta;MEJILLONES;226-12;BALNEARIO PUNTA ITATA MANZANA 19 SITIO 12 COMUNA MEJILLONES;315;ARRENDAMIENTO;2-posible;Norte (gruesa);630;26797
Antofagasta;MEJILLONES;216-12;BALNEARIO PUNTA ITATA MANZANA 6 SITIO 12 COMUNA MEJILLONES;315;ARRENDAMIENTO;2-posible;Norte (gruesa);630;26797
Valparaíso;VALPARAISO;91-71;PLAZA DE LA JUSTICIA 45 PISO 7 DEPARTAMENTO 702 COMUNA VALPARAISO;42;CONCESION GRATUITA A CORTO PLAZO;1-disponible/recuperable;Centro (ref. mercado);627;26669
Antofagasta;OLLAGUE;3434-1;PUEBLO DE OLLAGUE SIN NUMERO COMUNA OLLAGUE;1243;CONCESION GRATUITA;2-posible;Norte (gruesa);622;26457
Metropolitana;RENCA;61-26;BATALLA DE SANGRA 1661 COMUNA RENCA;61;ARRENDAMIENTO;2-posible;Centro (ref. mercado);612;26031
Antofagasta;SIERRA GORDA;6036-1;LOCALIDAD DE SIERRA GORDA COMUNA SIERRA GORDA;604;CONCESION GRATUITA;2-posible;Norte (gruesa);604;25691
Antofagasta;ANTOFAGASTA;448-3;CALLE EDUARDO ORCHARD LOTE B POBLACION LA FAVORECEDORA COMUNA ANTOFAGASTA;150;CONCESION GRATUITA;2-posible;Norte (gruesa);600;25521
Antofagasta;TALTAL;507-24;APROX A 66 KMS AL NORESTE DE LA CIUDAD DE TALTAL COMUNA TALTAL;400;ARRENDAMIENTO;2-posible;Norte (gruesa);600;25521
Valparaíso;VINA DEL MAR;646-397;ARLEGUI 160 ESTACIONAMIENTO 34 COMUNA VINA DEL MAR;24;CONCESION GRATUITA A CORTO PLAZO;1-disponible/recuperable;Centro (ref. mercado);590;25095
Antofagasta;CALAMA;1138-11;CALLE LOS CHANARES 1285 SITIO 2 POBLACION LOS PIMIENTOS COMUNA CALAMA;194;CONCESION GRATUITA;2-posible;Norte (gruesa);582;24755
Metropolitana;SAN BERNARDO;4564-20;PLUTON 02191 COMUNA SAN BERNARDO;97;CONCESION GRATUITA A CORTO PLAZO;1-disponible/recuperable;Centro (ref. mercado);580;24670
Valparaíso;VALPARAISO;37-63;ROSS 149 PISO 6 DEPARTAMENTO 607 COMUNA VALPARAISO;39;CONCESION GRATUITA A CORTO PLAZO;1-disponible/recuperable;Centro (ref. mercado);578;24585
Antofagasta;MEJILLONES;10000-11;LOCALIDAD DE MICHILLA SIN NUMERO COMUNA MEJILLONES;288;CONCESION GRATUITA;2-posible;Norte (gruesa);576;24500
Valparaíso;VINA DEL MAR;646-398;ARLEGUI 160 ESTACIONAMIENTO 35 COMUNA VINA DEL MAR;23;CONCESION GRATUITA A CORTO PLAZO;1-disponible/recuperable;Centro (ref. mercado);563;23947
Antofagasta;MARIA ELENA;336-4;CALLE COMERCIO PUEBLO DE QUILLAGUA SITIO 143 COMUNA MARIA ELENA;548;CONCESION GRATUITA;2-posible;Norte (gruesa);548;23309
Antofagasta;SIERRA GORDA;6019-15;LOCALIDAD DE SIERRA GORDA COMUNA SIERRA GORDA;548;CONCESION GRATUITA;2-posible;Norte (gruesa);548;23309
Tarapacá;POZO ALMONTE;ROL PREASIGNADO;CALLE PROYECTADA SIN NUMERO POZO ALMONTE;270;EN USO RECUPERABLE (texto);2-posible;Norte (gruesa);540;22969
Antofagasta;ANTOFAGASTA;1527-31;POBLACION BARRIO NORTE MANZANA I SITIO 7-E COMUNA ANTOFAGASTA;134;CONCESION GRATUITA;2-posible;Norte (gruesa);536;22799
Metropolitana;SAN BERNARDO;3140-2;OHIGGINS 948 DEPARTAMENTO 102 COMUNA SAN BERNARDO;86;CONCESION GRATUITA A LARGO PLAZO;2-posible;Centro (ref. mercado);515;21905
Metropolitana;LO PRADO;1047-16;PERU COMUNA LO PRADO;51;CONCESION GRATUITA A LARGO PLAZO;2-posible;Centro (ref. mercado);513;21820
Metropolitana;SAN BERNARDO;3140-6;OHIGGINS 948 DEPARTAMENTO 302 COMUNA SAN BERNARDO;85;CONCESION GRATUITA A CORTO PLAZO;1-disponible/recuperable;Centro (ref. mercado);510;21693
Antofagasta;ANTOFAGASTA;911-8;MIRAFLORES SITIO 178 POBLACION MIRAMAR COMUNA ANTOFAGASTA;126;CONCESION GRATUITA;2-posible;Norte (gruesa);504;21438
Antofagasta;MEJILLONES;1000-3;SITIO 3 MANZANA A BALNEARIO ALTOS HORNITOS COMUNA MEJILLONES;239;ARRENDAMIENTO;2-posible;Norte (gruesa);478;20332
Metropolitana;SAN BERNARDO;3140-1;OHIGGINS 948 DEPARTAMENTO 101 COMUNA SAN BERNARDO;79;CONCESION GRATUITA A LARGO PLAZO;2-posible;Centro (ref. mercado);474;20161
Antofagasta;SIERRA GORDA;6330-2;A 13 METROS DE CALLE JAIME GUZMAN LOCALIDAD DE BAQUEDANO COMUNA SIERRA GORDA;467;CONCESION GRATUITA;2-posible;Norte (gruesa);467;19864
Antofagasta;SIERRA GORDA;6309-4;SITIO 4 MANZANA 8 BAQUEDANO COMUNA SIERRA GORDA;466;CONCESION GRATUITA;2-posible;Norte (gruesa);466;19821
Metropolitana;SAN BERNARDO;3140-3;OHIGGINS 948 DEPARTAMENTO 201 COMUNA SAN BERNARDO;75;CONCESION GRATUITA A LARGO PLAZO;2-posible;Centro (ref. mercado);450;19141
Antofagasta;TOCOPILLA;804-2;AL ESTE DE LA POBLACION LAS TRES MARIAS COMUNA TOCOPILLA;225;ARRENDAMIENTO, CONCESION A TITULO ONEROSO;2-posible;Norte (gruesa);450;19141
Antofagasta;OLLAGUE;3429-3;MANZANA P SITIO 2 COMUNA OLLAGUE;886;CONCESION GRATUITA;2-posible;Norte (gruesa);443;18843
Antofagasta;OLLAGUE;3429-2;MANZANA P SITIO 1 PUEBLO OLLAGUE COMUNA OLLAGUE;885;CONCESION GRATUITA;2-posible;Norte (gruesa);442;18800
Antofagasta;MEJILLONES;1000-10;SITIO 10 MANZANA A ALTO BALNEARIO HORNITOS COMUNA MEJILLONES;213;ARRENDAMIENTO;2-posible;Norte (gruesa);426;18120
Antofagasta;ANTOFAGASTA;693-199;JOSE SANTOS OSSA 1941 A 1945 LOTE 2 COMUNA ANTOFAGASTA;106;CONCESION GRATUITA;2-posible;Norte (gruesa);424;18035
Antofagasta;SIERRA GORDA;6040-1;CALLE BOLIVAR COMUNA SIERRA GORDA;420;CONCESION GRATUITA;2-posible;Norte (gruesa);420;17865
Antofagasta;SAN PEDRO DE ATACAMA;3545-402;COSTADO SUR ESCUELA G-25 COMUNA SAN PEDRO DE ATACAMA;140;CONCESION GRATUITA;2-posible;Norte (gruesa);420;17865
Antofagasta;MEJILLONES;1000-17;SITIO 17 MANZANA B BALNEARIO HORNITOS COMUNA MEJILLONES;206;ARRENDAMIENTO;2-posible;Norte (gruesa);412;17524
Antofagasta;SIERRA GORDA;6309-1;SITIO 1 MANZANA 8 BAQUEDANO COMUNA SIERRA GORDA;412;CONCESION GRATUITA;2-posible;Norte (gruesa);412;17524
Metropolitana;PUDAHUEL;3829-12;EL COBRE 8686 DEPARTAMENTO 34 COMUNA PUDAHUEL;51;ARRENDAMIENTO;2-posible;Centro (ref. mercado);410;17439
Antofagasta;ANTOFAGASTA;1401-34;PARTE DEL LOTE 75 SALVADOR ALLENDE 752 COMUNA ANTOFAGASTA;102;ARRENDAMIENTO;2-posible;Norte (gruesa);408;17354
Antofagasta;MEJILLONES;1000-16;SITIO 16 MANZANA B ALTO BALNEARIO HORNITOS COMUNA MEJILLONES;204;ARRENDAMIENTO;2-posible;Norte (gruesa);408;17354
Antofagasta;ANTOFAGASTA;1712-23;SITIO 2 VILLA LAS AMERICAS COMUNA ANTOFAGASTA;101;CONCESION GRATUITA;2-posible;Norte (gruesa);404;17184
Tarapacá;HUARA;2421-1;CALLE ESTACION SIN NUMERO COMUNA HUARA;401;EN USO RECUPERABLE (texto);2-posible;Norte (gruesa);401;17056
Antofagasta;ANTOFAGASTA;4518-4;CIUDAD DE ANTOFAGASTA JARDINES DEL SUR SIN NUMERO COMUNA ANTOFAGASTA;100;ARRENDAMIENTO;2-posible;Norte (gruesa);400;17014
Antofagasta;MEJILLONES;1000-6;BALNEARIO ALTOS HORNITOS SITIO 6 MANZANA A COMUNA MEJILLONES;195;ARRENDAMIENTO;2-posible;Norte (gruesa);390;16589
Valparaíso;SAN ANTONIO;8327-15;LOS CLAVELES 554 BLOCK 2 DEPARTAMENTO 43 COMUNA SAN ANTONIO;48;ARRENDAMIENTO;2-posible;Centro (ref. mercado);386;16418
Metropolitana;LA PINTANA;7486-11;GABRIELA 1174 DEPARTAMENTO 33 COMUNA LA PINTANA;55;ARRENDAMIENTO;2-posible;Centro (ref. mercado);385;16376
Antofagasta;MEJILLONES;1000-18;BALNEARIO HORNITOS SITIO 18 MANZANA B COMUNA MEJILLONES;192;ARRENDAMIENTO;2-posible;Norte (gruesa);384;16333
Antofagasta;ANTOFAGASTA;3074-7;ARGENTINA 01896 DEPARTAMENTO 31 BLOCK H COVIEFI COMUNA ANTOFAGASTA;95;CONCESION GRATUITA;2-posible;Norte (gruesa);380;16163
Valparaíso;VINA DEL MAR;646-396;ARLEGUI 160 ESTACIONAMIENTO 33 COMUNA VINA DEL MAR;15;CONCESION GRATUITA A CORTO PLAZO;1-disponible/recuperable;Centro (ref. mercado);378;16078
Antofagasta;OLLAGUE;3411-10;SITIO 7 MANZANA L PUEBLO OLLAGUE COMUNA OLLAGUE;755;CONCESION GRATUITA;2-posible;Norte (gruesa);378;16078
Antofagasta;SIERRA GORDA;6301-4;AVENIDA SALVADOR ALLENDE LOCALIDAD BAQUEDANO COMUNA SIERRA GORDA;376;CONCESION GRATUITA;2-posible;Norte (gruesa);376;15993
Valparaíso;VALPARAISO;6001-23;WASHINGTON 36 PISO 1 LOTE 7 COMUNA VALPARAISO;24;ARRENDAMIENTO;2-posible;Centro (ref. mercado);361;15355
Antofagasta;ANTOFAGASTA;1401-33;PARTE DEL LOTE 74 SALVADOR ALLENDE 754 COMUNA ANTOFAGASTA;90;ARRENDAMIENTO;2-posible;Norte (gruesa);360;15313
Antofagasta;MEJILLONES;24-6;MANZANA 13 SITIO 11 COMUNA MEJILLONES;180;ARRENDAMIENTO;2-posible;Norte (gruesa);360;15313
Antofagasta;CALAMA;3301-715;LOCALIDAD DE CHIU-CHIU COMUNA CALAMA;118;CONCESION GRATUITA;2-posible;Norte (gruesa);354;15057
Biobío;CONCEPCION;177-187;ANIBAL PINTO 450 LOTE 90 COMUNA CONCEPCION;17;ARRENDAMIENTO;2-posible;Centro (ref. mercado);313;13313
Antofagasta;MEJILLONES;6400-4;LOCALIDAD DE MICHILLA SIN NUMERO COMUNA MEJILLONES;156;CONCESION GRATUITA;2-posible;Norte (gruesa);312;13271
Antofagasta;SIERRA GORDA;6026-2;LOTE A LOCALIDAD DE SIERRA GORDA COMUNA SIERRA GORDA;312;CONCESION GRATUITA;2-posible;Norte (gruesa);312;13271
Antofagasta;MEJILLONES;101-196;BALNEARIO HORNITOS SITIO 3 COMUNA MEJILLONES;152;ARRENDAMIENTO;2-posible;Norte (gruesa);304;12931
Antofagasta;MARIA ELENA;369-4;LOCALIDAD DE QUILLAGUA COMUNA MARIA ELENA;300;ARRENDAMIENTO;2-posible;Norte (gruesa);300;12760
Tarapacá;HUARA;SIN ROL;PASAJE PUBLICO SIN NUMERO COMUNA HUARA;299;EN USO RECUPERABLE (texto);2-posible;Norte (gruesa);299;12718
Antofagasta;SIERRA GORDA;6322-4;SITIO 3 CENTRO COMERCIAL BAQUEDANO COMUNA SIERRA GORDA;297;ARRENDAMIENTO;2-posible;Norte (gruesa);297;12633
Antofagasta;ANTOFAGASTA;1303-31;CIUDAD DE ANTOFAGASTA COMUNA ANTOFAGASTA;74;ARRENDAMIENTO;2-posible;Norte (gruesa);296;12590
Biobío;CONCEPCION;177-286;ANIBAL PINTO 450 LOTE 89 COMUNA CONCEPCION;16;ARRENDAMIENTO;2-posible;Centro (ref. mercado);292;12420
Antofagasta;SIERRA GORDA;6322-5;SITIO 4 CENTRO COMERCIAL BAQUEDANO COMUNA SIERRA GORDA;286;ARRENDAMIENTO;2-posible;Norte (gruesa);286;12165
Antofagasta;ANTOFAGASTA;5048-9;IQUIQUE 7349 SITIO 9 COSTA AZUL COMUNA ANTOFAGASTA;68;CONCESION GRATUITA;2-posible;Norte (gruesa);272;11569
Tarapacá;POZO ALMONTE;PREASIGNADO;PASAJE PEATONAL SIN NUMERO COMUNA POZO ALMONTE;136;EN USO RECUPERABLE (texto);2-posible;Norte (gruesa);272;11569
Antofagasta;SIERRA GORDA;6041-1;LOCALIDAD DE SIERRA GORDA COMUNA SIERRA GORDA;270;CONCESION GRATUITA;2-posible;Norte (gruesa);270;11484
Antofagasta;ANTOFAGASTA;1401-32;PARTE DEL LOTE 73 SALVADOR ALLENDE 780 COMUNA ANTOFAGASTA;67;ARRENDAMIENTO;2-posible;Norte (gruesa);268;11399
Antofagasta;ANTOFAGASTA;1401-31;PARTE DEL LOTE 71 SALVADOR ALLENDE SIN NUMERO COMUNA ANTOFAGASTA;67;ARRENDAMIENTO;2-posible;Norte (gruesa);268;11399
Antofagasta;ANTOFAGASTA;5048-8;AVENIDA IQUIQUE 7345 SITIO 10 COMUNA ANTOFAGASTA;65;CONCESION GRATUITA;2-posible;Norte (gruesa);260;11059
Antofagasta;ANTOFAGASTA;5048-11;AVENIDA IQUIQUE 7357 SITIO 7 CONJUNTO HABITACIONAL COSTA AZUL II COMUNA ANTOFAGASTA;65;CONCESION GRATUITA;2-posible;Norte (gruesa);260;11059
Antofagasta;SIERRA GORDA;6322-7;SITIO 6 CENTRO COMERCIAL BAQUEDANO COMUNA SIERRA GORDA;246;ARRENDAMIENTO;2-posible;Norte (gruesa);246;10464
Antofagasta;OLLAGUE;3423-2;PUEBLO DE OLLAGUE SITIO 1 MANZANA E COMUNA OLLAGUE;485;CONCESION GRATUITA;2-posible;Norte (gruesa);242;10293
Antofagasta;ANTOFAGASTA;1177-22;BELLAVISTA 3656 DEPARTAMENTO F PISO 3 COMUNA ANTOFAGASTA;60;CONCESION GRATUITA;2-posible;Norte (gruesa);240;10208
Antofagasta;ANTOFAGASTA;1177-11;BELLAVISTA 3636 DEPARTAMENTO C PISO 2 COMUNA ANTOFAGASTA;60;CONCESION GRATUITA;2-posible;Norte (gruesa);240;10208
Antofagasta;OLLAGUE;3411-21;MANZANA D PLAN REGULADOR COMUNAL OLLAGUE COMUNA OLLAGUE;476;CONCESION GRATUITA;2-posible;Norte (gruesa);238;10123
Antofagasta;ANTOFAGASTA;1303-34;CIUDAD DE ANTOFAGASTA COMUNA ANTOFAGASTA;57;CONCESION GRATUITA;2-posible;Norte (gruesa);228;9698
Antofagasta;ANTOFAGASTA;1303-20;CIUDAD DE ANTOFAGASTA COMUNA ANTOFAGASTA;57;CONCESION GRATUITA;2-posible;Norte (gruesa);228;9698
Tarapacá;HUARA;PREASIGNADO;ALTOS DE TARAPACA COMUNA HUARA;225;EN USO RECUPERABLE (texto);2-posible;Norte (gruesa);225;9570
Antofagasta;SIERRA GORDA;6322-3;SITIO 2 CENTRO COMERCIAL BAQUEDANO COMUNA SIERRA GORDA;224;ARRENDAMIENTO;2-posible;Norte (gruesa);224;9528
Biobío;CONCEPCION;177-255;COLO COLO 451-B LOTE 103 COMUNA CONCEPCION;12;CONCESION GRATUITA A CORTO PLAZO;1-disponible/recuperable;Centro (ref. mercado);215;9145
Antofagasta;MARIA ELENA;307-3;PUEBLO DE QUILLAGUA SIN NUMERO COMUNA MARIA ELENA;212;ARRENDAMIENTO;2-posible;Norte (gruesa);212;9017
Antofagasta;SIERRA GORDA;70000-29;AL SUROESTE DE LA LOCALIDAD DE SIERRA GORDA COMUNA SIERRA GORDA;200;ARRENDAMIENTO;2-posible;Norte (gruesa);200;8507
Tarapacá;POZO ALMONTE;PREASIGNADO;HUATACONDO COMUNA POZO ALMONTE;100;EN USO RECUPERABLE (texto);2-posible;Norte (gruesa);200;8507
Antofagasta;OLLAGUE;3419-2;SITIO 1 MANZANA C COMUNA OLLAGUE;390;CONCESION GRATUITA;2-posible;Norte (gruesa);195;8294
Antofagasta;OLLAGUE;3421-14;PUEBLO DE OLLAGUE SITIO 10 MANZANA G COMUNA OLLAGUE;359;ARRENDAMIENTO;2-posible;Norte (gruesa);180;7656
Biobío;CONCEPCION;177-17;ANIBAL PINTO 450 LOTE 93 COMUNA CONCEPCION;9;ARRENDAMIENTO;2-posible;Centro (ref. mercado);171;7273
Biobío;CONCEPCION;177-16;ANIBAL PINTO 450 LOTE 92 COMUNA CONCEPCION;9;ARRENDAMIENTO;2-posible;Centro (ref. mercado);167;7103
Biobío;CONCEPCION;177-23;ANIBAL PINTO 450 LOTE 101 COMUNA CONCEPCION;9;ARRENDAMIENTO;2-posible;Centro (ref. mercado);166;7061
Biobío;CONCEPCION;177-21;ANIBAL PINTO 450 LOTE 99 COMUNA CONCEPCION;9;ARRENDAMIENTO;2-posible;Centro (ref. mercado);161;6848
Biobío;CONCEPCION;177-18;ANIBAL PINTO 450 LOTE 94 COMUNA CONCEPCION;9;ARRENDAMIENTO;2-posible;Centro (ref. mercado);155;6593
Valparaíso;SAN ANTONIO;40-21;JOSE MANUEL BALMACEDA FERNANDEZ SIN NUMERO LOCAL 6 COMUNA SAN ANTONIO;18;ARRENDAMIENTO;2-posible;Centro (ref. mercado);145;6168
Biobío;CONCEPCION;177-22;ANIBAL PINTO 450 LOTE 100 COMUNA CONCEPCION;8;ARRENDAMIENTO;2-posible;Centro (ref. mercado);144;6125
Antofagasta;OLLAGUE;3416-5;PUEBLO DE OLLAGUE SITIO 5 MANZANA J COMUNA OLLAGUE;280;CONCESION GRATUITA;2-posible;Norte (gruesa);140;5955
Antofagasta;OLLAGUE;3416-6;PUEBLO DE OLLAGUE SITIO 6 MANZANA J COMUNA OLLAGUE;280;CONCESION GRATUITA;2-posible;Norte (gruesa);140;5955
Antofagasta;OLLAGUE;3416-7;PUEBLO DE OLLAGUE SITIO 7 MANZANA J COMUNA OLLAGUE;280;CONCESION GRATUITA;2-posible;Norte (gruesa);140;5955
Antofagasta;SIERRA GORDA;6420-1;AVENIDA SALVADOR ALLENDE 452 COMUNA SIERRA GORDA;117;CONCESION GRATUITA;2-posible;Norte (gruesa);117;4977
Antofagasta;OLLAGUE;3419-3;SITIO 2 MANZANA C COMUNA OLLAGUE;225;CONCESION GRATUITA;2-posible;Norte (gruesa);112;4764
Tarapacá;HUARA;SIN ROL;PASAJE PUBLICO SIN NUMERO AL OESTE DE PLAZA COMUNA HUARA;110;EN USO RECUPERABLE (texto);2-posible;Norte (gruesa);110;4679
Antofagasta;MARIA ELENA;6800-27;SECTOR CRUCERO COMUNA MARIA ELENA;100;ARRENDAMIENTO;2-posible;Norte (gruesa);100;4253
Antofagasta;SIERRA GORDA;6340-3;LOCALIDAD DE BAQUEDANO COMUNA SIERRA GORDA;100;ARRENDAMIENTO;2-posible;Norte (gruesa);100;4253
Antofagasta;OLLAGUE;3416-3;PUEBLO DE OLLAGUE SITIO 2 MANZANA J COMUNA OLLAGUE;200;CONCESION GRATUITA;2-posible;Norte (gruesa);100;4253
Biobío;CONCEPCION;177-209;ANIBAL PINTO 450 LOTE 87 COMUNA CONCEPCION;5;ARRENDAMIENTO;2-posible;Centro (ref. mercado);97;4126
Biobío;CONCEPCION;177-210;ANIBAL PINTO 450 LOTE 88 COMUNA CONCEPCION;5;ARRENDAMIENTO;2-posible;Centro (ref. mercado);97;4126
Biobío;CONCEPCION;177-20;ANIBAL PINTO 450 LOTE 97 COMUNA CONCEPCION;5;ARRENDAMIENTO;2-posible;Centro (ref. mercado);95;4041
Antofagasta;OLLAGUE;3416-4;PUEBLO DE OLLAGUE SITIO 3 MANZANA J COMUNA OLLAGUE;180;CONCESION GRATUITA;2-posible;Norte (gruesa);90;3828
Biobío;CONCEPCION;177-15;ANIBAL PINTO 450 LOTE 91 COMUNA CONCEPCION;5;ARRENDAMIENTO;2-posible;Centro (ref. mercado);86;3658
Antofagasta;OLLAGUE;3427-5;PUEBLO DE OLLAGUE COMUNA OLLAGUE;169;CONCESION GRATUITA;2-posible;Norte (gruesa);84;3573
Biobío;CONCEPCION;177-311;ANIBAL PINTO 450 LOTE 96 COMUNA CONCEPCION;4;ARRENDAMIENTO;2-posible;Centro (ref. mercado);78;3318
Biobío;CONCEPCION;177-19;ANIBAL PINTO 450 LOTE 95 COMUNA CONCEPCION;4;ARRENDAMIENTO;2-posible;Centro (ref. mercado);78;3318
Biobío;CONCEPCION;177-270;ANIBAL PINTO 450 LOTE 15 COMUNA CONCEPCION;4;ARRENDAMIENTO;2-posible;Centro (ref. mercado);75;3190
Antofagasta;SIERRA GORDA;6340-2;LOCALIDAD DE BAQUEDANO COMUNA SIERRA GORDA;70;ARRENDAMIENTO;2-posible;Norte (gruesa);70;2977
Biobío;CONCEPCION;177-280;ANIBAL PINTO 450 LOTE 40 COMUNA CONCEPCION;4;ARRENDAMIENTO;2-posible;Centro (ref. mercado);65;2765
Biobío;CONCEPCION;177-229;ANIBAL PINTO 450 LOTE 48 COMUNA CONCEPCION;4;ARRENDAMIENTO;2-posible;Centro (ref. mercado);65;2765
Biobío;CONCEPCION;177-292;ANIBAL PINTO 450 LOTE 66 COMUNA CONCEPCION;4;ARRENDAMIENTO;2-posible;Centro (ref. mercado);65;2765
Biobío;CONCEPCION;177-258;ANIBAL PINTO 450 LOTE 3 COMUNA CONCEPCION;4;ARRENDAMIENTO;2-posible;Centro (ref. mercado);65;2765
Biobío;CONCEPCION;177-269;ANIBAL PINTO 450 LOTE 14 COMUNA CONCEPCION;4;ARRENDAMIENTO;2-posible;Centro (ref. mercado);65;2765
Biobío;CONCEPCION;177-222;ANIBAL PINTO 450 LOTE 26 COMUNA CONCEPCION;4;ARRENDAMIENTO;2-posible;Centro (ref. mercado);65;2765
Biobío;CONCEPCION;177-272;ANIBAL PINTO 450 LOTE 32 COMUNA CONCEPCION;4;ARRENDAMIENTO;2-posible;Centro (ref. mercado);65;2765
Biobío;CONCEPCION;177-289;ANIBAL PINTO 450 LOTE 63 COMUNA CONCEPCION;4;ARRENDAMIENTO;2-posible;Centro (ref. mercado);65;2765
Biobío;CONCEPCION;177-254;ANIBAL PINTO 450 LOTE 86 COMUNA CONCEPCION;4;ARRENDAMIENTO;2-posible;Centro (ref. mercado);65;2765
Biobío;CONCEPCION;177-260;ANIBAL PINTO 450 LOTE 5 COMUNA CONCEPCION;4;ARRENDAMIENTO;2-posible;Centro (ref. mercado);65;2765
Biobío;CONCEPCION;177-240;ANIBAL PINTO 450 LOTE 59 COMUNA CONCEPCION;4;ARRENDAMIENTO;2-posible;Centro (ref. mercado);65;2765
Biobío;CONCEPCION;177-246;ANIBAL PINTO 450 LOTE 78 COMUNA CONCEPCION;4;ARRENDAMIENTO;2-posible;Centro (ref. mercado);65;2765
Biobío;CONCEPCION;177-252;ANIBAL PINTO 450 LOTE 84 COMUNA CONCEPCION;4;ARRENDAMIENTO;2-posible;Centro (ref. mercado);65;2765
Biobío;CONCEPCION;177-247;ANIBAL PINTO 450 LOTE 79 COMUNA CONCEPCION;4;ARRENDAMIENTO;2-posible;Centro (ref. mercado);65;2765
Biobío;CONCEPCION;177-243;ANIBAL PINTO 450 LOTE 75 COMUNA CONCEPCION;4;ARRENDAMIENTO;2-posible;Centro (ref. mercado);65;2765
Biobío;CONCEPCION;177-308;ANIBAL PINTO 450 LOTE 25 COMUNA CONCEPCION;4;ARRENDAMIENTO;2-posible;Centro (ref. mercado);65;2765
Biobío;CONCEPCION;177-271;ANIBAL PINTO 450 LOTE 31 COMUNA CONCEPCION;4;ARRENDAMIENTO;2-posible;Centro (ref. mercado);65;2765
Biobío;CONCEPCION;177-262;ANIBAL PINTO 450 LOCAL 7 COMUNA CONCEPCION;4;ARRENDAMIENTO;2-posible;Centro (ref. mercado);65;2765
Biobío;CONCEPCION;177-276;ANIBAL PINTO 450 LOTE 36 COMUNA CONCEPCION;4;ARRENDAMIENTO;2-posible;Centro (ref. mercado);65;2765
Biobío;CONCEPCION;177-295;ANIBAL PINTO 450 LOTE 69 COMUNA CONCEPCION;4;ARRENDAMIENTO;2-posible;Centro (ref. mercado);65;2765
Biobío;CONCEPCION;177-293;ANIBAL PINTO 450 LOTE 67 COMUNA CONCEPCION;4;ARRENDAMIENTO;2-posible;Centro (ref. mercado);65;2765
Biobío;CONCEPCION;177-282;ANIBAL PINTO 450 LOTE 42 COMUNA CONCEPCION;4;ARRENDAMIENTO;2-posible;Centro (ref. mercado);65;2765
Biobío;CONCEPCION;177-300;ANIBAL PINTO 450 LOTE 17 COMUNA CONCEPCION;4;ARRENDAMIENTO;2-posible;Centro (ref. mercado);65;2765
Biobío;CONCEPCION;177-310;ANIBAL PINTO 450 LOTE 4 COMUNA CONCEPCION;4;ARRENDAMIENTO;2-posible;Centro (ref. mercado);65;2765
Biobío;CONCEPCION;177-275;ANIBAL PINTO 450 LOTE 35 COMUNA CONCEPCION;4;ARRENDAMIENTO;2-posible;Centro (ref. mercado);65;2765
Biobío;CONCEPCION;177-265;ANIBAL PINTO 450 LOTE 10 COMUNA CONCEPCION;4;ARRENDAMIENTO;2-posible;Centro (ref. mercado);65;2765
Biobío;CONCEPCION;177-268;ANIBAL PINTO 450 LOTE 13 COMUNA CONCEPCION;4;ARRENDAMIENTO;2-posible;Centro (ref. mercado);65;2765
Biobío;CONCEPCION;177-306;ANIBAL PINTO 450 LOTE 23 COMUNA CONCEPCION;4;ARRENDAMIENTO;2-posible;Centro (ref. mercado);65;2765
Biobío;CONCEPCION;177-301;ANIBAL PINTO 450 LOTE 18 COMUNA CONCEPCION;4;ARRENDAMIENTO;2-posible;Centro (ref. mercado);65;2765
Biobío;CONCEPCION;177-294;ANIBAL PINTO 450 LOTE 68 COMUNA CONCEPCION;4;ARRENDAMIENTO;2-posible;Centro (ref. mercado);65;2765
Biobío;CONCEPCION;177-263;ANIBAL PINTO 450 LOTE 8 COMUNA CONCEPCION;4;ARRENDAMIENTO;2-posible;Centro (ref. mercado);65;2765
Biobío;CONCEPCION;177-264;ANIBAL PINTO 450 LOTE 9 COMUNA CONCEPCION;4;ARRENDAMIENTO;2-posible;Centro (ref. mercado);65;2765
Biobío;CONCEPCION;177-242;ANIBAL PINTO 450 LOTE 74 COMUNA CONCEPCION;4;ARRENDAMIENTO;2-posible;Centro (ref. mercado);65;2765
Biobío;CONCEPCION;177-274;ANIBAL PINTO 450 LOTE 34 COMUNA CONCEPCION;4;ARRENDAMIENTO;2-posible;Centro (ref. mercado);65;2765
Biobío;CONCEPCION;177-303;ANIBAL PINTO 450 LOTE 20 COMUNA CONCEPCION;4;ARRENDAMIENTO;2-posible;Centro (ref. mercado);65;2765
Biobío;CONCEPCION;177-266;ANIBAL PINTO 450 LOTE 11 COMUNA CONCEPCION;4;ARRENDAMIENTO;2-posible;Centro (ref. mercado);65;2765
Biobío;CONCEPCION;177-223;ANIBAL PINTO 450 LOTE 27 COMUNA CONCEPCION;4;ARRENDAMIENTO;2-posible;Centro (ref. mercado);65;2765
Biobío;CONCEPCION;177-279;ANIBAL PINTO 450 LOTE 39 COMUNA CONCEPCION;4;ARRENDAMIENTO;2-posible;Centro (ref. mercado);65;2765
Biobío;CONCEPCION;177-310;ANIBAL PINTO 450 LOTE 16 COMUNA CONCEPCION;4;ARRENDAMIENTO;2-posible;Centro (ref. mercado);65;2765
Biobío;CONCEPCION;177-278;ANIBAL PINTO 450 LOTE 38 COMUNA CONCEPCION;4;ARRENDAMIENTO;2-posible;Centro (ref. mercado);65;2765
Biobío;CONCEPCION;177-256;ANIBAL PINTO 450 LOTE 1 COMUNA CONCEPCION;4;ARRENDAMIENTO;2-posible;Centro (ref. mercado);65;2765
Biobío;CONCEPCION;177-257;ANIBAL PINTO 450 LOTE 2 COMUNA CONCEPCION;4;ARRENDAMIENTO;2-posible;Centro (ref. mercado);65;2765
Biobío;CONCEPCION;177-225;ANIBAL PINTO 450 LOTE 29 COMUNA CONCEPCION;4;ARRENDAMIENTO;2-posible;Centro (ref. mercado);65;2765
Biobío;CONCEPCION;177-281;ANIBAL PINTO 450 LOTE 41 COMUNA CONCEPCION;4;ARRENDAMIENTO;2-posible;Centro (ref. mercado);65;2765
Biobío;CONCEPCION;177-241;ANIBAL PINTO 450 LOTE 60 COMUNA CONCEPCION;4;ARRENDAMIENTO;2-posible;Centro (ref. mercado);65;2765
Biobío;CONCEPCION;177-228;ANIBAL PINTO 450 LOTE 47 COMUNA CONCEPCION;4;ARRENDAMIENTO;2-posible;Centro (ref. mercado);65;2765
Biobío;CONCEPCION;177-291;ANIBAL PINTO 450 LOTE 65 COMUNA CONCEPCION;4;ARRENDAMIENTO;2-posible;Centro (ref. mercado);65;2765
Biobío;CONCEPCION;177-249;ANIBAL PINTO 450 LOTE 81 COMUNA CONCEPCION;4;ARRENDAMIENTO;2-posible;Centro (ref. mercado);65;2765
Biobío;CONCEPCION;177-251;ANIBAL PINTO 450 LOTE 83 COMUNA CONCEPCION;4;ARRENDAMIENTO;2-posible;Centro (ref. mercado);65;2765
Biobío;CONCEPCION;177-236;ANIBAL PINTO 450 LOTE 55 COMUNA CONCEPCION;4;ARRENDAMIENTO;2-posible;Centro (ref. mercado);65;2765
Biobío;CONCEPCION;177-237;ANIBAL PINTO 450 LOTE 56 COMUNA CONCEPCION;4;ARRENDAMIENTO;2-posible;Centro (ref. mercado);65;2765
Biobío;CONCEPCION;177-287;ANIBAL PINTO 450 LOTE 61 COMUNA CONCEPCION;4;ARRENDAMIENTO;2-posible;Centro (ref. mercado);65;2765
Biobío;CONCEPCION;177-267;ANIBAL PINTO 450 LOTE 12 COMUNA CONCEPCION;4;ARRENDAMIENTO;2-posible;Centro (ref. mercado);65;2765
Biobío;CONCEPCION;177-305;ANIBAL PINTO 450 LOTE 22 COMUNA CONCEPCION;4;ARRENDAMIENTO;2-posible;Centro (ref. mercado);65;2765
Biobío;CONCEPCION;177-230;ANIBAL PINTO 450 LOTE 49 COMUNA CONCEPCION;4;ARRENDAMIENTO;2-posible;Centro (ref. mercado);65;2765
Biobío;CONCEPCION;177-227;ANIBAL PINTO 450 LOTE 46 COMUNA CONCEPCION;4;ARRENDAMIENTO;2-posible;Centro (ref. mercado);65;2765
Biobío;CONCEPCION;177-238;ANIBAL PINTO 450 LOTE 57 COMUNA CONCEPCION;4;ARRENDAMIENTO;2-posible;Centro (ref. mercado);65;2765
Biobío;CONCEPCION;177-239;ANIBAL PINTO 450 LOTE 58 COMUNA CONCEPCION;4;ARRENDAMIENTO;2-posible;Centro (ref. mercado);65;2765
Biobío;CONCEPCION;177-298;ANIBAL PINTO 450 LOTE 72 COMUNA CONCEPCION;4;ARRENDAMIENTO;2-posible;Centro (ref. mercado);65;2765
Biobío;CONCEPCION;177-224;ANIBAL PINTO 450 LOTE 28 COMUNA CONCEPCION;4;ARRENDAMIENTO;2-posible;Centro (ref. mercado);65;2765
Biobío;CONCEPCION;177-307;ANIBAL PINTO 450 LOTE 24 COMUNA CONCEPCION;4;ARRENDAMIENTO;2-posible;Centro (ref. mercado);65;2765
Biobío;CONCEPCION;177-283;ANIBAL PINTO 450 LOTE 43 COMUNA CONCEPCION;4;ARRENDAMIENTO;2-posible;Centro (ref. mercado);65;2765
Biobío;CONCEPCION;177-226;ANIBAL PINTO 450 LOTE 30 COMUNA CONCEPCION;4;ARRENDAMIENTO;2-posible;Centro (ref. mercado);65;2765
Biobío;CONCEPCION;177-233;ANIBAL PINTO 450 LOTE 52 COMUNA CONCEPCION;4;ARRENDAMIENTO;2-posible;Centro (ref. mercado);65;2765
Biobío;CONCEPCION;177-288;ANIBAL PINTO 450 LOTE 62 COMUNA CONCEPCION;4;ARRENDAMIENTO;2-posible;Centro (ref. mercado);65;2765
Biobío;CONCEPCION;177-290;ANIBAL PINTO 450 LOTE 64 COMUNA CONCEPCION;4;ARRENDAMIENTO;2-posible;Centro (ref. mercado);65;2765
Biobío;CONCEPCION;177-299;ANIBAL PINTO 450 LOTE 73 COMUNA CONCEPCION;4;ARRENDAMIENTO;2-posible;Centro (ref. mercado);65;2765
Biobío;CONCEPCION;177-248;ANIBAL PINTO 450 LOTE 80 COMUNA CONCEPCION;4;ARRENDAMIENTO;2-posible;Centro (ref. mercado);65;2765
Biobío;CONCEPCION;177-250;ANIBAL PINTO 450 LOTE 82 COMUNA CONCEPCION;4;ARRENDAMIENTO;2-posible;Centro (ref. mercado);65;2765
Metropolitana;LA FLORIDA;NO TIENE;SANTA JULIA PONIENTE COMUNA LA FLORIDA;5;CONCESION GRATUITA A CORTO PLAZO;1-disponible/recuperable;Centro (ref. mercado);64;2722
Antofagasta;SIERRA GORDA;6301-5;ACCESO SUR DE LA LOCALIDAD DE BAQUEDANO SALVADOR ALLENDE SIN NUMERO COMUNA SIERRA GORDA;51;ARRENDAMIENTO;2-posible;Norte (gruesa);51;2169
Antofagasta;SIERRA GORDA;6037-1;AL SUROESTE DE AVENIDA OHIGGINS COMUNA SIERRA GORDA;49;CONCESION GRATUITA;2-posible;Norte (gruesa);49;2084
Antofagasta;SIERRA GORDA;6027-2;LOTE B LOCALIDAD DE SIERRA GORDA COMUNA SIERRA GORDA;37;CONCESION GRATUITA;2-posible;Norte (gruesa);37;1574
Antofagasta;MEJILLONES;5128-9;LOCALIDAD DE MICHILLA SIN NUMERO COMUNA MEJILLONES;16;CONCESION GRATUITA;2-posible;Norte (gruesa);32;1361
Antofagasta;MEJILLONES;5128-6;LOCALIDAD DE MICHILLA SIN NUMERO COMUNA MEJILLONES;9;CONCESION GRATUITA;2-posible;Norte (gruesa);18;766
