ROL_SII;COMUNA;REG;__CAPA;__SERVICIO;Región;Comuna;Nombre;Instrumento;Administrador;Fecha publicación Diario Oficial;N° documento;Tipo documento;Localidad;Zona;Uso permitido;Uso prohibido;Nombre de zona;Fecha publicación en DO;Número de documento;Tipo de documento;Observación;Capa;Barrio;Nombre zona;Diario Oficial;Código único territorial;Sector;Diario oficial;Código Único Territorial;Documento;Normativa;LOC;ZONA;NOM;UPERM;UPROH;P_DO;N_DOC;T_DO;OBS
"44933";"Santiago";"RM";"Limite_urbano";"PRC_RM_Sur";"Metropolitana";"Santiago";"Límite urbano de Santiago";"Plan Regulador Comunal de Santiago";"Municipalidad de Santiago";"27/01/1990";"26";"Resolución";"";"";"";"";"";"";"";"";"";"";"";"";"";"";"";"";"";"";"";"";"";"";"";"";"";"";"";""
"159-1";"Santiago";"RM";"Limite_urbano";"PRC_RM_Sur";"Metropolitana";"Santiago";"Límite urbano de Santiago";"Plan Regulador Comunal de Santiago";"Municipalidad de Santiago";"27/01/1990";"26";"Resolución";"";"";"";"";"";"";"";"";"";"";"";"";"";"";"";"";"";"";"";"";"";"";"";"";"";"";"";""
"1005-4";"Santiago";"RM";"Limite_urbano";"PRC_RM_Sur";"Metropolitana";"Santiago";"Límite urbano de Santiago";"Plan Regulador Comunal de Santiago";"Municipalidad de Santiago";"27/01/1990";"26";"Resolución";"";"";"";"";"";"";"";"";"";"";"";"";"";"";"";"";"";"";"";"";"";"";"";"";"";"";"";""
"107-254";"Santiago";"RM";"Limite_urbano";"PRC_RM_Sur";"Metropolitana";"Santiago";"Límite urbano de Santiago";"Plan Regulador Comunal de Santiago";"Municipalidad de Santiago";"27/01/1990";"26";"Resolución";"";"";"";"";"";"";"";"";"";"";"";"";"";"";"";"";"";"";"";"";"";"";"";"";"";"";"";""
"3240-1";"La Cisterna";"RM";"PRC_La_Cisterna";"PRC_RM_Sur";"Metropolitana";"La Cisterna";"";"";"";"";"";"";"La Cisterna";"AV";"Área verde.";"Todo uso no mencionado como permitido.";"AV Zona de Áreas Verdes";"07/08/2004";"2891";"Decreto";"Null";"";"";"";"";"";"";"";"";"";"";"";"";"";"";"";"";"";"";""
"7188-1, 7188-3 Y 7188-4";"Penalolen";"RM";"PRC_Peñalolén";"PRC_RM_Sur";"Metropolitana";"Peñalolen";"";"";"";"";"";"";"Peñalolen";"R.2";"Vivienda; Equipamiento, con la excepción de los expresamente excluido; Transporte, con la excepción de los indicados en usos excluidos";"Cementerio, planta y botadero basura, base militar, cuartel, cárcel, zoológico, terminal distribución, garag, taller molesto, motel, discoteca; Terminal rodoviario, agropecuario, pesquero, dep. 3 o más buses; Industria inofensiva, molesta,*";"Zona R.2";"27/07/1989";"55";"Decreto";"129 de fecha 30.09.2004/ D.O. 03.11.04";"";"";"";"";"";"";"";"";"";"";"";"";"";"";"";"";"";"";""
"36-10";"Santiago";"RM";"Limite_urbano";"PRC_RM_Sur";"Metropolitana";"Santiago";"Límite urbano de Santiago";"Plan Regulador Comunal de Santiago";"Municipalidad de Santiago";"27/01/1990";"26";"Resolución";"";"";"";"";"";"";"";"";"";"";"";"";"";"";"";"";"";"";"";"";"";"";"";"";"";"";"";""
"3963-7 Y 3963-8";"Nunoa";"RM";"Limite_urbano";"PRC_RM_Sur";"Metropolitana";"Ñuñoa";"Límite urbano de Ñuñoa";"Plan Regulador Comunal de Ñuñoa";"Municipalidad de Ñuñoa";"27/10/1989";"129";"Decreto";"";"";"";"";"";"";"";"";"";"";"";"";"";"";"";"";"";"";"";"";"";"";"";"";"";"";"";""
"176-3 Y 176-4";"Santiago";"RM";"Limite_urbano";"PRC_RM_Sur";"Metropolitana";"Santiago";"Límite urbano de Santiago";"Plan Regulador Comunal de Santiago";"Municipalidad de Santiago";"27/01/1990";"26";"Resolución";"";"";"";"";"";"";"";"";"";"";"";"";"";"";"";"";"";"";"";"";"";"";"";"";"";"";"";""
"5835-1";"San Miguel";"RM";"PRC_San_Miguel";"PRC_RM_Sur";"Metropolitana";"San Miguel";"";"";"";"";"";"";"San Miguel";"EM1";"Equipamiento de deporte, servicios, esparcimiento, comercio, social; Áreas verdes. Mayor detalle en Ordenanza.";"Residencial vivienda unifamiliar, colectiva; Equipamiento de comercio, servicios, culto y cultura, esparcimiento, seguridad, científico, salud; todo tipo de actividad productiva; infraestructura de transporte y sanitaria. Mayor detalle en ordenanza.";"EM1 Equipamiento metropolitana";"25/11/2016";"2500";"Decreto";"Null";"";"";"";"";"";"";"";"";"";"";"";"";"";"";"";"";"";"";""
"5444-7";"Estacion Central";"RM";"Limite_urbano";"PRC_RM_Sur";"Metropolitana";"Estación Central";"Límite urbano de Estación Central";"Plan Regulador Comunal de Estación Central";"Municipalidad de Estación Central";"29/09/1993";"301";"Decreto";"";"";"";"";"";"";"";"";"";"";"";"";"";"";"";"";"";"";"";"";"";"";"";"";"";"";"";""
"35-58";"Santiago";"RM";"Limite_urbano";"PRC_RM_Sur";"Metropolitana";"Santiago";"Límite urbano de Santiago";"Plan Regulador Comunal de Santiago";"Municipalidad de Santiago";"27/01/1990";"26";"Resolución";"";"";"";"";"";"";"";"";"";"";"";"";"";"";"";"";"";"";"";"";"";"";"";"";"";"";"";""
"1230-8";"Renca";"RM";"Limite_urbano";"PRC_RM_Sur";"Metropolitana";"Renca";"Límite urbano de Renca";"Plan Reguladro Comunal de Renca";"Municipalidad de Renca";"22/02/2022";"214";"Decreto";"";"";"";"";"";"";"";"";"";"";"";"";"";"";"";"";"";"";"";"";"";"";"";"";"";"";"";""
"35-32";"Santiago";"RM";"Limite_urbano";"PRC_RM_Sur";"Metropolitana";"Santiago";"Límite urbano de Santiago";"Plan Regulador Comunal de Santiago";"Municipalidad de Santiago";"27/01/1990";"26";"Resolución";"";"";"";"";"";"";"";"";"";"";"";"";"";"";"";"";"";"";"";"";"";"";"";"";"";"";"";""
"42-50";"Santiago";"RM";"Limite_urbano";"PRC_RM_Sur";"Metropolitana";"Santiago";"Límite urbano de Santiago";"Plan Regulador Comunal de Santiago";"Municipalidad de Santiago";"27/01/1990";"26";"Resolución";"";"";"";"";"";"";"";"";"";"";"";"";"";"";"";"";"";"";"";"";"";"";"";"";"";"";"";""
"6020-2";"La Granja";"RM";"PRC_La_Granja";"PRC_RM_Sur";"Metropolitana";"La Granja";"";"";"";"";"";"";"La Granja";"ZH-3";"Residencial, equipamiento comercial local, culto, deporte,  educación, salud, seguridad, servicios, social, oficina y científico; infraestructura sanitaria y energética; actividad productiva inofensiva; espacio público y áreas verdes.";"Equipamiento de esparcimiento, turismo y cementerio; actividad productiva peligrosa, molesta y contaminante; infraestructura de transporte.";"ZH-3 Zona Residencial Densidad Baja";"27/12/2012";"4039";"Decreto";"Null";"";"";"";"";"";"";"";"";"";"";"";"";"";"";"";"";"";"";""
"276-1";"Santiago";"RM";"Limite_urbano";"PRC_RM_Sur";"Metropolitana";"Santiago";"Límite urbano de Santiago";"Plan Regulador Comunal de Santiago";"Municipalidad de Santiago";"27/01/1990";"26";"Resolución";"";"";"";"";"";"";"";"";"";"";"";"";"";"";"";"";"";"";"";"";"";"";"";"";"";"";"";""
"35-58";"Santiago";"RM";"Limite_urbano";"PRC_RM_Sur";"Metropolitana";"Santiago";"Límite urbano de Santiago";"Plan Regulador Comunal de Santiago";"Municipalidad de Santiago";"27/01/1990";"26";"Resolución";"";"";"";"";"";"";"";"";"";"";"";"";"";"";"";"";"";"";"";"";"";"";"";"";"";"";"";""
"3513-3";"Quinta Normal";"RM";"Limite_urbano";"PRC_RM_Sur";"Metropolitana";"Quinta Normal";"Límite urbano de Quinta Normal";"Plan Regulador Comunal de Quinta Normal";"Municipalidad de Quinta Normal";"24/10/2019";"1381";"Decreto";"";"";"";"";"";"";"";"";"";"";"";"";"";"";"";"";"";"";"";"";"";"";"";"";"";"";"";""
"109-745";"Santiago";"RM";"Limite_urbano";"PRC_RM_Sur";"Metropolitana";"Santiago";"Límite urbano de Santiago";"Plan Regulador Comunal de Santiago";"Municipalidad de Santiago";"27/01/1990";"26";"Resolución";"";"";"";"";"";"";"";"";"";"";"";"";"";"";"";"";"";"";"";"";"";"";"";"";"";"";"";""
"151-11";"Penaflor";"RM";"PRC_Peñaflor";"PRC_RM_Sur";"Metropolitana";"Peñaflor";"";"";"";"";"";"";"Peñaflor";"Revisar PRMS";"Según PRMS";"Según PRMS";"Revisar PRMS";"09/02/1970";"108";"Decreto";"Null";"";"";"";"";"";"";"";"";"";"";"";"";"";"";"";"";"";"";""
"1382-2";"La Florida";"RM";"PRC_La_Florida";"PRC_RM_Sur";"Metropolitana";"La Florida";"";"";"";"";"";"";"La Florida";"Z-AA2";"Todos los usos no señalados como prohibidos en el artículo 41, numeral 9, letra B).";"Todos los usos señalados como prohibidos en el artículo 41, numeral 9, letra B), específicamente terminales de transporte terrestre, locales de compra-venta y exhibición de automóviles, camiones y similares que se desar*";"Z-AA2 Zona de Transición A Edificación Aislada Alta";"17/09/2001";"47";"Resolución";"Null";"";"";"";"";"";"";"";"";"";"";"";"";"";"";"";"";"";"";""
"536-15";"La Florida";"RM";"PRC_La_Florida";"PRC_RM_Sur";"Metropolitana";"La Florida";"";"";"";"";"";"";"La Florida";"PL";"Espacio público y áreas verdes.";"Todo uso no mencionado como permitido.";"PL Zona de Plazas";"17/09/2001";"47";"Resolución";"Null";"";"";"";"";"";"";"";"";"";"";"";"";"";"";"";"";"";"";""
"154-97";"Santiago";"RM";"Limite_urbano";"PRC_RM_Sur";"Metropolitana";"Santiago";"Límite urbano de Santiago";"Plan Regulador Comunal de Santiago";"Municipalidad de Santiago";"27/01/1990";"26";"Resolución";"";"";"";"";"";"";"";"";"";"";"";"";"";"";"";"";"";"";"";"";"";"";"";"";"";"";"";""
"676-2";"Santiago";"RM";"Limite_urbano";"PRC_RM_Sur";"Metropolitana";"Santiago";"Límite urbano de Santiago";"Plan Regulador Comunal de Santiago";"Municipalidad de Santiago";"27/01/1990";"26";"Resolución";"";"";"";"";"";"";"";"";"";"";"";"";"";"";"";"";"";"";"";"";"";"";"";"";"";"";"";""
"2523-12";"San Bernardo";"RM";"PRC_San_Bernardo";"PRC_RM_Sur";"Metropolitana";"San Bernardo";"";"";"";"";"";"";"San Bernardo";"ZU1.1";"Residencial; equipamiento de comercio, culto, deporte,  educación, esparcimiento, salud, seguridad, servicio y social; espacio público y áreas verdes.";"Todo uso no mencionado como permitido.";"ZU1.1 Zona de Centro Comunal Plaza de Armas";"13/06/2006";"3855";"Decreto";"Null";"";"";"";"";"";"";"";"";"";"";"";"";"";"";"";"";"";"";""
"362-159";"San Ramon";"RM";"PRC_San_Ramón";"PRC_RM_Sur";"Metropolitana";"San Ramón";"";"";"";"";"";"";"San Ramón";"Zona 6";"Residencial, además de establecimientos comerciales, o industriales agropecuarios con autorización especial de la Municipalidad.";"Todo uso no mencionado como permitido, en especial la instalación de industrias y artesanías.";"Zona 6 Quintas Residenciales 800 m2";"22/06/1952";"1469";"Decreto";"Null";"";"";"";"";"";"";"";"";"";"";"";"";"";"";"";"";"";"";""
"6434-14";"San Miguel";"RM";"PRC_San_Miguel";"PRC_RM_Sur";"Metropolitana";"San Miguel";"";"";"";"";"";"";"San Miguel";"Z-5";"Vivienda y hospedaje; Equipamiento de comercio, servicio, culto y cultura, esparcimiento, seguridad, educación, salud, deportivo, social; Talleres, industria inofensiva; Infraestructura de transporte, energética; Áreas verdes. Mayor detalle en Ordenan";"Equipamiento, mayor detalle en ordenanza; Actividad productiva, establecimientos industriales inofensivos, peligrosos, insalubres o contaminantes; infraestructura de transporte y sanitaria, Mayor detalle en Ordenanza.";"Z-5 Mixto";"25/11/2016";"2500";"Decreto";"Null";"";"";"";"";"";"";"";"";"";"";"";"";"";"";"";"";"";"";""
"541-33";"Renca";"RM";"Limite_urbano";"PRC_RM_Sur";"Metropolitana";"Renca";"Límite urbano de Renca";"Plan Reguladro Comunal de Renca";"Municipalidad de Renca";"22/02/2022";"214";"Decreto";"";"";"";"";"";"";"";"";"";"";"";"";"";"";"";"";"";"";"";"";"";"";"";"";"";"";"";""
"3193-11";"Recoleta";"RM";"Limite_urbano";"PRC_RM_Sur";"Metropolitana";"Recoleta";"Límite urbano de Recoleta";"Plan Regulador Comunal de Recoleta";"Municipalidad de Recoleta";"08/01/2005";"104";"Resolución";"";"";"";"";"";"";"";"";"";"";"";"";"";"";"";"";"";"";"";"";"";"";"";"";"";"";"";""
"546-1; 546-2; 546-3";"Renca";"RM";"Limite_urbano";"PRC_RM_Sur";"Metropolitana";"Renca";"Límite urbano de Renca";"Plan Reguladro Comunal de Renca";"Municipalidad de Renca";"22/02/2022";"214";"Decreto";"";"";"";"";"";"";"";"";"";"";"";"";"";"";"";"";"";"";"";"";"";"";"";"";"";"";"";""
"3519-18";"Lo Barnechea";"RM";"Limite_urbano";"PRC_RM_Sur";"Metropolitana";"Lo Barnechea";"Límite urbano de Lo Barnechea";"Plan Regulador Comunal de Lo Barnechea";"Municipalidad de Lo Barnechea";"04/09/2002";"1295";"Decreto";"";"";"";"";"";"";"";"";"";"";"";"";"";"";"";"";"";"";"";"";"";"";"";"";"";"";"";""
"84-1";"Santiago";"RM";"Limite_urbano";"PRC_RM_Sur";"Metropolitana";"Santiago";"Límite urbano de Santiago";"Plan Regulador Comunal de Santiago";"Municipalidad de Santiago";"27/01/1990";"26";"Resolución";"";"";"";"";"";"";"";"";"";"";"";"";"";"";"";"";"";"";"";"";"";"";"";"";"";"";"";""
"2516-39";"La Florida";"RM";"PRC_La_Florida";"PRC_RM_Sur";"Metropolitana";"La Florida";"";"";"";"";"";"";"La Florida";"ED-6";"Equipamiento de comercio y deporte; espacio público y áreas verdes.";"Residencial; equipamiento; actividad productiva; infraestructura.";"ED-6 Estadio Municipal de La Florida (Audax Italiano)";"17/09/2001";"47";"Resolución";"Null";"";"";"";"";"";"";"";"";"";"";"";"";"";"";"";"";"";"";""
"2214-4";"La Granja";"RM";"PRC_La_Granja";"PRC_RM_Sur";"Metropolitana";"La Granja";"";"";"";"";"";"";"La Granja";"ZI-1";"Equipamiento comercial local, deporte, educación, salud, seguridad, servicios, social y científico; actividad productiva molesta e inofensiva; infraestructura sanitaria y energética; espacio público y áreas verdes.";"Residencial, equipamiento de culto, esparcimiento, oficina, turismo y cementerio; actividad productiva peligrosa y contaminante; infraestructura de t*";"ZI-1 Zona Industrial Exclusiva";"27/12/2012";"4039";"Decreto";"Null";"";"";"";"";"";"";"";"";"";"";"";"";"";"";"";"";"";"";""
"603-1";"Concepcion";"BB";"PRC_Concepcion";"PRC_Biobio";"Biobío";"Concepción";"";"";"";"";"";"";"";"AV";"Area verde.";"Todos los usos de suelo no mencionados como permitidos";"";"";"";"";"";"PRC Concepción";"Areas verdes";"AV Área verde";"Publicacion PRC Concepcion. Decreto Alc. N°148. Fecha promulgacion 05.06.2004. Fecha publicacion D.O. 22.04.2004.";"08101";"";"";"";"";"";"";"";"";"";"";"";"";"";""
"5004-224";"Coronel";"BB";"PRC_Coronel";"PRC_Biobio";"Biobío";"Coronel";"";"";"";"";"";"";"";"ZU-8";"Residencial. Equipamiento: cientifico, comercio, culto y cultura, deporte, educacion, esparcimiento, salud, seguridad, servicios, social.";"Todos los usos de suelo no mencionados como permitidos.";"";"";"";"";"";"PRC Coronel";"";"ZU-8 Zona mixta 8";"";"08102";"Coronel";"Publicacion PRC Coronel. Decreto Alc. N°2465. Fecha promulgacion 27.03.2013. Fecha publicacion D.O. 22.04.2013";"";"";"";"";"";"";"";"";"";"";"";""
"177-2, 177-4, 177-7, 177-8";"Concepcion";"BB";"PRC_Concepcion";"PRC_Biobio";"Biobío";"Concepción";"";"";"";"";"";"";"";"AV";"Area verde.";"Todos los usos de suelo no mencionados como permitidos";"";"";"";"";"";"PRC Concepción";"Areas verdes";"AV Área verde";"Publicacion PRC Concepcion. Decreto Alc. N°148. Fecha promulgacion 05.06.2004. Fecha publicacion D.O. 22.04.2004.";"08101";"";"";"";"";"";"";"";"";"";"";"";"";"";""
"177-3";"Concepcion";"BB";"PRC_Concepcion";"PRC_Biobio";"Biobío";"Concepción";"";"";"";"";"";"";"";"AV";"Area verde.";"Todos los usos de suelo no mencionados como permitidos";"";"";"";"";"";"PRC Concepción";"Areas verdes";"AV Área verde";"Publicacion PRC Concepcion. Decreto Alc. N°148. Fecha promulgacion 05.06.2004. Fecha publicacion D.O. 22.04.2004.";"08101";"";"";"";"";"";"";"";"";"";"";"";"";"";""
"4031-81";"Concepcion";"BB";"PRC_Concepcion";"PRC_Biobio";"Biobío";"Concepción";"";"";"";"";"";"";"";"HE4";"Residencial. Equipamiento: cientifico, comercio, culto y cultura, deporte, educacion, esparcimiento, salud, seguridad, servicios, social. Actividades productivas. Infraestructura: transporte.";"Todos los usos de suelo no mencionados como permitidos";"";"";"";"";"";"PRC Concepción";"Alto nonguen";"HE4 Zona habitacional de expansión";"Publicacion PRC Concepcion. Decreto Alc. N°148. Fecha promulgacion 05.06.2004. Fecha publicacion D.O. 22.04.2004.";"08101";"";"";"";"";"";"";"";"";"";"";"";"";"";""
"197-20";"Talcahuano";"BB";"PRC_Talcahuano";"PRC_Biobio";"Biobío";"Talcahuano";"";"";"";"";"";"";"Talcahuano";"ZH-6";"Residencial. Equipamiento: cientifico, comercio, culto y cultura, deporte, educacion, esparcimiento, salud, seguridad. servicios, social. Infraestructura: transporte. Area verde.";"Todos los usos de suelo no mencionados como permitidos";"ZH-6 Zona residencial";"31/01/2006";"247";"Decreto";"Null";"";"";"";"";"";"";"";"";"";"";"";"";"";"";"";"";"";"";""
"1352-23";"Concepcion";"BB";"PRC_Concepcion";"PRC_Biobio";"Biobío";"Concepción";"";"";"";"";"";"";"";"AV";"Area verde.";"Todos los usos de suelo no mencionados como permitidos";"";"";"";"";"";"PRC Concepción";"Areas verdes";"AV Área verde";"Publicacion PRC Concepcion. Decreto Alc. N°148. Fecha promulgacion 05.06.2004. Fecha publicacion D.O. 22.04.2004.";"08101";"";"";"";"";"";"";"";"";"";"";"";"";"";""
"145-23";"Concepcion";"BB";"PRC_Concepcion";"PRC_Biobio";"Biobío";"Concepción";"";"";"";"";"";"";"";"HR2";"Residencial. Equipamiento: cientifico, comercio, culto y cultura, deporte, educacion, esparcimiento, salud, seguridad, servicios, social. Actividades productivas.";"Todos los usos de suelo no mencionados como permitidos";"";"";"";"";"";"PRC Concepción";"Centro oriente";"HR2 Zona habitacional de renovación";"Publicacion PRC Concepcion. Decreto Alc. N°148. Fecha promulgacion 05.06.2004. Fecha publicacion D.O. 22.04.2004.";"08101";"";"";"";"";"";"";"";"";"";"";"";"";"";""
"64-24";"Concepcion";"BB";"PRC_Concepcion";"PRC_Biobio";"Biobío";"Concepción";"";"";"";"";"";"";"";"AV";"Area verde.";"Todos los usos de suelo no mencionados como permitidos";"";"";"";"";"";"PRC Concepción";"Areas verdes";"AV Área verde";"Publicacion PRC Concepcion. Decreto Alc. N°148. Fecha promulgacion 05.06.2004. Fecha publicacion D.O. 22.04.2004.";"08101";"";"";"";"";"";"";"";"";"";"";"";"";"";""
"104-12";"Talcahuano";"BB";"PRC_Talcahuano";"PRC_Biobio";"Biobío";"Talcahuano";"";"";"";"";"";"";"Talcahuano";"ZH-5";"Residencial. Equipamiento: cientifico, comercio, culto y cultura, deporte, educacion, esparcimiento, salud, seguridad. servicios, social. Infraestructura: transporte. Area verde.";"Todos los usos de suelo no mencionados como permitidos";"ZH-5 Zona residencial";"31/01/2006";"247";"Decreto";"Null";"";"";"";"";"";"";"";"";"";"";"";"";"";"";"";"";"";"";""
"3812-1";"Santiago";"RM";"Limite_urbano";"PRC_RM_Sur";"Metropolitana";"Santiago";"Límite urbano de Santiago";"Plan Regulador Comunal de Santiago";"Municipalidad de Santiago";"27/01/1990";"26";"Resolución";"";"";"";"";"";"";"";"";"";"";"";"";"";"";"";"";"";"";"";"";"";"";"";"";"";"";"";""
"5110-1";"San Joaquin";"RM";"PRC_San_Joaquín";"PRC_RM_Sur";"Metropolitana";"San Joaquín";"";"";"";"";"";"";"San Joaquín";"ZU2a";"Residencial: vivienda, hospedaje, hogares de acogida; Equipamiento: científico, comercio, culto y cultura, deporte, educación, esparcimiento, salud, seguridad, servicios, social; Actividades Productivas; talleres, almacenaje y bodegaje calificados como inofensivos; Espacio Público; Área Verde. El detalle de las actividades permitidas se encuentran en la Ordenanza";"Equipamiento: comercio (algunas actividades), culto y cultura (algunas actividades), deporte (algunas actividades), educación (algunas actividades), esparcimiento (algunas actividades), salud (algunas actividades), seguridad (algunas actividades); Actividades Productivas: industrias, talleres, almacenamiento y bodegaje (molestas, contaminantes o insalubres y peligrosas); Infraestructura. El detal*";"Zona Residencial de Densidad Baja A";"06/11/2019";"2838";"Decreto";"Null";"";"";"";"";"";"";"";"";"";"";"";"";"";"";"";"";"";"";""
"1010-3";"San Joaquin";"RM";"PRC_San_Joaquín";"PRC_RM_Sur";"Metropolitana";"San Joaquín";"";"";"";"";"";"";"San Joaquín";"AVI (1)";"Corresponden a las áreas planificadas por el Plan Regulador Metropolitano de Santiago según lo señalado en su ordenanza, destinadas a áreas verdes de uso público, y regidas en conformidad a lo dispuesto en el artículo 59 de la Ley General de Urbanismo y Construcciones";"";"Parques Intercomunales 1";"06/11/2019";"2838";"Decreto";"Null";"";"";"";"";"";"";"";"";"";"";"";"";"";"";"";"";"";"";""
"2150-1";"Independencia";"RM";"Limite_urbano";"PRC_RM_Sur";"Metropolitana";"Recoleta";"Límite urbano de Recoleta";"Plan Regulador Comunal de Recoleta";"Municipalidad de Recoleta";"08/01/2005";"104";"Resolución";"";"";"";"";"";"";"";"";"";"";"";"";"";"";"";"";"";"";"";"";"";"";"";"";"";"";"";""
"12681-1";"San Pedro De La Paz";"BB";"PRC_San_Pedro_de_la_Paz";"PRC_Biobio";"Biobío";"San Pedro de la Paz";"";"";"";"";"";"";"";"ZM-1";"Residencial. Equipamiento: cientifico, comercio, culto y cultura, deporte, educacion, esparcimiento, salud, seguridad, servicios, social. Actividades productivas.";"Todos los usos de suelo no mencionados como permitidos.";"";"";"";"";"";"PRC San Pedro de la Paz";"";"ZM-1 Zona mixta";"Publicacion PRC San Pedro de la Paz. Decreto Alc. N°310. Fecha de promulgacion 10.03.2011. Fecha de publicacion D.O. 24.03.2011.";"08108";"San Pedro de la Paz";"";"";"";"";"";"";"";"";"";"";"";"";""
"334-910 - 334-911 - 334-912";"Padre Hurtado";"RM";"PRC_Padre_Hurtado";"PRC_RM_Sur";"Metropolitana";"Padre Hurtado";"";"";"";"";"";"";"Padre Hurtado";"AV";"Áreas Verdes";"Todos los no incluidos como permitidos.";"Áreas Verdes";"04/02/2005";"92";"Resolución";"Null";"";"";"";"";"";"";"";"";"";"";"";"";"";"";"";"";"";"";""
"2360-14/2360-19";"Vina Del Mar";"VA";"PRC_Vina_del_Mar";"PRC_Valpara%C3%ADso";"Valparaíso";"Viña del Mar";"";"";"";"";"";"";"Viña del Mar";"V7";"Residencial. Equipamiento de: comercio, culto, cultura, deporte, educación, esparcimiento, salud, seguridad, servicios, salud. Actividades productivas inofensivas. Infraestructura, espacio público y áreas verdes. Más detalle en Ordenanza.";"Todos los no mencionados como permitidos.";"Zona V7";"17/12/1980";"329";"Decreto";"Null";"";"";"";"";"";"";"";"";"";"";"";"";"";"";"";"";"";"";""
"2282-29, 2282-30, 2282-31 Y 2282-32";"Vina Del Mar";"VA";"PRC_Vina_del_Mar";"PRC_Valpara%C3%ADso";"Valparaíso";"Viña del Mar";"";"";"";"";"";"";"Viña del Mar";"V7";"Residencial. Equipamiento de: comercio, culto, cultura, deporte, educación, esparcimiento, salud, seguridad, servicios, salud. Actividades productivas inofensivas. Infraestructura, espacio público y áreas verdes. Más detalle en Ordenanza.";"Todos los no mencionados como permitidos.";"Zona V7";"17/12/1980";"329";"Decreto";"Null";"";"";"";"";"";"";"";"";"";"";"";"";"";"";"";"";"";"";""
"708-1";"Vina Del Mar";"VA";"PRC_Vina_del_Mar";"PRC_Valpara%C3%ADso";"Valparaíso";"Viña del Mar";"";"";"";"";"";"";"Viña del Mar";"I";"Residencial (vivienda del cuidador). Equipamiento de: comercio, culto, cultura, deporte, seguridad, servicios. Actividades productivas inofensivas y/o molestas. Infraestructura, espacio público y áreas verdes. Más detalle en Ordenanza.";"Todos los no mencionados como permitidos.";"Zona I";"17/12/1980";"329";"Decreto";"Null";"";"";"";"";"";"";"";"";"";"";"";"";"";"";"";"";"";"";""
"1107-1/1107-13/1107-14/1107-15/1107-16/1107-17";"Valparaiso";"VA";"PRC_Valparaiso";"PRC_Valpara%C3%ADso";"Valparaíso";"Valparaíso";"";"";"";"";"";"";"Valparaíso";"ZCHAB";"Residencial. Equipamiento de: comercio, culto y cultura, deporte, salud, educación, turismo y esparcimiento, seguridad, servicios de utilidad pública. Actividades productivas inofensivas, infraestructura. Más detalle en Ordenanza.";"Todos los no indicados como permitidos y específicamente de antenas y torres de telefonía celular.";"Zona ZCHAB";"17/04/1984";"26";"Decreto";"Null";"";"";"";"";"";"";"";"";"";"";"";"";"";"";"";"";"";"";""
"2466-461/2466-468/2466-469";"Vina Del Mar";"VA";"PRC_Vina_del_Mar";"PRC_Valpara%C3%ADso";"Valparaíso";"Viña del Mar";"";"";"";"";"";"";"Viña del Mar";"V7";"Residencial. Equipamiento de: comercio, culto, cultura, deporte, educación, esparcimiento, salud, seguridad, servicios, salud. Actividades productivas inofensivas. Infraestructura, espacio público y áreas verdes. Más detalle en Ordenanza.";"Todos los no mencionados como permitidos.";"Zona V7";"17/12/1980";"329";"Decreto";"Null";"";"";"";"";"";"";"";"";"";"";"";"";"";"";"";"";"";"";""
"6003-1";"Valparaiso";"VA";"PRC_Valparaiso";"PRC_Valpara%C3%ADso";"Valparaíso";"Valparaíso";"";"";"";"";"";"";"Valparaíso";"ZCH-DR";"Residencial. Equipamiento de: comercio, oficinas, salud, educación, seguridad, comunitario y recreativo. Espacio público de áreas verdes y vialidad. Actividades productivas inofensivas.";"Todos los no mencionados como permitidos.";"ZCH-DR";"17/04/1984";"26";"Decreto";"Null";"";"";"";"";"";"";"";"";"";"";"";"";"";"";"";"";"";"";""
"4303-6";"Cartagena";"VA";"PRC_Cartagena";"PRC_Valpara%C3%ADso";"Valparaíso";"Cartagena";"";"";"";"";"";"";"";"Z3";"Vivienda, equipamiento, industria y almacenamiento inofensivo.";"Industria y almacenamiento molesto, insalubre y peligroso.";"Zona Z3";"";"";"";"";"PRC Cartagena";"";"";"";"";"Cartagena";"";"05603";"";"";"";"";"";"";"";"";"";"";""
"8295-1";"San Antonio";"VA";"PRC_San_Antonio";"PRC_Valpara%C3%ADso";"Valparaíso";"San Antonio";"";"";"";"";"";"";"";"ZM2";"Residencial, equipamiento: científico, comercial, deporte, educación, esparcimiento, salud, seguridad, social, servicio, infraestructura sanitaria y energética, área verde y espacio público. Para mayor especificación revisar Ordenan";"Todos los usos de suelo no mencionados como permitidos. Para mayor especificación se debe revisar la Ordenanza de dicho instrumento de planificación territorial.";"ZM2 Zona Mixta 2";"";"";"";"";"PRC San Antonio";"";"";"";"";"San Antonio";"";"05601";"";"";"";"";"";"";"";"";"";"";""
"2360-9";"Vina Del Mar";"VA";"PRC_Vina_del_Mar";"PRC_Valpara%C3%ADso";"Valparaíso";"Viña del Mar";"";"";"";"";"";"";"Viña del Mar";"V7";"Residencial. Equipamiento de: comercio, culto, cultura, deporte, educación, esparcimiento, salud, seguridad, servicios, salud. Actividades productivas inofensivas. Infraestructura, espacio público y áreas verdes. Más detalle en Ordenanza.";"Todos los no mencionados como permitidos.";"Zona V7";"17/12/1980";"329";"Decreto";"Null";"";"";"";"";"";"";"";"";"";"";"";"";"";"";"";"";"";"";""
"17-1/17-2";"Valparaiso";"VA";"PRC_Valparaiso";"PRC_Valpara%C3%ADso";"Valparaíso";"Valparaíso";"";"";"";"";"";"";"Valparaíso";"A1";"Tipo de actividades productivas: portuario, pesquero; bodegas inofensivas y molestas incluyendo acopio de contenedores; talleres artesanales inofensivos y molestos. Equipamiento de: comercio, oficinas y recreativo. Espacios públicos.";"Todos los no mencionados como permitidos.";"Zona A1";"17/04/1984";"26";"Decreto";"Null";"";"";"";"";"";"";"";"";"";"";"";"";"";"";"";"";"";"";""
"3110-5";"Valparaiso";"VA";"PRC_Valparaiso";"PRC_Valpara%C3%ADso";"Valparaíso";"Valparaíso";"";"";"";"";"";"";"Valparaíso";"ZCHLF";"Residencial. Equipamiento de: comercio, educación, culto y cultura, deporte, salud, seguridad y servicios. Actividades productivas inofensivas.. Infraestructura ya existente sin amplificaciones futuras. Espacio público y áreas verdes.";"Equipamiento no mencionado como permitidos, actividades productivas molestas o peligrosas. Más detalle revisar Ordenanza.";"Zona ZCHLF";"17/04/1984";"26";"Decreto";"Null";"";"";"";"";"";"";"";"";"";"";"";"";"";"";"";"";"";"";""
"1319-1";"Valparaiso";"VA";"PRC_Valparaiso";"PRC_Valpara%C3%ADso";"Valparaíso";"Valparaíso";"";"";"";"";"";"";"Valparaíso";"ZEE";"Equipamiento científico, deporte, cultura, esparcimiento, salud (sólo para Cementerio Municipal y Cementerios Parques). Espacio público y áreas verdes.";"Todos los no mencionados como permitidos y expresamente la vivienda, salvo como habitación del propietario o cuidador. Actividades productivas como molestas, insalubres, contaminantes o peligrosas. Más detalle en Ordenanza.";"Zona ZEE";"17/04/1984";"26";"Decreto";"Null";"";"";"";"";"";"";"";"";"";"";"";"";"";"";"";"";"";"";""
"783-2";"Quilpue";"VA";"PRC_Quilpue";"PRC_Valpara%C3%ADso";"Valparaíso";"Quilpué";"";"";"";"";"2732";"";"";"ZR4";"Residencial: Vivienda, Hospedaje, Hogares de acogida; Equipamiento: Comercio, Culto y Cultura, Deporte, Educación, Salud, Seguridad, Servicios, Social; Infraestructura: Transporte; Espacio Público; Área Verde. Para ver en detalle las actividades pemitidas";"Todos los no señalados como permitidos";"";"";"";"";"";"PRC Quilpué";"";"Habitacional, densidad media, baja altura";"";"";"Quilpué";"26-07-2019";"05801";"Decreto";"";"";"";"";"";"";"";"";"";""
"1502-593";"Vina Del Mar";"VA";"PRC_Vina_del_Mar";"PRC_Valpara%C3%ADso";"Valparaíso";"Viña del Mar";"";"";"";"";"";"";"Viña del Mar";"AV";"Espacio público, áreas verdes (parques, plazas y jardines).";"Todo tipo de uso residencial y además todos los no mencionados como permitidos.";"Zona AV";"17/12/1980";"329";"Decreto";"Null";"";"";"";"";"";"";"";"";"";"";"";"";"";"";"";"";"";"";""
"2380-22";"Vina Del Mar";"VA";"PRC_Vina_del_Mar";"PRC_Valpara%C3%ADso";"Valparaíso";"Viña del Mar";"";"";"";"";"";"";"Viña del Mar";"E5";"Residencial. Equipamiento de: comercio, culto, cultura, deporte, educación, esparcimiento, salud, seguridad, servicios, social. Actividades productivas inofensivas, infraestructura de transporte. Espacio público y áreas verdes.";"Todos los no mencionados como permitidos.";"Zona E5";"17/12/1980";"329";"Decreto";"Null";"";"";"";"";"";"";"";"";"";"";"";"";"";"";"";"";"";"";""
"2045-1";"Valparaiso";"VA";"PRC_Valparaiso";"PRC_Valpara%C3%ADso";"Valparaíso";"Valparaíso";"";"";"";"";"";"";"Valparaíso";"ZCHLF";"Residencial. Equipamiento de: comercio, educación, culto y cultura, deporte, salud, seguridad y servicios. Actividades productivas inofensivas.. Infraestructura ya existente sin amplificaciones futuras. Espacio público y áreas verdes.";"Equipamiento no mencionado como permitidos, actividades productivas molestas o peligrosas. Más detalle revisar Ordenanza.";"Zona ZCHLF";"17/04/1984";"26";"Decreto";"Null";"";"";"";"";"";"";"";"";"";"";"";"";"";"";"";"";"";"";""
"1223-18";"Vina Del Mar";"VA";"PRC_Vina_del_Mar";"PRC_Valpara%C3%ADso";"Valparaíso";"Viña del Mar";"";"";"";"";"";"";"Viña del Mar";"V10/RU-3";"Residencial. Equipamiento de: comercio,científico, culto, cultura, deporte, educación, salud, servicios, social, infraestructura transportes. Espacio público y áreas verdes. Más detalle revisar Ordenanza.";"Todos los no mencionados como permitidos.";"Zona V10/RU-3";"17/12/1980";"329";"Decreto";"Null";"";"";"";"";"";"";"";"";"";"";"";"";"";"";"";"";"";"";""
"6815-8";"San Antonio";"VA";"PRC_San_Antonio";"PRC_Valpara%C3%ADso";"Valparaíso";"San Antonio";"";"";"";"";"";"";"";"ZM2";"Residencial, equipamiento: científico, comercial, deporte, educación, esparcimiento, salud, seguridad, social, servicio, infraestructura sanitaria y energética, área verde y espacio público. Para mayor especificación revisar Ordenan";"Todos los usos de suelo no mencionados como permitidos. Para mayor especificación se debe revisar la Ordenanza de dicho instrumento de planificación territorial.";"ZM2 Zona Mixta 2";"";"";"";"";"PRC San Antonio";"";"";"";"";"San Antonio";"";"05601";"";"";"";"";"";"";"";"";"";"";""
"6114-9";"Valparaiso";"VA";"PRC_Valparaiso";"PRC_Valpara%C3%ADso";"Valparaíso";"Valparaíso";"";"";"";"";"";"";"Valparaíso";"ZCH-DR";"Residencial. Equipamiento de: comercio, oficinas, salud, educación, seguridad, comunitario y recreativo. Espacio público de áreas verdes y vialidad. Actividades productivas inofensivas.";"Todos los no mencionados como permitidos.";"ZCH-DR";"17/04/1984";"26";"Decreto";"Null";"";"";"";"";"";"";"";"";"";"";"";"";"";"";"";"";"";"";""
"1001-43/1001-44/1001-45/1001-46/1001-47/1001-48/1001-49";"Cartagena";"VA";"PRC_Cartagena";"PRC_Valpara%C3%ADso";"Valparaíso";"Cartagena";"";"";"";"";"";"";"";"E";"Sólo se permitirán las instalaciones complementarias a las actividades recreativas de playa: sombreaderos, kioskos, vestidores, muelles y otros similares.";"Todos aquellos no señalados precedentemente.";"Zona E Zona de Restricción de playas";"";"";"";"";"PRC Cartagena";"";"";"";"";"Cartagena";"";"05603";"";"";"";"";"";"";"";"";"";"";""
"39-8";"Valparaiso";"VA";"PRC_Valparaiso";"PRC_Valpara%C3%ADso";"Valparaíso";"Valparaíso";"";"";"";"";"";"";"Valparaíso";"ZCHA";"Residencial. Equipamiento de: comercio, culto y cultura, deporte, salud, educación, seguridad y servicios. Actividades productivas inofensivas asimilables a equipamiento de comercio o servicios. Infraestructura. Más detalle en Ordenanza.";"Vivienda en 1° piso, seguridad (cárceles y centros de detención), actividades productivas molestas o peligrosas. Más detalle revisar Ordenanza.";"Zona ZCHA";"17/04/1984";"26";"Decreto";"Null";"";"";"";"";"";"";"";"";"";"";"";"";"";"";"";"";"";"";""
"2284-16";"Vina Del Mar";"VA";"PRC_Vina_del_Mar";"PRC_Valpara%C3%ADso";"Valparaíso";"Viña del Mar";"";"";"";"";"";"";"Viña del Mar";"V7";"Residencial. Equipamiento de: comercio, culto, cultura, deporte, educación, esparcimiento, salud, seguridad, servicios, salud. Actividades productivas inofensivas. Infraestructura, espacio público y áreas verdes. Más detalle en Ordenanza.";"Todos los no mencionados como permitidos.";"Zona V7";"17/12/1980";"329";"Decreto";"Null";"";"";"";"";"";"";"";"";"";"";"";"";"";"";"";"";"";"";""
"2469-954";"Vina Del Mar";"VA";"PRC_Vina_del_Mar";"PRC_Valpara%C3%ADso";"Valparaíso";"Viña del Mar";"";"";"";"";"";"";"Viña del Mar";"V7";"Residencial. Equipamiento de: comercio, culto, cultura, deporte, educación, esparcimiento, salud, seguridad, servicios, salud. Actividades productivas inofensivas. Infraestructura, espacio público y áreas verdes. Más detalle en Ordenanza.";"Todos los no mencionados como permitidos.";"Zona V7";"17/12/1980";"329";"Decreto";"Null";"";"";"";"";"";"";"";"";"";"";"";"";"";"";"";"";"";"";""
"35-21";"Vina Del Mar";"VA";"PRC_Vina_del_Mar";"PRC_Valpara%C3%ADso";"Valparaíso";"Viña del Mar";"";"";"";"";"";"";"Población Vergara";"E7-C1";"Residencial. Equipamiento de comercio, culto, cultura, deporte, educacion, esparcimiento, salud, seguridad, servicios, social. Espacio publico y área verde";"Se prohibe expresamente:  estacion de servicio automotriz";"Zona E7-C1";"17/12/1980";"329";"Decreto";"Null";"";"";"";"";"";"";"";"";"";"";"";"";"";"";"";"";"";"";""
"663-25";"Quilpue";"VA";"PRC_Quilpue";"PRC_Valpara%C3%ADso";"Valparaíso";"Quilpué";"";"";"";"";"2732";"";"";"ZR8";"Residencial: Vivienda, Hospedaje, Hogares de acogida; Equipamiento: Comercio, Culto y Cultura, Deporte, Educación, Esparcimiento, Salud, Seguridad, Servicios, Social; Infraestructura; Espacio Público; Área Verde. Para ver en detalle las actividades pemiti";"Todos los no señalados como permitidos";"";"";"";"";"";"PRC Quilpué";"";"Habitacional, densidad baja, baja altura";"";"";"Quilpué";"26-07-2019";"05801";"Decreto";"";"";"";"";"";"";"";"";"";""
"8157-1";"San Antonio";"VA";"PRC_San_Antonio";"PRC_Valpara%C3%ADso";"Valparaíso";"San Antonio";"";"";"";"";"";"";"";"ZR2";"Residencial; equipamiento científico, comercial, culto y cultura, deportivo, educacional, esparcimiento, salud, seguridad, servicio, taller artesanal inofensivo, terminal externo y est. intercambio modal, áreas verdes y espacios públic";"Todos los usos de suelo no mencionados como permitidos. Para mayor especificación se debe revisar la Ordenanza de dicho instrumento de planificación territorial.";"ZR2 Zona residencial 2";"";"";"";"";"PRC San Antonio";"";"";"";"";"San Antonio";"";"05601";"";"";"";"";"";"";"";"";"";"";""
"366-15";"Vina Del Mar";"VA";"PRC_Vina_del_Mar";"PRC_Valpara%C3%ADso";"Valparaíso";"Viña del Mar";"";"";"";"";"";"";"Viña del Mar";"E5";"Residencial. Equipamiento de: comercio, culto, cultura, deporte, educación, esparcimiento, salud, seguridad, servicios, social. Actividades productivas inofensivas, infraestructura de transporte. Espacio público y áreas verdes.";"Todos los no mencionados como permitidos.";"Zona E5";"17/12/1980";"329";"Decreto";"Null";"";"";"";"";"";"";"";"";"";"";"";"";"";"";"";"";"";"";""
"93-2";"Villa Alemana";"VA";"PRC_Villa_Alemana";"PRC_Valpara%C3%ADso";"Valparaíso";"Villa Alemana";"";"";"";"";"";"";"";"AV1";"Equipamiento de áreas libres, de esparcimiento regional y áreas verdes.";"Todos los no señalados como permitidos.";"AV1 Áreas especiales";"";"";"";"";"PRC Villa Alemana";"";"";"";"";"Villa Alemana";"";"05804";"";"";"";"";"";"";"";"";"";"";""
"8103-38 Y 8103-1";"Valparaiso";"VA";"PRC_Valparaiso";"PRC_Valpara%C3%ADso";"Valparaíso";"Valparaíso";"";"";"";"";"";"";"Valparaíso";"ZCHPyE";"Residencia: vivenda: hospedaje; Equipamiento: se permiten solo los actualmente existentes; Act. Productiva: inofensivas del comercio existente; Infraestructura: solamente las existenes; Espacio Público y Áreas Verdes. Para mayor detalle revisar ordenanza local";"Residencial: hoteles; Equipamiento: todos los no indicados en la memoria; Act. Productiva: las que no son parte de la memoria; Infraestructura: todas las que no son parte de la memoria";"Zona de Conservación Histórica Cerros Placeres y Esperanza";"21/03/2005";"205";"Decreto";"Null";"";"";"";"";"";"";"";"";"";"";"";"";"";"";"";"";"";"";""
"SIN ROL";"Penalolen";"RM";"PRC_Peñalolén";"PRC_RM_Sur";"Metropolitana";"Peñalolen";"";"";"";"";"";"";"Peñalolen";"S.M.1";"Vivienda; Equipamiento, con la excepción de los expresamente excluido; Transporte, con la excepción de los indicados en usos excluidos";"Cementerio, planta y botadero basura, base militar, cuartel, cárcel, zoológico, terminal de distribución, taller molesto; Terminal rodoviario, agropecuario, pesquero, dep. 3 o más buses; Industria inofensivo, molesta, insalubre";"Zona S.M.1";"27/07/1989";"55";"Decreto";"55 de fecha 28.04.89/ D.O. 27.07.89";"";"";"";"";"";"";"";"";"";"";"";"";"";"";"";"";"";"";""
"143-0001";"Concepcion";"BB";"PRC_Concepcion";"PRC_Biobio";"Biobío";"Concepción";"";"";"";"";"";"";"";"C2";"Residencial. Equipamiento: cientifico, comercio, culto y cultura, deporte, educacion, esparcimiento, salud, seguridad, servicios, social. Actividades productivas.";"Todos los usos de suelo no mencionados como permitidos";"";"";"";"";"";"PRC Concepción";"Centro";"C2 Centro de servicios y equipamiento";"Publicacion PRC Concepcion. Decreto Alc. N°148. Fecha promulgacion 05.06.2004. Fecha publicacion D.O. 22.04.2004.";"08101";"";"";"";"";"";"";"";"";"";"";"";"";"";""
"177-5";"Concepcion";"BB";"PRC_Concepcion";"PRC_Biobio";"Biobío";"Concepción";"";"";"";"";"";"";"";"AV";"Area verde.";"Todos los usos de suelo no mencionados como permitidos";"";"";"";"";"";"PRC Concepción";"Areas verdes";"AV Área verde";"Publicacion PRC Concepcion. Decreto Alc. N°148. Fecha promulgacion 05.06.2004. Fecha publicacion D.O. 22.04.2004.";"08101";"";"";"";"";"";"";"";"";"";"";"";"";"";""
"2823-24";"San Antonio";"VA";"PRC_San_Antonio";"PRC_Valpara%C3%ADso";"Valparaíso";"San Antonio";"";"";"";"";"";"";"";"ZM3";"Residencial, equipamiento: científico, comercial, culto y cultura, deporte, educación,  esparcimiento, salud, seguridad, social, servicio, infraest. sanitaria, áreas verdes y espacios públicos. Para mayor especificación revisar Orden";"Todos los usos de suelo no mencionados como permitidos. Para mayor especificación se debe revisar la Ordenanza de dicho instrumento de planificación territorial.";"ZM3 Zona Mixta 3";"";"";"";"";"PRC San Antonio";"";"";"";"";"San Antonio";"";"05601";"";"";"";"";"";"";"";"";"";"";""
"2360-8/2360-17/2360-18";"Vina Del Mar";"VA";"PRC_Vina_del_Mar";"PRC_Valpara%C3%ADso";"Valparaíso";"Viña del Mar";"";"";"";"";"";"";"Viña del Mar";"E5";"Residencial. Equipamiento de: comercio, culto, cultura, deporte, educación, esparcimiento, salud, seguridad, servicios, social. Actividades productivas inofensivas, infraestructura de transporte. Espacio público y áreas verdes.";"Todos los no mencionados como permitidos.";"Zona E5";"17/12/1980";"329";"Decreto";"Null";"";"";"";"";"";"";"";"";"";"";"";"";"";"";"";"";"";"";""
"615-1/612-3/612-4";"Vina Del Mar";"VA";"Seccional_Vina_del_Mar_Cerro_Castillo";"PRC_Valpara%C3%ADso";"Valparaíso";"Viña del Mar";"";"";"";"";"";"";"";"AV";"Jardines y laderas.";"Todos los no mencionados como permitidos.";"Zona Jardines Ladera";"";"";"";"";"Seccional Viña del Mar - Cerro Castillo";"";"";"";"";"Cerro Castillo";"";"05109";"";"";"";"";"";"";"";"";"";"";""
"335-34/335-9";"El Tabo";"VA";"PRC_El_Tabo";"PRC_Valpara%C3%ADso";"Valparaíso";"El Tabo";"";"";"";"";"";"";"";"Z7";"Vivienda; equipamiento de área verdes, deporte, campamentos turísticos; almacenamiento de tipo inofensivo, establecimientos de impacto similar de tipo inofensivo, servicios artesanales. Mayor detalle en ordenanza.";"Todos aquellos no señalados como permitidos.";"Zona Z7";"";"";"";"";"PRC El Tabo";"";"";"";"";"El Tabo";"";"05605";"";"";"";"";"";"";"";"";"";"";""
"1530-1";"San Antonio";"VA";"PRC_San_Antonio";"PRC_Valpara%C3%ADso";"Valparaíso";"San Antonio";"";"";"";"";"";"";"";"ZM2";"Residencial, equipamiento: científico, comercial, deporte, educación, esparcimiento, salud, seguridad, social, servicio, infraestructura sanitaria y energética, área verde y espacio público. Para mayor especificación revisar Ordenan";"Todos los usos de suelo no mencionados como permitidos. Para mayor especificación se debe revisar la Ordenanza de dicho instrumento de planificación territorial.";"ZM2 Zona Mixta 2";"";"";"";"";"PRC San Antonio";"";"";"";"";"San Antonio";"";"05601";"";"";"";"";"";"";"";"";"";"";""
"229-8";"Villa Alemana";"VA";"PRC_Villa_Alemana";"PRC_Valpara%C3%ADso";"Valparaíso";"Villa Alemana";"";"";"";"";"";"";"";"AV3";"Equipamiento de áreas libres, esparcimiento regional y áreas verdes.";"Todos los no señalados como permitidos.";"AV3 Áreas especiales";"";"";"";"";"PRC Villa Alemana";"";"";"";"";"Villa Alemana";"";"05804";"";"";"";"";"";"";"";"";"";"";""
"1099-9";"Cartagena";"VA";"PRC_Cartagena";"PRC_Valpara%C3%ADso";"Valparaíso";"Cartagena";"";"";"";"";"";"";"";"E2";"No se permite ningún uso. Corresponderá a una faja de 20 m. mínimo medidos a cada lado del eje.";"No específica la Ordenanza.";"Zona E2 Protección Esteros Restricción";"";"";"";"";"PRC Cartagena";"";"";"";"";"Cartagena";"";"05603";"";"";"";"";"";"";"";"";"";"";""
"213-3";"Valparaiso";"VA";"PRC_Valparaiso";"PRC_Valpara%C3%ADso";"Valparaíso";"Valparaíso";"";"";"";"";"";"";"Valparaíso";"ZCHAL-V";"Vivienda; Comercio; Oficinas; áreas Verdes, Vialidad; Equipamiento de: Educación, Culto, Cultura, Salud, Seguridad, Organizaciones Comunitarias, Deportes, Esparcimientos, Turismo. Más detalle revisar Ordenanza.";"Todos los no mencionados como permitidos.";"ZCHAL-V Zona de Conservación Histórica Almendral Victoria";"17/04/1984";"26";"Decreto";"Null";"";"";"";"";"";"";"";"";"";"";"";"";"";"";"";"";"";"";""
"73-1";"Valparaiso";"VA";"PRC_Valparaiso";"PRC_Valpara%C3%ADso";"Valparaíso";"Valparaíso";"";"";"";"";"";"";"Valparaíso";"ZCHAL-B";"Vivienda, comercio, oficinas ,áreas verdes, vialidad. Equipamiento de: educación, culto, cultura, salud, seguridad, deporte, esparcimiento, turismo, bombas de bencina, servicios, industrias y bodegas inofensivas. Más detalle en Ordenanza.";"Todos los no mencionados como permitidos y específicamente: equipamiento de actividad comercial y servicios artesanales en espacios abiertos y terminales de buses.";"Zona ZCHAL-B";"17/04/1984";"26";"Decreto";"Null";"";"";"";"";"";"";"";"";"";"";"";"";"";"";"";"";"";"";""
"670-264 Y 670-265";"El Tabo";"VA";"PRC_El_Tabo";"PRC_Valpara%C3%ADso";"Valparaíso";"El Tabo";"";"";"";"";"";"";"";"Z3";"Vivienda; equipamiento de áreas verdes, esparcimeinto y turismo (sólo hoteles, moteles y campings) interubana; actividades productivas, servicios artesanales de todos tipo.  Mayor detalle en ordenanza.";"Todos aquellos no señalados como permitidos.";"Zona Z3";"";"";"";"";"PRC El Tabo";"";"";"";"";"El Tabo";"";"05605";"";"";"";"";"";"";"";"";"";"";""
"SIN ROL";"Chiguayante";"BB";"PRC_Chiguayante";"PRC_Biobio";"Biobío";"Chiguayante";"";"";"";"";"";"";"";"ZU3-B";"Residencial. Equipamiento: cientifico, comercio, culto y cultura, deporte, educacion, esparcimiento, salud, seguridad, servicios, social. Actividades productivas. Espacio publico. Area verde.";"Todos los usos de suelo no mencionados como permitidos.";"";"";"";"";"";"PRC Chiguayante";"";"ZU3-B Zona residencial";"9° Modificacion PRC Chiguayante. Decreto Alc. N°333. Fecha de promulgacion 09.02.2018. Fecha de publicacion D.O. 16.03.2018.";"08103";"Chiguayante";"";"";"";"";"";"";"";"";"";"";"";"";""
"1571-3";"Nunoa";"RM";"Limite_urbano";"PRC_RM_Sur";"Metropolitana";"Ñuñoa";"Límite urbano de Ñuñoa";"Plan Regulador Comunal de Ñuñoa";"Municipalidad de Ñuñoa";"27/10/1989";"129";"Decreto";"";"";"";"";"";"";"";"";"";"";"";"";"";"";"";"";"";"";"";"";"";"";"";"";"";"";"";""
"5396-2";"Recoleta";"RM";"Limite_urbano";"PRC_RM_Sur";"Metropolitana";"Recoleta";"Límite urbano de Recoleta";"Plan Regulador Comunal de Recoleta";"Municipalidad de Recoleta";"08/01/2005";"104";"Resolución";"";"";"";"";"";"";"";"";"";"";"";"";"";"";"";"";"";"";"";"";"";"";"";"";"";"";"";""
"2576-1 - 2576-13 - 2576-14";"Recoleta";"RM";"Limite_urbano";"PRC_RM_Sur";"Metropolitana";"Recoleta";"Límite urbano de Recoleta";"Plan Regulador Comunal de Recoleta";"Municipalidad de Recoleta";"08/01/2005";"104";"Resolución";"";"";"";"";"";"";"";"";"";"";"";"";"";"";"";"";"";"";"";"";"";"";"";"";"";"";"";""
"6403-1";"Nunoa";"RM";"Limite_urbano";"PRC_RM_Sur";"Metropolitana";"Ñuñoa";"Límite urbano de Ñuñoa";"Plan Regulador Comunal de Ñuñoa";"Municipalidad de Ñuñoa";"27/10/1989";"129";"Decreto";"";"";"";"";"";"";"";"";"";"";"";"";"";"";"";"";"";"";"";"";"";"";"";"";"";"";"";""
"710-33";"La Florida";"RM";"PRC_La_Florida";"PRC_RM_Sur";"Metropolitana";"La Florida";"";"";"";"";"";"";"La Florida";"U-VEV4";"Residencial; equip. de comercio, culto, deporte, educación, esparcimiento, salud, seguridad, servicios, social, oficina y turismo; act. productiva peligrosa, contaminante y molesta; infr. de transporte; espacio público y áreas verdes.";"Todo uso no mencionado como permitido.";"U-VEV4 Zona de Vivienda y Equipamiento Vecinal N°4";"17/09/2001";"47";"Resolución";"Null";"";"";"";"";"";"";"";"";"";"";"";"";"";"";"";"";"";"";""
"3930-2";"Lo Espejo";"RM";"PRC_La_Cisterna";"PRC_RM_Sur";"Metropolitana";"La Cisterna";"";"";"";"";"";"";"La Cisterna";"ZU-8";"Equipamiento comercial local y deporte intercomunal; infraestructura de transporte; espacio público y áreas verde.";"Residencial; equipamiento no mencionado anteriormente; actividad productiva; infraestructura sanitaria, energética y pesca.";"ZU-8 Zona Deportiva y recreacional";"07/08/2004";"2891";"Decreto";"Null";"";"";"";"";"";"";"";"";"";"";"";"";"";"";"";"";"";"";""
"4065-10";"Lo Barnechea";"RM";"Limite_urbano";"PRC_RM_Sur";"Metropolitana";"Lo Barnechea";"Límite urbano de Lo Barnechea";"Plan Regulador Comunal de Lo Barnechea";"Municipalidad de Lo Barnechea";"04/09/2002";"1295";"Decreto";"";"";"";"";"";"";"";"";"";"";"";"";"";"";"";"";"";"";"";"";"";"";"";"";"";"";"";""
"793-11";"La Florida";"RM";"PRC_La_Florida";"PRC_RM_Sur";"Metropolitana";"La Florida";"";"";"";"";"";"";"La Florida";"U-VEV3";"Residencial; equipamiento de comercio, culto, deporte, educación, esparcimiento, salud, seguridad, servicios, social, oficina y turismo; espacio público y áreas verdes.";"Todo uso no mencionado como permitido.";"U-VEV3 Zona de Vivienda y Equipamiento Vecinal N°3";"17/09/2001";"47";"Resolución";"Null";"";"";"";"";"";"";"";"";"";"";"";"";"";"";"";"";"";"";""
"1012-256";"Santiago";"RM";"Limite_urbano";"PRC_RM_Sur";"Metropolitana";"Santiago";"Límite urbano de Santiago";"Plan Regulador Comunal de Santiago";"Municipalidad de Santiago";"27/01/1990";"26";"Resolución";"";"";"";"";"";"";"";"";"";"";"";"";"";"";"";"";"";"";"";"";"";"";"";"";"";"";"";""
"1101-2";"La Florida";"RM";"PRC_La_Florida";"PRC_RM_Sur";"Metropolitana";"La Florida";"";"";"";"";"";"";"La Florida";"U-VEV4";"Residencial; equip. de comercio, culto, deporte, educación, esparcimiento, salud, seguridad, servicios, social, oficina y turismo; act. productiva peligrosa, contaminante y molesta; infr. de transporte; espacio público y áreas verdes.";"Todo uso no mencionado como permitido.";"U-VEV4 Zona de Vivienda y Equipamiento Vecinal N°4";"17/09/2001";"47";"Resolución";"Null";"";"";"";"";"";"";"";"";"";"";"";"";"";"";"";"";"";"";""
"5513-187";"La Reina";"RM";"Limite_urbano";"PRC_RM_Sur";"Metropolitana";"La Reina";"Límite urbano de La Reina";"Plan Regulador Comunal de La Reina";"Municipalidad de La Reina";"22/11/2001";"65";"Resolución";"";"";"";"";"";"";"";"";"";"";"";"";"";"";"";"";"";"";"";"";"";"";"";"";"";"";"";""
"356-1";"San Ramon";"RM";"PRC_San_Ramón";"PRC_RM_Sur";"Metropolitana";"San Ramón";"";"";"";"";"";"";"San Ramón";"Zona 6";"Residencial, además de establecimientos comerciales, o industriales agropecuarios con autorización especial de la Municipalidad.";"Todo uso no mencionado como permitido, en especial la instalación de industrias y artesanías.";"Zona 6 Quintas Residenciales 800 m2";"22/06/1952";"1469";"Decreto";"Null";"";"";"";"";"";"";"";"";"";"";"";"";"";"";"";"";"";"";""
"4246-26";"San Miguel";"RM";"PRC_San_Miguel";"PRC_RM_Sur";"Metropolitana";"San Miguel";"";"";"";"";"";"";"San Miguel";"Z-5";"Vivienda y hospedaje; Equipamiento de comercio, servicio, culto y cultura, esparcimiento, seguridad, educación, salud, deportivo, social; Talleres, industria inofensiva; Infraestructura de transporte, energética; Áreas verdes. Mayor detalle en Ordenan";"Equipamiento, mayor detalle en ordenanza; Actividad productiva, establecimientos industriales inofensivos, peligrosos, insalubres o contaminantes; infraestructura de transporte y sanitaria, Mayor detalle en Ordenanza.";"Z-5 Mixto";"25/11/2016";"2500";"Decreto";"Null";"";"";"";"";"";"";"";"";"";"";"";"";"";"";"";"";"";"";""
"1079-2";"Puente Alto";"RM";"PRC_Puente_Alto";"PRC_RM_Sur";"Metropolitana";"Puente Alto";"";"";"";"";"";"";"Puente Alto";"H2";"Residencial; equipamiento de comercio, culto, deporte,  educación, salud, seguridad, servicio, social y oficina; infraestructura de transporte y sanitaria; espacio público y áreas verdes.";"Equipamiento de esparcimiento; actividad productiva; infraestructura energética y de pesca.";"H2 Zona de Residencial y Equipamiento";"25/04/2003";"423";"Decreto";"Null";"";"";"";"";"";"";"";"";"";"";"";"";"";"";"";"";"";"";""
"963-5";"Santiago";"RM";"Limite_urbano";"PRC_RM_Sur";"Metropolitana";"Estación Central";"Límite urbano de Estación Central";"Plan Regulador Comunal de Estación Central";"Municipalidad de Estación Central";"29/09/1993";"301";"Decreto";"";"";"";"";"";"";"";"";"";"";"";"";"";"";"";"";"";"";"";"";"";"";"";"";"";"";"";""
"12292-76";"La Florida";"RM";"PRC_La_Florida";"PRC_RM_Sur";"Metropolitana";"La Florida";"";"";"";"";"";"";"La Florida";"U-VEV3";"Residencial; equipamiento de comercio, culto, deporte, educación, esparcimiento, salud, seguridad, servicios, social, oficina, turismo; espacio público y áreas verdes.";"Todo uso no mencionado como permitido.";"U-VEV3 Zona de Vivienda y Equipamiento Vecinal N°3";"17/09/2001";"47";"Resolución";"Null";"";"";"";"";"";"";"";"";"";"";"";"";"";"";"";"";"";"";""
"5082-9";"Estacion Central";"RM";"Limite_urbano";"PRC_RM_Sur";"Metropolitana";"Estación Central";"Límite urbano de Estación Central";"Plan Regulador Comunal de Estación Central";"Municipalidad de Estación Central";"29/09/1993";"301";"Decreto";"";"";"";"";"";"";"";"";"";"";"";"";"";"";"";"";"";"";"";"";"";"";"";"";"";"";"";""
"1233-188";"Vitacura";"RM";"Limite_urbano";"PRC_RM_Sur";"Metropolitana";"Vitacura";"Límite urbano de Vitacura";"Plan Regulador Comunal de Vitacura";"Municipalidad de Vitacura";"30/12/1999";"59";"Resolución";"";"";"";"";"";"";"";"";"";"";"";"";"";"";"";"";"";"";"";"";"";"";"";"";"";"";"";""
"5843-1, 5843-2, 5843-3, 5843-4, 5843-7, 5843-8, 5843-9, 5843-10, 5843-11 Y 5843-12";"San Miguel";"RM";"PRC_San_Miguel_área_de_riesgo";"PRC_RM_Sur";"Metropolitana";"San Miguel";"";"";"";"";"";"";"San Miguel";"AR1";"No podrán ejecutarse edificaciones, que incluyen además dos franjas libre de protección de 3 metros a cada lado de los mismos, no obstante lo cual, en  dichas franjas laterales pueden realizarse obras de infraetsructura sanitaria y energética.";" Para mayor detalle revisar ordenanza municipal";"AR1 Área de protección de canales";"25/11/2016";"2500";"Decreto";"Null";"";"";"";"";"";"";"";"";"";"";"";"";"";"";"";"";"";"";""
"3095-91";"La Florida";"RM";"PRC_La_Florida";"PRC_RM_Sur";"Metropolitana";"La Florida";"";"";"";"";"";"";"La Florida";"U-VEV3";"Residencial; equipamiento de comercio, culto, deporte, educación, esparcimiento, salud, seguridad, servicios, social, oficina, turismo; espacio público y áreas verdes.";"Todo uso no mencionado como permitido.";"U-VEV3 Zona de Vivienda y Equipamiento Vecinal N°3";"17/09/2001";"47";"Resolución";"Null";"";"";"";"";"";"";"";"";"";"";"";"";"";"";"";"";"";"";""
"838-905";"San Joaquin";"RM";"PRC_San_Joaquín";"PRC_RM_Sur";"Metropolitana";"San Joaquín";"";"";"";"";"";"";"San Joaquín";"ZU6";"Residencial: vivienda, hospedaje, hogares de acogida; Equipamiento: científico, comercio, culto y cultura, deporte, educación, esparcimiento, salud, seguridad, servicios, social; Actividades Productivas; industria, talleres, almacenaje y bodegaje calificados como inofensivas; Espacio Público; Área Verde. El detalle de las actividades permitidas se encuentran en la Ordenanza";"Residencial: hospedaje (algunas actividades); Equipamiento: comercio (algunas actividades), deporte (algunas actividades), esparcimiento (algunas actividades), salud (algunas actividades), seguridad (algunas actividades); Actividades Productivas: industrias, talleres, almacenamiento y bodegaje calificados como molestas, contaminantes o insalubres y peligrosas; Infraestructura. El detalle de las a*";"Zona Residencial Mixta de Densidad Media";"06/11/2019";"2838";"Decreto";"Null";"";"";"";"";"";"";"";"";"";"";"";"";"";"";"";"";"";"";""
"5271-1";"La Granja";"RM";"PRC_La_Granja";"PRC_RM_Sur";"Metropolitana";"La Granja";"";"";"";"";"";"";"La Granja";"ZH-3";"Residencial, equipamiento comercial local, culto, deporte,  educación, salud, seguridad, servicios, social, oficina y científico; infraestructura sanitaria y energética; actividad productiva inofensiva; espacio público y áreas verdes.";"Equipamiento de esparcimiento, turismo y cementerio; actividad productiva peligrosa, molesta y contaminante; infraestructura de transporte.";"ZH-3 Zona Residencial Densidad Baja";"27/12/2012";"4039";"Decreto";"Null";"";"";"";"";"";"";"";"";"";"";"";"";"";"";"";"";"";"";""
"4705-11";"La Reina";"RM";"Limite_urbano";"PRC_RM_Sur";"Metropolitana";"La Reina";"Límite urbano de La Reina";"Plan Regulador Comunal de La Reina";"Municipalidad de La Reina";"22/11/2001";"65";"Resolución";"";"";"";"";"";"";"";"";"";"";"";"";"";"";"";"";"";"";"";"";"";"";"";"";"";"";"";""
"53-24";"Nunoa";"RM";"Limite_urbano";"PRC_RM_Sur";"Metropolitana";"Ñuñoa";"Límite urbano de Ñuñoa";"Plan Regulador Comunal de Ñuñoa";"Municipalidad de Ñuñoa";"27/10/1989";"129";"Decreto";"";"";"";"";"";"";"";"";"";"";"";"";"";"";"";"";"";"";"";"";"";"";"";"";"";"";"";""
"201-7";"Santiago";"RM";"Limite_urbano";"PRC_RM_Sur";"Metropolitana";"Santiago";"Límite urbano de Santiago";"Plan Regulador Comunal de Santiago";"Municipalidad de Santiago";"27/01/1990";"26";"Resolución";"";"";"";"";"";"";"";"";"";"";"";"";"";"";"";"";"";"";"";"";"";"";"";"";"";"";"";""
"8163-1";"Macul";"RM";"PRC_Macul";"PRC_RM_Sur";"Metropolitana";"Macul";"";"";"";"";"";"";"Macul";"ZR-8";"Residencial: Vivienda unifamiliar, edificaciones colectivas, conjuntos de viciendas; Equipamientos: Comercio, culto y cultura, deporte, educación, salud, seguridad, servicios, social.Detalle de actividades de las clases de equipamiento ver en Ordenz*";"Equipamiento: Científico, establecimientos de investigación, divulgación y formación científica. Comercio, grandes tiendas, mercados, estaciones o centros de servicios automotor, fuente de soda, bares, discotecas, similares. Culto y cultura, catedra*";"Zona Residencial, Densidad Baja";"08/05/2004";"552";"Decreto";"Null";"";"";"";"";"";"";"";"";"";"";"";"";"";"";"";"";"";"";""
"5307-8";"La Granja";"RM";"PRC_La_Granja";"PRC_RM_Sur";"Metropolitana";"La Granja";"";"";"";"";"";"";"La Granja";"ZAV-2";"Espacio público y áreas verdes.";"Todo uso no mencionado como permitido.";"ZAV-2 Zona de Áreas Verdes Comunales";"27/12/2012";"4039";"Decreto";"Null";"";"";"";"";"";"";"";"";"";"";"";"";"";"";"";"";"";"";""
"5274-20";"La Granja";"RM";"PRC_La_Granja";"PRC_RM_Sur";"Metropolitana";"La Granja";"";"";"";"";"";"";"La Granja";"ZAV-2";"Espacio público y áreas verdes.";"Todo uso no mencionado como permitido.";"ZAV-2 Zona de Áreas Verdes Comunales";"27/12/2012";"4039";"Decreto";"Null";"";"";"";"";"";"";"";"";"";"";"";"";"";"";"";"";"";"";""
"15180-223";"El Bosque";"RM";"PRC_El_Bosque";"PRC_RM_Sur";"Metropolitana";"El Bosque";"";"";"";"";"";"";"El Bosque";"LM";"Residencial; equipamiento; actividad productiva.";"Todo uso no mencionado como permitido.";"Zona SECCIONAL LO MORENO";"18/10/1983";"110";"Decreto";"Null";"";"";"";"";"";"";"";"";"";"";"";"";"";"";"";"";"";"";""
"4818-1";"San Joaquin";"RM";"PRC_San_Joaquín";"PRC_RM_Sur";"Metropolitana";"San Joaquín";"";"";"";"";"";"";"San Joaquín";"AV";"Corresponden a plazas, parques y áreas verdes públicas, en su calidad de bienes nacionales de uso público existentes, las que se rigen por lo dispuesto en la OGUC para el tipo de uso Espacio Público";"";"Plazas y Parques Existentes";"06/11/2019";"2838";"Decreto";"Null";"";"";"";"";"";"";"";"";"";"";"";"";"";"";"";"";"";"";""
"438-88";"Santiago";"RM";"Limite_urbano";"PRC_RM_Sur";"Metropolitana";"Santiago";"Límite urbano de Santiago";"Plan Regulador Comunal de Santiago";"Municipalidad de Santiago";"27/01/1990";"26";"Resolución";"";"";"";"";"";"";"";"";"";"";"";"";"";"";"";"";"";"";"";"";"";"";"";"";"";"";"";""
"751-43";"La Florida";"RM";"PRC_La_Florida";"PRC_RM_Sur";"Metropolitana";"La Florida";"";"";"";"";"";"";"La Florida";"U-VEV3";"Residencial; equipamiento de comercio, culto, deporte, educación, esparcimiento, salud, seguridad, servicios, social, oficina y turismo; espacio público y áreas verdes.";"Todo uso no mencionado como permitido.";"U-VEV3 Zona de Vivienda y Equipamiento Vecinal N°3";"17/09/2001";"47";"Resolución";"Null";"";"";"";"";"";"";"";"";"";"";"";"";"";"";"";"";"";"";""
"317-22";"Padre Hurtado";"RM";"PRC_Padre_Hurtado";"PRC_RM_Sur";"Metropolitana";"Padre Hurtado";"";"";"";"";"";"";"Padre Hurtado";"B1";"Equipamiento Mayor, mediano, menor y/o básico científico, comercio, culto y cultura, deporte, educación, esparcimiento, salud, seguridad, servicios y social; vivienda; espacio público y áreas verdes.";"Todos los no incluidos como permitidos, además de cementerios, crematorios, cárceles y centros de detención.";"B1 Zona Corredor Mixto Regional 450 Hab/há";"04/02/2005";"92";"Resolución";"Null";"";"";"";"";"";"";"";"";"";"";"";"";"";"";"";"";"";"";""
"5238-1";"La Granja";"RM";"PRC_La_Granja";"PRC_RM_Sur";"Metropolitana";"La Granja";"";"";"";"";"";"";"La Granja";"ZAV-2";"Espacio público y áreas verdes.";"Todo uso no mencionado como permitido.";"ZAV-2 Zona de Áreas Verdes Comunales";"27/12/2012";"4039";"Decreto";"Null";"";"";"";"";"";"";"";"";"";"";"";"";"";"";"";"";"";"";""
"5443-13";"San Joaquin";"RM";"PRC_San_Joaquín";"PRC_RM_Sur";"Metropolitana";"San Joaquín";"";"";"";"";"";"";"San Joaquín";"ZU2a";"Residencial: vivienda, hospedaje, hogares de acogida; Equipamiento: científico, comercio, culto y cultura, deporte, educación, esparcimiento, salud, seguridad, servicios, social; Actividades Productivas; talleres, almacenaje y bodegaje calificados como inofensivos; Espacio Público; Área Verde. El detalle de las actividades permitidas se encuentran en la Ordenanza";"Equipamiento: comercio (algunas actividades), culto y cultura (algunas actividades), deporte (algunas actividades), educación (algunas actividades), esparcimiento (algunas actividades), salud (algunas actividades), seguridad (algunas actividades); Actividades Productivas: industrias, talleres, almacenamiento y bodegaje (molestas, contaminantes o insalubres y peligrosas); Infraestructura. El detal*";"Zona Residencial de Densidad Baja A";"06/11/2019";"2838";"Decreto";"Null";"";"";"";"";"";"";"";"";"";"";"";"";"";"";"";"";"";"";""
"1210-7";"Nunoa";"RM";"Limite_urbano";"PRC_RM_Sur";"Metropolitana";"Ñuñoa";"Límite urbano de Ñuñoa";"Plan Regulador Comunal de Ñuñoa";"Municipalidad de Ñuñoa";"27/10/1989";"129";"Decreto";"";"";"";"";"";"";"";"";"";"";"";"";"";"";"";"";"";"";"";"";"";"";"";"";"";"";"";""
"109-736";"Santiago";"RM";"Limite_urbano";"PRC_RM_Sur";"Metropolitana";"Santiago";"Límite urbano de Santiago";"Plan Regulador Comunal de Santiago";"Municipalidad de Santiago";"27/01/1990";"26";"Resolución";"";"";"";"";"";"";"";"";"";"";"";"";"";"";"";"";"";"";"";"";"";"";"";"";"";"";"";""
"109-744";"Santiago";"RM";"Limite_urbano";"PRC_RM_Sur";"Metropolitana";"Santiago";"Límite urbano de Santiago";"Plan Regulador Comunal de Santiago";"Municipalidad de Santiago";"27/01/1990";"26";"Resolución";"";"";"";"";"";"";"";"";"";"";"";"";"";"";"";"";"";"";"";"";"";"";"";"";"";"";"";""
"109-737";"Santiago";"RM";"Limite_urbano";"PRC_RM_Sur";"Metropolitana";"Santiago";"Límite urbano de Santiago";"Plan Regulador Comunal de Santiago";"Municipalidad de Santiago";"27/01/1990";"26";"Resolución";"";"";"";"";"";"";"";"";"";"";"";"";"";"";"";"";"";"";"";"";"";"";"";"";"";"";"";""
"2835-9";"Santiago";"RM";"Limite_urbano";"PRC_RM_Sur";"Metropolitana";"Santiago";"Límite urbano de Santiago";"Plan Regulador Comunal de Santiago";"Municipalidad de Santiago";"27/01/1990";"26";"Resolución";"";"";"";"";"";"";"";"";"";"";"";"";"";"";"";"";"";"";"";"";"";"";"";"";"";"";"";""
"213-1";"Pudahuel";"RM";"Limite_urbano";"PRC_RM_Sur";"Metropolitana";"Pudahuel";"Limite urbano de Pudahuel";"Plan regulador comunal de Pudahuel";"Municipalidad de Pudahuel";"05/02/2021";"205";"Decreto";"";"";"";"";"";"";"";"";"";"";"";"";"";"";"";"";"";"";"";"";"";"";"";"";"";"";"";""
"5217-1";"San Joaquin";"RM";"PRC_San_Joaquín";"PRC_RM_Sur";"Metropolitana";"San Joaquín";"";"";"";"";"";"";"San Joaquín";"ZE";"Equipamiento: científico, educación, salud, esparcimiento, culto y cultura, social y seguridad; Áreas Verdes; Espacio Público";"Todos los mencionados como permitidos";"zona de Equipamiento Exclusivo";"06/11/2019";"2838";"Decreto";"Null";"";"";"";"";"";"";"";"";"";"";"";"";"";"";"";"";"";"";""
"29403";"Santiago";"RM";"Limite_urbano";"PRC_RM_Sur";"Metropolitana";"Santiago";"Límite urbano de Santiago";"Plan Regulador Comunal de Santiago";"Municipalidad de Santiago";"27/01/1990";"26";"Resolución";"";"";"";"";"";"";"";"";"";"";"";"";"";"";"";"";"";"";"";"";"";"";"";"";"";"";"";""
"5273-2";"Penalolen";"RM";"PRC_Peñalolén";"PRC_RM_Sur";"Metropolitana";"Peñalolen";"";"";"";"";"";"";"Peñalolen";"R.2";"Vivienda; Equipamiento, con la excepción de los expresamente excluido; Transporte, con la excepción de los indicados en usos excluidos";"Cementerio, planta y botadero basura, base militar, cuartel, cárcel, zoológico, terminal distribución, garag, taller molesto, motel, discoteca; Terminal rodoviario, agropecuario, pesquero, dep. 3 o más buses; Industria inofensiva, molesta,*";"Zona R.2";"27/07/1989";"55";"Decreto";"Resolución N°77 de fecha 24.12.91/ D.O. 17.02.92";"";"";"";"";"";"";"";"";"";"";"";"";"";"";"";"";"";"";""
"5432-36";"Nunoa";"RM";"Limite_urbano";"PRC_RM_Sur";"Metropolitana";"Ñuñoa";"Límite urbano de Ñuñoa";"Plan Regulador Comunal de Ñuñoa";"Municipalidad de Ñuñoa";"27/10/1989";"129";"Decreto";"";"";"";"";"";"";"";"";"";"";"";"";"";"";"";"";"";"";"";"";"";"";"";"";"";"";"";""
"5639-3";"Nunoa";"RM";"Limite_urbano";"PRC_RM_Sur";"Metropolitana";"Ñuñoa";"Límite urbano de Ñuñoa";"Plan Regulador Comunal de Ñuñoa";"Municipalidad de Ñuñoa";"27/10/1989";"129";"Decreto";"";"";"";"";"";"";"";"";"";"";"";"";"";"";"";"";"";"";"";"";"";"";"";"";"";"";"";""
"1830-4";"San Ramon";"RM";"PRC_San_Ramón";"PRC_RM_Sur";"Metropolitana";"San Ramón";"";"";"";"";"";"";"San Ramón";"Zona 4";"Residencial, además de instalaciones de artesanías";"Todo uso no mencionado como permitido.";"Zona 4 Residencial Económica. 200 m2";"22/06/1952";"1469";"Decreto";"Null";"";"";"";"";"";"";"";"";"";"";"";"";"";"";"";"";"";"";""
"2707-21";"Puente Alto";"RM";"PRC_Puente_Alto";"PRC_RM_Sur";"Metropolitana";"Puente Alto";"";"";"";"";"";"";"Puente Alto";"H1";"Residencial; equipamiento de comercio, culto, deporte,  educación, salud, seguridad, servicio, social y oficina; infraestructura de transporte y sanitaria; espacio público y áreas verdes.";"Equipamiento de esparcimiento; actividad productiva; infraestructura energética y de pesca.";"H1 Zona de Residencial y Equipamiento";"25/04/2003";"423";"Decreto";"Null";"";"";"";"";"";"";"";"";"";"";"";"";"";"";"";"";"";"";""
"7043-1";"La Pintana";"RM";"PRC_La_Pintana";"PRC_RM_Sur";"Metropolitana";"La Pintana";"";"";"";"";"";"";"La Pintana";"PRMS";"PRMS";"PRMS";"PRMS";"22/10/1952";"1459";"Decreto";"Comuna regida por el PRMS";"";"";"";"";"";"";"";"";"";"";"";"";"";"";"";"";"";"";""
"6687-465";"Macul";"RM";"PRC_Macul";"PRC_RM_Sur";"Metropolitana";"Macul";"";"";"";"";"";"";"Macul";"ZM-4";"Residencial; equipamiento de comercio, culto, deporte,  educación, esparcimiento, salud, seguridad, servicio, social, oficina, turismo y científico intercomunal; espacio público y áreas verdes.";"Actividad productiva; infraestructura de transporte.";"ZM-4 Zona Residencial Mixta, Densidad Media";"08/05/2004";"552";"Decreto";"Null";"";"";"";"";"";"";"";"";"";"";"";"";"";"";"";"";"";"";""
"265-2";"Santiago";"RM";"Limite_urbano";"PRC_RM_Sur";"Metropolitana";"Santiago";"Límite urbano de Santiago";"Plan Regulador Comunal de Santiago";"Municipalidad de Santiago";"27/01/1990";"26";"Resolución";"";"";"";"";"";"";"";"";"";"";"";"";"";"";"";"";"";"";"";"";"";"";"";"";"";"";"";""
"3924-10";"Quinta Normal";"RM";"Limite_urbano";"PRC_RM_Sur";"Metropolitana";"Quinta Normal";"Límite urbano de Quinta Normal";"Plan Regulador Comunal de Quinta Normal";"Municipalidad de Quinta Normal";"24/10/2019";"1381";"Decreto";"";"";"";"";"";"";"";"";"";"";"";"";"";"";"";"";"";"";"";"";"";"";"";"";"";"";"";""
"759-7";"La Florida";"RM";"PRC_La_Florida";"PRC_RM_Sur";"Metropolitana";"La Florida";"";"";"";"";"";"";"La Florida";"U-VEV3";"Residencial; equipamiento de comercio, culto, deporte, educación, esparcimiento, salud, seguridad, servicios, social, oficina y turismo; espacio público y áreas verdes.";"Todo uso no mencionado como permitido.";"U-VEV3 Zona de Vivienda y Equipamiento Vecinal N°3";"17/09/2001";"47";"Resolución";"Null";"";"";"";"";"";"";"";"";"";"";"";"";"";"";"";"";"";"";""
"6289-1";"Penalolen";"RM";"PRC_Peñalolén";"PRC_RM_Sur";"Metropolitana";"Peñalolen";"";"";"";"";"";"";"Peñalolen";"S.M.1";"Vivienda; Equipamiento, con la excepción de los expresamente excluido; Transporte, con la excepción de los indicados en usos excluidos";"Cementerio, planta y botadero basura, base militar, cuartel, cárcel, zoológico, terminal de distribución, taller molesto; Terminal rodoviario, agropecuario, pesquero, dep. 3 o más buses; Industria inofensivo, molesta, insalubre";"Zona S.M.1";"27/07/1989";"55";"Decreto";"Resolución N°77 de fecha 24.12.91/ D.O. 17.02.92";"";"";"";"";"";"";"";"";"";"";"";"";"";"";"";"";"";"";""
"5580-4";"Penalolen";"RM";"PRC_Peñalolén";"PRC_RM_Sur";"Metropolitana";"Peñalolen";"";"";"";"";"";"";"Peñalolen";"R.2";"Vivienda; Equipamiento, con la excepción de los expresamente excluido; Transporte, con la excepción de los indicados en usos excluidos";"Cementerio, planta y botadero basura, base militar, cuartel, cárcel, zoológico, terminal distribución, garag, taller molesto, motel, discoteca; Terminal rodoviario, agropecuario, pesquero, dep. 3 o más buses; Industria inofensiva, molesta,*";"Zona R.2";"27/07/1989";"55";"Decreto";"Resolución N°77 de fecha 24.12.91/ D.O. 17.02.92";"";"";"";"";"";"";"";"";"";"";"";"";"";"";"";"";"";"";""
"3215-35";"San Joaquin";"RM";"PRC_San_Joaquín";"PRC_RM_Sur";"Metropolitana";"San Joaquín";"";"";"";"";"";"";"San Joaquín";"ZE";"Equipamiento: científico, educación, salud, esparcimiento, culto y cultura, social y seguridad; Áreas Verdes; Espacio Público";"Todos los mencionados como permitidos";"zona de Equipamiento Exclusivo";"06/11/2019";"2838";"Decreto";"Null";"";"";"";"";"";"";"";"";"";"";"";"";"";"";"";"";"";"";""
"3415-1";"La Florida";"RM";"PRC_La_Florida";"PRC_RM_Sur";"Metropolitana";"La Florida";"";"";"";"";"";"";"La Florida";"PL";"Espacio público y áreas verdes.";"Todo uso no mencionado como permitido.";"PL Zona de Plazas";"17/09/2001";"47";"Resolución";"Null";"";"";"";"";"";"";"";"";"";"";"";"";"";"";"";"";"";"";""
"9076-7";"La Granja";"RM";"PRC_La_Granja";"PRC_RM_Sur";"Metropolitana";"La Granja";"";"";"";"";"";"";"La Granja";"ZAV-2";"Espacio público y áreas verdes.";"Todo uso no mencionado como permitido.";"ZAV-2 Zona de Áreas Verdes Comunales";"27/12/2012";"4039";"Decreto";"Null";"";"";"";"";"";"";"";"";"";"";"";"";"";"";"";"";"";"";""
"905-6";"San Joaquin";"RM";"PRC_Macul";"PRC_RM_Sur";"Metropolitana";"Macul";"";"";"";"";"";"";"Macul";"ZI-m";"Residencial; equipamiento de comercio, culto, deporte,  educación, esparcimiento, salud, seguridad, servicio, social, oficina, turismo y científico; actividad productiva inofensiva; espacio público y áreas verdes.";"Actividad productiva peligrosa, contaminante y molesta.";"ZI-m Zona de Industrial Mixta, Densidad Alta";"08/05/2004";"552";"Decreto";"Null";"";"";"";"";"";"";"";"";"";"";"";"";"";"";"";"";"";"";""
"3600-31";"La Florida";"RM";"PRC_La_Florida";"PRC_RM_Sur";"Metropolitana";"La Florida";"";"";"";"";"";"";"La Florida";"U-VEV3";"Residencial; equipamiento de comercio, culto, deporte, educación, esparcimiento, salud, seguridad, servicios, social, oficina, turismo; espacio público y áreas verdes.";"Todo uso no mencionado como permitido.";"U-VEV3 Zona de Vivienda y Equipamiento Vecinal N°3";"17/09/2001";"47";"Resolución";"Null";"";"";"";"";"";"";"";"";"";"";"";"";"";"";"";"";"";"";""
"3013-24";"La Reina";"RM";"PRC_Peñalolén";"PRC_RM_Sur";"Metropolitana";"Peñalolen";"";"";"";"";"";"";"Peñalolen";"R.1";"Vivienda; Equipamiento, con la excepción de los expresamente excluido; Transporte, con la excepción de los indicados en usos excluidos";"Cementerio, botadero basura, base militar, cuartel, cárcel, zoológico, terminal distribución, servicentro, garag, taller molesto, motel, discoteca; Terminal rodoviario, agropecuario, pesquero, dep. 3 o más buses; Industria inofensiva, mole*";"Zona R.1";"27/07/1989";"55";"Decreto";"55 de fecha 28.04.89/ D.O. 27.07.89";"";"";"";"";"";"";"";"";"";"";"";"";"";"";"";"";"";"";""
"1808-143";"La Reina";"RM";"Limite_urbano";"PRC_RM_Sur";"Metropolitana";"La Reina";"Límite urbano de La Reina";"Plan Regulador Comunal de La Reina";"Municipalidad de La Reina";"22/11/2001";"65";"Resolución";"";"";"";"";"";"";"";"";"";"";"";"";"";"";"";"";"";"";"";"";"";"";"";"";"";"";"";""
"1866-1";"Pudahuel";"RM";"Limite_urbano";"PRC_RM_Sur";"Metropolitana";"Pudahuel";"Limite urbano de Pudahuel";"Plan regulador comunal de Pudahuel";"Municipalidad de Pudahuel";"05/02/2021";"205";"Decreto";"";"";"";"";"";"";"";"";"";"";"";"";"";"";"";"";"";"";"";"";"";"";"";"";"";"";"";""
"3622-25";"Lo Prado";"RM";"Limite_urbano";"PRC_RM_Sur";"Metropolitana";"Lo Prado";"Límite urbano de Lo Prado";"Plan Regulador Comunal de Lo Prado";"Municipalidad de Lo Prado";"31/12/2009";"2550";"Decreto";"";"";"";"";"";"";"";"";"";"";"";"";"";"";"";"";"";"";"";"";"";"";"";"";"";"";"";""
"6623-14";"Nunoa";"RM";"Limite_urbano";"PRC_RM_Sur";"Metropolitana";"Ñuñoa";"Límite urbano de Ñuñoa";"Plan Regulador Comunal de Ñuñoa";"Municipalidad de Ñuñoa";"27/10/1989";"129";"Decreto";"";"";"";"";"";"";"";"";"";"";"";"";"";"";"";"";"";"";"";"";"";"";"";"";"";"";"";""
"1613-8";"Quinta Normal";"RM";"Limite_urbano";"PRC_RM_Sur";"Metropolitana";"Quinta Normal";"Límite urbano de Quinta Normal";"Plan Regulador Comunal de Quinta Normal";"Municipalidad de Quinta Normal";"24/10/2019";"1381";"Decreto";"";"";"";"";"";"";"";"";"";"";"";"";"";"";"";"";"";"";"";"";"";"";"";"";"";"";"";""
"383-6";"Pudahuel";"RM";"Limite_urbano";"PRC_RM_Sur";"Metropolitana";"Pudahuel";"Limite urbano de Pudahuel";"Plan regulador comunal de Pudahuel";"Municipalidad de Pudahuel";"05/02/2021";"205";"Decreto";"";"";"";"";"";"";"";"";"";"";"";"";"";"";"";"";"";"";"";"";"";"";"";"";"";"";"";""
"109-726";"Santiago";"RM";"Limite_urbano";"PRC_RM_Sur";"Metropolitana";"Santiago";"Límite urbano de Santiago";"Plan Regulador Comunal de Santiago";"Municipalidad de Santiago";"27/01/1990";"26";"Resolución";"";"";"";"";"";"";"";"";"";"";"";"";"";"";"";"";"";"";"";"";"";"";"";"";"";"";"";""
"4618-15";"San Joaquin";"RM";"PRC_San_Joaquín";"PRC_RM_Sur";"Metropolitana";"San Joaquín";"";"";"";"";"";"";"San Joaquín";"ZU2a";"Residencial: vivienda, hospedaje, hogares de acogida; Equipamiento: científico, comercio, culto y cultura, deporte, educación, esparcimiento, salud, seguridad, servicios, social; Actividades Productivas; talleres, almacenaje y bodegaje calificados como inofensivos; Espacio Público; Área Verde. El detalle de las actividades permitidas se encuentran en la Ordenanza";"Equipamiento: comercio (algunas actividades), culto y cultura (algunas actividades), deporte (algunas actividades), educación (algunas actividades), esparcimiento (algunas actividades), salud (algunas actividades), seguridad (algunas actividades); Actividades Productivas: industrias, talleres, almacenamiento y bodegaje (molestas, contaminantes o insalubres y peligrosas); Infraestructura. El detal*";"Zona Residencial de Densidad Baja A";"06/11/2019";"2838";"Decreto";"Null";"";"";"";"";"";"";"";"";"";"";"";"";"";"";"";"";"";"";""
"383-7";"Pudahuel";"RM";"Limite_urbano";"PRC_RM_Sur";"Metropolitana";"Pudahuel";"Limite urbano de Pudahuel";"Plan regulador comunal de Pudahuel";"Municipalidad de Pudahuel";"05/02/2021";"205";"Decreto";"";"";"";"";"";"";"";"";"";"";"";"";"";"";"";"";"";"";"";"";"";"";"";"";"";"";"";""
"57-11";"Santiago";"RM";"Limite_urbano";"PRC_RM_Sur";"Metropolitana";"Santiago";"Límite urbano de Santiago";"Plan Regulador Comunal de Santiago";"Municipalidad de Santiago";"27/01/1990";"26";"Resolución";"";"";"";"";"";"";"";"";"";"";"";"";"";"";"";"";"";"";"";"";"";"";"";"";"";"";"";""
"3069-36";"Santiago";"RM";"Limite_urbano";"PRC_RM_Sur";"Metropolitana";"Santiago";"Límite urbano de Santiago";"Plan Regulador Comunal de Santiago";"Municipalidad de Santiago";"27/01/1990";"26";"Resolución";"";"";"";"";"";"";"";"";"";"";"";"";"";"";"";"";"";"";"";"";"";"";"";"";"";"";"";""
"796-56";"La Florida";"RM";"PRC_La_Florida";"PRC_RM_Sur";"Metropolitana";"La Florida";"";"";"";"";"";"";"La Florida";"RI-1";"Equipamiento de comercio, esparcimiento y servicios; infraestructura.";"Residencial; equipamiento; actividad productiva.";"RI-1 Zona Terminales Rodoviarios de Locomoción Colectiva Urbana";"17/09/2001";"47";"Resolución";"Null";"";"";"";"";"";"";"";"";"";"";"";"";"";"";"";"";"";"";""
"5669-13";"Nunoa";"RM";"Limite_urbano";"PRC_RM_Sur";"Metropolitana";"Ñuñoa";"Límite urbano de Ñuñoa";"Plan Regulador Comunal de Ñuñoa";"Municipalidad de Ñuñoa";"27/10/1989";"129";"Decreto";"";"";"";"";"";"";"";"";"";"";"";"";"";"";"";"";"";"";"";"";"";"";"";"";"";"";"";""
"2376-7";"Recoleta";"RM";"Limite_urbano";"PRC_RM_Sur";"Metropolitana";"Recoleta";"Límite urbano de Recoleta";"Plan Regulador Comunal de Recoleta";"Municipalidad de Recoleta";"08/01/2005";"104";"Resolución";"";"";"";"";"";"";"";"";"";"";"";"";"";"";"";"";"";"";"";"";"";"";"";"";"";"";"";""
"2793-14";"Santiago";"RM";"Limite_urbano";"PRC_RM_Sur";"Metropolitana";"Santiago";"Límite urbano de Santiago";"Plan Regulador Comunal de Santiago";"Municipalidad de Santiago";"27/01/1990";"26";"Resolución";"";"";"";"";"";"";"";"";"";"";"";"";"";"";"";"";"";"";"";"";"";"";"";"";"";"";"";""
"3763-1";"Santiago";"RM";"Limite_urbano";"PRC_RM_Sur";"Metropolitana";"Santiago";"Límite urbano de Santiago";"Plan Regulador Comunal de Santiago";"Municipalidad de Santiago";"27/01/1990";"26";"Resolución";"";"";"";"";"";"";"";"";"";"";"";"";"";"";"";"";"";"";"";"";"";"";"";"";"";"";"";""
"7188-2";"Penalolen";"RM";"PRC_Peñalolén";"PRC_RM_Sur";"Metropolitana";"Peñalolen";"";"";"";"";"";"";"Peñalolen";"R.2";"Vivienda; Equipamiento, con la excepción de los expresamente excluido; Transporte, con la excepción de los indicados en usos excluidos";"Cementerio, planta y botadero basura, base militar, cuartel, cárcel, zoológico, terminal distribución, garag, taller molesto, motel, discoteca; Terminal rodoviario, agropecuario, pesquero, dep. 3 o más buses; Industria inofensiva, molesta,*";"Zona R.2";"27/07/1989";"55";"Decreto";"129 de fecha 30.09.2004/ D.O. 03.11.04";"";"";"";"";"";"";"";"";"";"";"";"";"";"";"";"";"";"";""
"1243-13";"Renca";"RM";"Limite_urbano";"PRC_RM_Sur";"Metropolitana";"Renca";"Límite urbano de Renca";"Plan Reguladro Comunal de Renca";"Municipalidad de Renca";"22/02/2022";"214";"Decreto";"";"";"";"";"";"";"";"";"";"";"";"";"";"";"";"";"";"";"";"";"";"";"";"";"";"";"";""
"4989-12";"San Joaquin";"RM";"PRC_San_Joaquín";"PRC_RM_Sur";"Metropolitana";"San Joaquín";"";"";"";"";"";"";"San Joaquín";"AV";"Corresponden a plazas, parques y áreas verdes públicas, en su calidad de bienes nacionales de uso público existentes, las que se rigen por lo dispuesto en la OGUC para el tipo de uso Espacio Público";"";"Plazas y Parques Existentes";"06/11/2019";"2838";"Decreto";"Null";"";"";"";"";"";"";"";"";"";"";"";"";"";"";"";"";"";"";""
"5461-3";"San Bernardo";"RM";"PRC_San_Bernardo";"PRC_RM_Sur";"Metropolitana";"San Bernardo";"";"";"";"";"";"";"San Bernardo";"ZU2";"Residencial; equipamiento de comercio, culto, deporte,  educación, esparcimiento, salud, seguridad, servicio y social; actividad productiva inofensiva; infraestructura de transporte; espacio público y áreas verdes.";"Todo uso no mencionado como permitido.";"ZU2 Zona de Periferia Centro";"13/06/2006";"3855";"Decreto";"Null";"";"";"";"";"";"";"";"";"";"";"";"";"";"";"";"";"";"";""
"2437-5";"Independencia";"RM";"Limite_urbano";"PRC_RM_Sur";"Metropolitana";"Independencia";"Límite urbano de Independencia";"Plan Regulador Comunal de Independencia";"Municipalidad de Independencia";"20/03/2014";"179";"Decreto";"";"";"";"";"";"";"";"";"";"";"";"";"";"";"";"";"";"";"";"";"";"";"";"";"";"";"";""
"1323-25";"Quinta Normal";"RM";"Limite_urbano";"PRC_RM_Sur";"Metropolitana";"Quinta Normal";"Límite urbano de Quinta Normal";"Plan Regulador Comunal de Quinta Normal";"Municipalidad de Quinta Normal";"24/10/2019";"1381";"Decreto";"";"";"";"";"";"";"";"";"";"";"";"";"";"";"";"";"";"";"";"";"";"";"";"";"";"";"";""
"6406-54";"La Reina";"RM";"Limite_urbano";"PRC_RM_Sur";"Metropolitana";"La Reina";"Límite urbano de La Reina";"Plan Regulador Comunal de La Reina";"Municipalidad de La Reina";"22/11/2001";"65";"Resolución";"";"";"";"";"";"";"";"";"";"";"";"";"";"";"";"";"";"";"";"";"";"";"";"";"";"";"";""
"80-3";"Puente Alto";"RM";"PRC_Puente_Alto";"PRC_RM_Sur";"Metropolitana";"Puente Alto";"";"";"";"";"";"";"Puente Alto";"H2";"Residencial; equipamiento de comercio, culto, deporte,  educación, salud, seguridad, servicio, social y oficina; infraestructura de transporte y sanitaria; espacio público y áreas verdes.";"Equipamiento de esparcimiento; actividad productiva; infraestructura energética y de pesca.";"H2 Zona de Residencial y Equipamiento";"25/04/2003";"423";"Decreto";"Null";"";"";"";"";"";"";"";"";"";"";"";"";"";"";"";"";"";"";""
"6675-3";"Conchali";"RM";"Limite_urbano";"PRC_RM_Sur";"Metropolitana";"Conchalí";"Límite urbano de Conchalí";"Plan Regulador Comunal de Conchalí";"Municipalidad de Conchalí";"04/05/2013";"292";"Decreto";"";"";"";"";"";"";"";"";"";"";"";"";"";"";"";"";"";"";"";"";"";"";"";"";"";"";"";""
"7810-29";"Penalolen";"RM";"PRC_Peñalolén";"PRC_RM_Sur";"Metropolitana";"Peñalolen";"";"";"";"";"";"";"Peñalolen";"R.2";"Vivienda; Equipamiento, con la excepción de los expresamente excluido; Transporte, con la excepción de los indicados en usos excluidos";"Cementerio, planta y botadero basura, base militar, cuartel, cárcel, zoológico, terminal distribución, garag, taller molesto, motel, discoteca; Terminal rodoviario, agropecuario, pesquero, dep. 3 o más buses; Industria inofensiva, molesta,*";"Zona R.2";"27/07/1989";"55";"Decreto";"129 de fecha 30.09.2004/ D.O. 03.11.04";"";"";"";"";"";"";"";"";"";"";"";"";"";"";"";"";"";"";""
"15626-2";"El Bosque";"RM";"PRC_El_Bosque";"PRC_RM_Sur";"Metropolitana";"El Bosque";"";"";"";"";"";"";"El Bosque";"2";"Residencial; equipamiento; actividad peroductiva  como talleres e industria y/o bodega inofensiva .";"Todo uso no mencionado como permitido.";"2 Sector 2 Área Residencial";"18/10/1983";"110";"Decreto";"Null";"";"";"";"";"";"";"";"";"";"";"";"";"";"";"";"";"";"";""
"2530-8";"La Granja";"RM";"PRC_La_Granja";"PRC_RM_Sur";"Metropolitana";"La Granja";"";"";"";"";"";"";"La Granja";"ZH-3";"Residencial, equipamiento comercial local, culto, deporte,  educación, salud, seguridad, servicios, social, oficina y científico; infraestructura sanitaria y energética; actividad productiva inofensiva; espacio público y áreas verdes.";"Equipamiento de esparcimiento, turismo y cementerio; actividad productiva peligrosa, molesta y contaminante; infraestructura de transporte.";"ZH-3 Zona Residencial Densidad Baja";"27/12/2012";"4039";"Decreto";"Null";"";"";"";"";"";"";"";"";"";"";"";"";"";"";"";"";"";"";""
"5118-2";"La Granja";"RM";"PRC_La_Granja";"PRC_RM_Sur";"Metropolitana";"La Granja";"";"";"";"";"";"";"La Granja";"ZAV-2";"Espacio público y áreas verdes.";"Todo uso no mencionado como permitido.";"ZAV-2 Zona de Áreas Verdes Comunales";"27/12/2012";"4039";"Decreto";"Null";"";"";"";"";"";"";"";"";"";"";"";"";"";"";"";"";"";"";""
"5249-1";"La Granja";"RM";"PRC_La_Granja";"PRC_RM_Sur";"Metropolitana";"La Granja";"";"";"";"";"";"";"La Granja";"ZAV-2";"Espacio público y áreas verdes.";"Todo uso no mencionado como permitido.";"ZAV-2 Zona de Áreas Verdes Comunales";"27/12/2012";"4039";"Decreto";"Null";"";"";"";"";"";"";"";"";"";"";"";"";"";"";"";"";"";"";""
"710-31";"La Reina";"RM";"Limite_urbano";"PRC_RM_Sur";"Metropolitana";"La Reina";"Límite urbano de La Reina";"Plan Regulador Comunal de La Reina";"Municipalidad de La Reina";"22/11/2001";"65";"Resolución";"";"";"";"";"";"";"";"";"";"";"";"";"";"";"";"";"";"";"";"";"";"";"";"";"";"";"";""
"2838-4";"San Joaquin";"RM";"PRC_San_Joaquín";"PRC_RM_Sur";"Metropolitana";"San Joaquín";"";"";"";"";"";"";"San Joaquín";"ZU12";"Residencial: vivienda, hospedaje, hogares de acogida; Equipamiento: científico, comercio, culto y cultura, deporte, educación, esparcimiento, salud, seguridad, servicios, social; Actividades Productivas; industria, talleres, almacenaje y bodegaje calificados como inofensivas; Espacio Público; Área Verde. El detalle de las actividades permitidas se encuentran en la Ordenanza";"Residencial: hospedaje (algunas actividades); Equipamiento: comercio, deporte (algunas actividades), educación (algunas actividades), esparcimiento (algunas actividades), salud (algunas actividades), seguridad (algunas actividades); Actividades Productivas: industrias, talleres, almacenamiento y bodegaje calificados como molestas, contaminantes o insalubres y peligrosas; Infraestructura. El detal*";"Zona Residencial Mixta de Densidad Alta";"06/11/2019";"2838";"Decreto";"Null";"";"";"";"";"";"";"";"";"";"";"";"";"";"";"";"";"";"";""
"3414-19";"Quinta Normal";"RM";"Limite_urbano";"PRC_RM_Sur";"Metropolitana";"Quinta Normal";"Límite urbano de Quinta Normal";"Plan Regulador Comunal de Quinta Normal";"Municipalidad de Quinta Normal";"24/10/2019";"1381";"Decreto";"";"";"";"";"";"";"";"";"";"";"";"";"";"";"";"";"";"";"";"";"";"";"";"";"";"";"";""
"3049-45";"Independencia";"RM";"Limite_urbano";"PRC_RM_Sur";"Metropolitana";"Independencia";"Límite urbano de Independencia";"Plan Regulador Comunal de Independencia";"Municipalidad de Independencia";"20/03/2014";"179";"Decreto";"";"";"";"";"";"";"";"";"";"";"";"";"";"";"";"";"";"";"";"";"";"";"";"";"";"";"";""
"1806-1";"Pudahuel";"RM";"Limite_urbano";"PRC_RM_Sur";"Metropolitana";"Pudahuel";"Limite urbano de Pudahuel";"Plan regulador comunal de Pudahuel";"Municipalidad de Pudahuel";"05/02/2021";"205";"Decreto";"";"";"";"";"";"";"";"";"";"";"";"";"";"";"";"";"";"";"";"";"";"";"";"";"";"";"";""
"2001-1";"Pudahuel";"RM";"Limite_urbano";"PRC_RM_Sur";"Metropolitana";"Pudahuel";"Limite urbano de Pudahuel";"Plan regulador comunal de Pudahuel";"Municipalidad de Pudahuel";"05/02/2021";"205";"Decreto";"";"";"";"";"";"";"";"";"";"";"";"";"";"";"";"";"";"";"";"";"";"";"";"";"";"";"";""
"541-34";"Renca";"RM";"Limite_urbano";"PRC_RM_Sur";"Metropolitana";"Renca";"Límite urbano de Renca";"Plan Reguladro Comunal de Renca";"Municipalidad de Renca";"22/02/2022";"214";"Decreto";"";"";"";"";"";"";"";"";"";"";"";"";"";"";"";"";"";"";"";"";"";"";"";"";"";"";"";""
"90-3";"El Bosque";"RM";"PRC_El_Bosque";"PRC_RM_Sur";"Metropolitana";"El Bosque";"";"";"";"";"";"";"El Bosque";"H";"Residencial; equipamiento; actividad peroductiva  como talleres e industria y/o bodega inofensiva .";"Todo uso no mencionado como permitido.";"Zona H";"18/10/1983";"110";"Decreto";"Null";"";"";"";"";"";"";"";"";"";"";"";"";"";"";"";"";"";"";""
"3128-1";"La Cisterna";"RM";"PRC_La_Cisterna";"PRC_RM_Sur";"Metropolitana";"La Cisterna";"";"";"";"";"";"";"La Cisterna";"ZU-5";"Residencial, equipamiento comercial, culto, deporte, educación,  salud, seguridad servicio y social intercomunal; espacio público y áreas verde.";"Equipamiento de esparcimiento, científico y turismo; actividad productiva peligrosa, contaminantes y molesta; infraestructura de transporte, sanitaria y energética.";"ZU-5 Zona Residencial Baja Densidad";"07/08/2004";"2891";"Decreto";"Null";"";"";"";"";"";"";"";"";"";"";"";"";"";"";"";"";"";"";""
"1189-1";"La Florida";"RM";"PRC_La_Florida";"PRC_RM_Sur";"Metropolitana";"La Florida";"";"";"";"";"";"";"La Florida";"U-VEV4";"Residencial; equip. de comercio, culto, deporte, educación, esparcimiento, salud, seguridad, servicios, social, oficina y turismo; act. productiva peligrosa, contaminante y molesta; infr. de transporte; espacio público y áreas verdes.";"Todo uso no mencionado como permitido.";"U-VEV4 Zona de Vivienda y Equipamiento Vecinal N°4";"17/09/2001";"47";"Resolución";"Null";"";"";"";"";"";"";"";"";"";"";"";"";"";"";"";"";"";"";""
"2975-9";"Recoleta";"RM";"Limite_urbano";"PRC_RM_Sur";"Metropolitana";"Recoleta";"Límite urbano de Recoleta";"Plan Regulador Comunal de Recoleta";"Municipalidad de Recoleta";"08/01/2005";"104";"Resolución";"";"";"";"";"";"";"";"";"";"";"";"";"";"";"";"";"";"";"";"";"";"";"";"";"";"";"";""
"1869-4";"El Bosque";"RM";"PRC_El_Bosque";"PRC_RM_Sur";"Metropolitana";"El Bosque";"";"";"";"";"";"";"El Bosque";"HC";"Residencial; equipamiento; actividad peroductiva  como talleres e industria y/o bodega inofensiva .";"Todo uso no mencionado como permitido.";"ZONA HC";"18/10/1983";"110";"Decreto";"Null";"";"";"";"";"";"";"";"";"";"";"";"";"";"";"";"";"";"";""
"3046-181";"La Cisterna";"RM";"PRC_La_Cisterna";"PRC_RM_Sur";"Metropolitana";"La Cisterna";"";"";"";"";"";"";"La Cisterna";"ZU-7A";"Residencial, equipamiento comercial, culto, deporte, educación, salud, seguridad, servicio y social comunal; actividad productiva inofensiva; espacio público y áreas verde.";"Equipamiento científico y cementerio; infraestructura de transporte, sanitaria y energética; actividad productiva molesta.";"ZU-7A Zona de Restricción Aérea";"07/08/2004";"2891";"Decreto";"Null";"";"";"";"";"";"";"";"";"";"";"";"";"";"";"";"";"";"";""
"9108-29";"Penalolen";"RM";"PRC_Peñalolén";"PRC_RM_Sur";"Metropolitana";"Peñalolen";"";"";"";"";"";"";"Peñalolen";"S.M.1";"Vivienda; Equipamiento, con la excepción de los expresamente excluido; Transporte, con la excepción de los indicados en usos excluidos";"Cementerio, planta y botadero basura, base militar, cuartel, cárcel, zoológico, terminal de distribución, taller molesto; Terminal rodoviario, agropecuario, pesquero, dep. 3 o más buses; Industria inofensivo, molesta, insalubre";"Zona S.M.1";"27/07/1989";"55";"Decreto";"55 de fecha 28.04.89/ D.O. 27.07.89";"";"";"";"";"";"";"";"";"";"";"";"";"";"";"";"";"";"";""
"2522-89";"La Cisterna";"RM";"PRC_La_Cisterna";"PRC_RM_Sur";"Metropolitana";"La Cisterna";"";"";"";"";"";"";"La Cisterna";"ZU-6";"Residencial; equipamiento comercial, deporte y seguridad comunal, y social; espacio público y áreas verde.";"Equipamiento de culto, educación, esparcimiento, salud, servicios y social; actividad productiva peligrosa y molesta; infraestructura de transporte, sanitaria y energética.";"ZU-6 Zona Industrial Inofensiva";"07/08/2004";"2891";"Decreto";"Null";"";"";"";"";"";"";"";"";"";"";"";"";"";"";"";"";"";"";""
"478-70";"Recoleta";"RM";"Limite_urbano";"PRC_RM_Sur";"Metropolitana";"Recoleta";"Límite urbano de Recoleta";"Plan Regulador Comunal de Recoleta";"Municipalidad de Recoleta";"08/01/2005";"104";"Resolución";"";"";"";"";"";"";"";"";"";"";"";"";"";"";"";"";"";"";"";"";"";"";"";"";"";"";"";""
"35-12";"Quilicura";"RM";"Limite_urbano";"PRC_RM_Sur";"Metropolitana";"Quilicura";"Límite urbano de Quilicura";"Plan Regulador Comunal de Quilicura";"Municipalidad de Quilicura";"08/05/1985";"37";"Decreto";"";"";"";"";"";"";"";"";"";"";"";"";"";"";"";"";"";"";"";"";"";"";"";"";"";"";"";""
"2324-32";"Conchali";"RM";"Limite_urbano";"PRC_RM_Sur";"Metropolitana";"Conchalí";"Límite urbano de Conchalí";"Plan Regulador Comunal de Conchalí";"Municipalidad de Conchalí";"04/05/2013";"292";"Decreto";"";"";"";"";"";"";"";"";"";"";"";"";"";"";"";"";"";"";"";"";"";"";"";"";"";"";"";""
"699-288";"La Florida";"RM";"PRC_La_Florida";"PRC_RM_Sur";"Metropolitana";"La Florida";"";"";"";"";"";"";"La Florida";"U-VEV3";"Residencial; equipamiento de comercio, culto, deporte, educación, esparcimiento, salud, seguridad, servicios, social, oficina, turismo; espacio público y áreas verdes.";"Todo uso no mencionado como permitido.";"U-VEV3 Zona de Vivienda y Equipamiento Vecinal N°3";"17/09/2001";"47";"Resolución";"Null";"";"";"";"";"";"";"";"";"";"";"";"";"";"";"";"";"";"";""
"3356-3";"Independencia";"RM";"Limite_urbano";"PRC_RM_Sur";"Metropolitana";"Recoleta";"Límite urbano de Recoleta";"Plan Regulador Comunal de Recoleta";"Municipalidad de Recoleta";"08/01/2005";"104";"Resolución";"";"";"";"";"";"";"";"";"";"";"";"";"";"";"";"";"";"";"";"";"";"";"";"";"";"";"";""
"9714-25";"Penalolen";"RM";"PRC_Peñalolén";"PRC_RM_Sur";"Metropolitana";"Peñalolen";"";"";"";"";"";"";"Peñalolen";"R.2";"Vivienda; Equipamiento, con la excepción de los expresamente excluido; Transporte, con la excepción de los indicados en usos excluidos";"Cementerio, planta y botadero basura, base militar, cuartel, cárcel, zoológico, terminal distribución, garag, taller molesto, motel, discoteca; Terminal rodoviario, agropecuario, pesquero, dep. 3 o más buses; Industria inofensiva, molesta,*";"Zona R.2";"27/07/1989";"55";"Decreto";"55 de fecha 28.04.89/ D.O. 27.07.89";"";"";"";"";"";"";"";"";"";"";"";"";"";"";"";"";"";"";""
"1303-49";"Renca";"RM";"Limite_urbano";"PRC_RM_Sur";"Metropolitana";"Renca";"Límite urbano de Renca";"Plan Reguladro Comunal de Renca";"Municipalidad de Renca";"22/02/2022";"214";"Decreto";"";"";"";"";"";"";"";"";"";"";"";"";"";"";"";"";"";"";"";"";"";"";"";"";"";"";"";""
"3019-25";"La Florida";"RM";"PRC_La_Florida";"PRC_RM_Sur";"Metropolitana";"La Florida";"";"";"";"";"";"";"La Florida";"U-VEV3";"Residencial; equipamiento de comercio, culto, deporte, educación, esparcimiento, salud, seguridad, servicios, social, oficina, turismo; espacio público y áreas verdes.";"Todo uso no mencionado como permitido.";"U-VEV3 Zona de Vivienda y Equipamiento Vecinal N°3";"17/09/2001";"47";"Resolución";"Null";"";"";"";"";"";"";"";"";"";"";"";"";"";"";"";"";"";"";""
"157-9";"Puente Alto";"RM";"PRC_Puente_Alto";"PRC_RM_Sur";"Metropolitana";"Puente Alto";"";"";"";"";"";"";"Puente Alto";"H2";"Residencial; equipamiento de comercio, culto, deporte,  educación, salud, seguridad, servicio, social y oficina; infraestructura de transporte y sanitaria; espacio público y áreas verdes.";"Equipamiento de esparcimiento; actividad productiva; infraestructura energética y de pesca.";"H2 Zona de Residencial y Equipamiento";"25/04/2003";"423";"Decreto";"Null";"";"";"";"";"";"";"";"";"";"";"";"";"";"";"";"";"";"";""
"2301-33";"Puente Alto";"RM";"PRC_Puente_Alto";"PRC_RM_Sur";"Metropolitana";"Puente Alto";"";"";"";"";"";"";"Puente Alto";"H1";"Residencial; equipamiento de comercio, culto, deporte,  educación, salud, seguridad, servicio, social y oficina; infraestructura de transporte y sanitaria; espacio público y áreas verdes.";"Equipamiento de esparcimiento; actividad productiva; infraestructura energética y de pesca.";"H1 Zona de Residencial y Equipamiento";"25/04/2003";"423";"Decreto";"Null";"";"";"";"";"";"";"";"";"";"";"";"";"";"";"";"";"";"";""
"4618-34";"San Joaquin";"RM";"PRC_San_Joaquín";"PRC_RM_Sur";"Metropolitana";"San Joaquín";"";"";"";"";"";"";"San Joaquín";"ZU2a";"Residencial: vivienda, hospedaje, hogares de acogida; Equipamiento: científico, comercio, culto y cultura, deporte, educación, esparcimiento, salud, seguridad, servicios, social; Actividades Productivas; talleres, almacenaje y bodegaje calificados como inofensivos; Espacio Público; Área Verde. El detalle de las actividades permitidas se encuentran en la Ordenanza";"Equipamiento: comercio (algunas actividades), culto y cultura (algunas actividades), deporte (algunas actividades), educación (algunas actividades), esparcimiento (algunas actividades), salud (algunas actividades), seguridad (algunas actividades); Actividades Productivas: industrias, talleres, almacenamiento y bodegaje (molestas, contaminantes o insalubres y peligrosas); Infraestructura. El detal*";"Zona Residencial de Densidad Baja A";"06/11/2019";"2838";"Decreto";"Null";"";"";"";"";"";"";"";"";"";"";"";"";"";"";"";"";"";"";""
"14-27";"La Cisterna";"RM";"PRC_La_Cisterna";"PRC_RM_Sur";"Metropolitana";"La Cisterna";"";"";"";"";"";"";"La Cisterna";"ZU-4";"Residencial, equipamiento comercial, culto, deporte, educación,  salud, seguridad comunal; espacio público y áreas verde.";"Equipamiento de esparcimiento, servicios y científico; actividad productiva peligrosa, molesta e inofensiva; infraestructura de transporte, sanitaria y energética.";"ZU-4 Zona de Renovación Residencial";"07/08/2004";"2891";"Decreto";"Null";"";"";"";"";"";"";"";"";"";"";"";"";"";"";"";"";"";"";""
"3610-17";"La Florida";"RM";"PRC_La_Florida";"PRC_RM_Sur";"Metropolitana";"La Florida";"";"";"";"";"";"";"La Florida";"U-VEV3";"Residencial; equipamiento de comercio, culto, deporte, educación, esparcimiento, salud, seguridad, servicios, social, oficina, turismo; espacio público y áreas verdes.";"Todo uso no mencionado como permitido.";"U-VEV3 Zona de Vivienda y Equipamiento Vecinal N°3";"17/09/2001";"47";"Resolución";"Null";"";"";"";"";"";"";"";"";"";"";"";"";"";"";"";"";"";"";""
"3263-1";"Recoleta";"RM";"Limite_urbano";"PRC_RM_Sur";"Metropolitana";"Recoleta";"Límite urbano de Recoleta";"Plan Regulador Comunal de Recoleta";"Municipalidad de Recoleta";"08/01/2005";"104";"Resolución";"";"";"";"";"";"";"";"";"";"";"";"";"";"";"";"";"";"";"";"";"";"";"";"";"";"";"";""
"904-19";"Renca";"RM";"Limite_urbano";"PRC_RM_Sur";"Metropolitana";"Quinta Normal";"Límite urbano de Quinta Normal";"Plan Regulador Comunal de Quinta Normal";"Municipalidad de Quinta Normal";"24/10/2019";"1381";"Decreto";"";"";"";"";"";"";"";"";"";"";"";"";"";"";"";"";"";"";"";"";"";"";"";"";"";"";"";""
"3514-46";"Quinta Normal";"RM";"Limite_urbano";"PRC_RM_Sur";"Metropolitana";"Quinta Normal";"Límite urbano de Quinta Normal";"Plan Regulador Comunal de Quinta Normal";"Municipalidad de Quinta Normal";"24/10/2019";"1381";"Decreto";"";"";"";"";"";"";"";"";"";"";"";"";"";"";"";"";"";"";"";"";"";"";"";"";"";"";"";""
"5194-2";"Estacion Central";"RM";"Limite_urbano";"PRC_RM_Sur";"Metropolitana";"Estación Central";"Límite urbano de Estación Central";"Plan Regulador Comunal de Estación Central";"Municipalidad de Estación Central";"29/09/1993";"301";"Decreto";"";"";"";"";"";"";"";"";"";"";"";"";"";"";"";"";"";"";"";"";"";"";"";"";"";"";"";""
"4082-2";"Recoleta";"RM";"Limite_urbano";"PRC_RM_Sur";"Metropolitana";"Recoleta";"Límite urbano de Recoleta";"Plan Regulador Comunal de Recoleta";"Municipalidad de Recoleta";"08/01/2005";"104";"Resolución";"";"";"";"";"";"";"";"";"";"";"";"";"";"";"";"";"";"";"";"";"";"";"";"";"";"";"";""
"1117-15";"Colina";"RM";"PRMS_Rural";"PRMS";"Metropolitana";"Colina";"";"";"";"";"";"";"-";"";"Instalación de agroindustrias que procesen productos frescos.";"Todo uso no mencionado como permitido.";"";"";"";"";"";"Plan Regulador Metropolitano de Santiago Rural";"";"Áreas de Interés Agropecuario Exclusivo";"";"13301";"";"";"";"";"Titulo 8: Área restringida o excluida al desarrollo urbano; Capitulo 8.3. Áreas de valor natural y/o de interés silvoagropecuario; Art. 8.3.2. Áreas de Interés Silvoagropecuario; Art. 8.3.2.1. De Interés Agropecuario Exclusivo";"";"";"";"";"";"";"";"";""
"5510-439";"San Bernardo";"RM";"PRC_San_Bernardo";"PRC_RM_Sur";"Metropolitana";"San Bernardo";"";"";"";"";"";"";"San Bernardo";"ZE2";"Equipamiento de esparcimiento; espacio público y áreas verdes.";"Todo uso no mencionado como permitido";"ZE2 Zona de Equipamiento Metropolitano";"13/06/2006";"3855";"Decreto";"Null";"";"";"";"";"";"";"";"";"";"";"";"";"";"";"";"";"";"";""
"2434-36";"Conchali";"RM";"Limite_urbano";"PRC_RM_Sur";"Metropolitana";"Conchalí";"Límite urbano de Conchalí";"Plan Regulador Comunal de Conchalí";"Municipalidad de Conchalí";"04/05/2013";"292";"Decreto";"";"";"";"";"";"";"";"";"";"";"";"";"";"";"";"";"";"";"";"";"";"";"";"";"";"";"";""
"216-3";"Cerrillos";"RM";"PRC_Cerrillos";"PRC_RM_Sur";"Metropolitana";"Cerrillos";"";"";"";"";"";"";"";"";"";"";"";"";"";"";"";"";"";"";"";"";"";"";"";"";"";"Cerrillos";"ZRM";"Zona residencial mixta";"Vivienda, equipamiento, educación y religioso. Comercio, bomberos, carabineros. Usos sociales, talleres, bodegas inofensivas.";"En calles menores a 15 mts supermercados, bodegas, carabineros";"19/11/2019";"202";"Enmienda";"La comuna se rige por 3 instrumentos de planificación. PRC Maipú 1965, PRC Santiago 1990 y PRMS 1994. Para ver el detalle revisar ordenanzas locales"
"984-27";"Puente Alto";"RM";"PRC_Puente_Alto";"PRC_RM_Sur";"Metropolitana";"Puente Alto";"";"";"";"";"";"";"Puente Alto";"H6";"Residencial; equipamiento de comercio, culto, deporte,  educación, salud, seguridad, servicio, social y oficina; infraestructura de transporte y sanitaria; espacio público y áreas verdes.";"Actividad productiva; infraestructura energética y de pesca.";"H6 Zona Residencial , Actividades Industriales Inofensivas y Equipamiento";"25/04/2003";"423";"Decreto";"Null";"";"";"";"";"";"";"";"";"";"";"";"";"";"";"";"";"";"";""
"435-39";"Renca";"RM";"Limite_urbano";"PRC_RM_Sur";"Metropolitana";"Renca";"Límite urbano de Renca";"Plan Reguladro Comunal de Renca";"Municipalidad de Renca";"22/02/2022";"214";"Decreto";"";"";"";"";"";"";"";"";"";"";"";"";"";"";"";"";"";"";"";"";"";"";"";"";"";"";"";""
"5011-1";"San Joaquin";"RM";"PRC_San_Joaquín";"PRC_RM_Sur";"Metropolitana";"San Joaquín";"";"";"";"";"";"";"San Joaquín";"ZU2a";"Residencial: vivienda, hospedaje, hogares de acogida; Equipamiento: científico, comercio, culto y cultura, deporte, educación, esparcimiento, salud, seguridad, servicios, social; Actividades Productivas; talleres, almacenaje y bodegaje calificados como inofensivos; Espacio Público; Área Verde. El detalle de las actividades permitidas se encuentran en la Ordenanza";"Equipamiento: comercio (algunas actividades), culto y cultura (algunas actividades), deporte (algunas actividades), educación (algunas actividades), esparcimiento (algunas actividades), salud (algunas actividades), seguridad (algunas actividades); Actividades Productivas: industrias, talleres, almacenamiento y bodegaje (molestas, contaminantes o insalubres y peligrosas); Infraestructura. El detal*";"Zona Residencial de Densidad Baja A";"06/11/2019";"2838";"Decreto";"Null";"";"";"";"";"";"";"";"";"";"";"";"";"";"";"";"";"";"";""
"5723-1";"El Bosque";"RM";"PRC_El_Bosque";"PRC_RM_Sur";"Metropolitana";"El Bosque";"";"";"";"";"";"";"El Bosque";"H";"Residencial; equipamiento; actividad peroductiva  como talleres e industria y/o bodega inofensiva .";"Todo uso no mencionado como permitido.";"Zona H";"18/10/1983";"110";"Decreto";"Null";"";"";"";"";"";"";"";"";"";"";"";"";"";"";"";"";"";"";""
"163-31";"Cerrillos";"RM";"PRC_Cerrillos";"PRC_RM_Sur";"Metropolitana";"Cerrillos";"";"";"";"";"";"";"";"";"";"";"";"";"";"";"";"";"";"";"";"";"";"";"";"";"";"Cerrillos";"ZRM";"Zona residencial mixta";"Vivienda, equipamiento, educación y religioso. Comercio, bomberos, carabineros. Usos sociales, talleres, bodegas inofensivas.";"En calles menores a 15 mts supermercados, bodegas, carabineros";"19/11/2019";"202";"Enmienda";"La comuna se rige por 3 instrumentos de planificación. PRC Maipú 1965, PRC Santiago 1990 y PRMS 1994. Para ver el detalle revisar ordenanzas locales"
"54-14";"Maipu";"RM";"PRC_Maipú";"PRC_RM_Sur";"Metropolitana";"Maipú";"";"";"";"";"";"";"Maipú";"ZC-3";"Residencial; equipamiento de comercio, culto, deporte,  educación, esparcimiento, salud, seguridad, servicio, social, oficina, turismo y científico; infraestructura d etransporte; espacio público y áreas verdes.";"Actividad productiva; infraestructura sanitaria y energética.";"ZC-3 Zona de Mixta Comercio y Servicio";"13/11/2004";"6383";"Decreto";"Null";"";"";"";"";"";"";"";"";"";"";"";"";"";"";"";"";"";"";""
"1338-4";"La Florida";"RM";"PRC_La_Florida";"PRC_RM_Sur";"Metropolitana";"La Florida";"";"";"";"";"";"";"La Florida";"Z-AA2";"Todos los usos no señalados como prohibidos en el artículo 41, numeral 9, letra B).";"Todos los usos señalados como prohibidos en el artículo 41, numeral 9, letra B), específicamente terminales de transporte terrestre, locales de compra-venta y exhibición de automóviles, camiones y similares que se desar*";"Z-AA2 Zona de Transición A Edificación Aislada Alta";"17/09/2001";"47";"Resolución";"Null";"";"";"";"";"";"";"";"";"";"";"";"";"";"";"";"";"";"";""
"661-21";"Renca";"RM";"Limite_urbano";"PRC_RM_Sur";"Metropolitana";"Renca";"Límite urbano de Renca";"Plan Reguladro Comunal de Renca";"Municipalidad de Renca";"22/02/2022";"214";"Decreto";"";"";"";"";"";"";"";"";"";"";"";"";"";"";"";"";"";"";"";"";"";"";"";"";"";"";"";""
"2596-58";"Pudahuel";"RM";"Limite_urbano";"PRC_RM_Sur";"Metropolitana";"Pudahuel";"Limite urbano de Pudahuel";"Plan regulador comunal de Pudahuel";"Municipalidad de Pudahuel";"05/02/2021";"205";"Decreto";"";"";"";"";"";"";"";"";"";"";"";"";"";"";"";"";"";"";"";"";"";"";"";"";"";"";"";""
"3335-15";"Lo Prado";"RM";"Limite_urbano";"PRC_RM_Sur";"Metropolitana";"Lo Prado";"Límite urbano de Lo Prado";"Plan Regulador Comunal de Lo Prado";"Municipalidad de Lo Prado";"31/12/2009";"2550";"Decreto";"";"";"";"";"";"";"";"";"";"";"";"";"";"";"";"";"";"";"";"";"";"";"";"";"";"";"";""
"698-94";"Colina";"RM";"Limite_urbano";"PRC_RM_Sur";"Metropolitana";"Colina";"Límite urbano de Colina";"Plan Regulador Comunal de Colina";"Municipalidad de Colina";"26/03/2010";"629";"Decreto";"";"";"";"";"";"";"";"";"";"";"";"";"";"";"";"";"";"";"";"";"";"";"";"";"";"";"";""
"1396-1";"Renca";"RM";"Limite_urbano";"PRC_RM_Sur";"Metropolitana";"Renca";"Límite urbano de Renca";"Plan Reguladro Comunal de Renca";"Municipalidad de Renca";"22/02/2022";"214";"Decreto";"";"";"";"";"";"";"";"";"";"";"";"";"";"";"";"";"";"";"";"";"";"";"";"";"";"";"";""
"607-68";"Pudahuel";"RM";"PRC_Maipú";"PRC_RM_Sur";"Metropolitana";"Maipú";"";"";"";"";"";"";"Maipú";"ZE-8";"Equipamiento de comercio y esparcimiento local; espacio público y áreas verdes.";"Todo uso no mencionado como permitido.";"ZE-8 Zona de Áreas Verdes Comunales y Vecinales";"13/11/2004";"6383";"Decreto";"Null";"";"";"";"";"";"";"";"";"";"";"";"";"";"";"";"";"";"";""
"383-2";"Pudahuel";"RM";"Limite_urbano";"PRC_RM_Sur";"Metropolitana";"Pudahuel";"Limite urbano de Pudahuel";"Plan regulador comunal de Pudahuel";"Municipalidad de Pudahuel";"05/02/2021";"205";"Decreto";"";"";"";"";"";"";"";"";"";"";"";"";"";"";"";"";"";"";"";"";"";"";"";"";"";"";"";""
"516-1";"San Bernardo";"RM";"PRC_San_Bernardo";"PRC_RM_Sur";"Metropolitana";"San Bernardo";"";"";"";"";"";"";"San Bernardo";"ZU2";"Residencial; equipamiento de comercio, culto, deporte,  educación, esparcimiento, salud, seguridad, servicio y social; actividad productiva inofensiva; infraestructura de transporte; espacio público y áreas verdes.";"Todo uso no mencionado como permitido.";"ZU2 Zona de Periferia Centro";"13/06/2006";"3855";"Decreto";"Null";"";"";"";"";"";"";"";"";"";"";"";"";"";"";"";"";"";"";""
"116-21";"Renca";"RM";"Limite_urbano";"PRC_RM_Sur";"Metropolitana";"Renca";"Límite urbano de Renca";"Plan Reguladro Comunal de Renca";"Municipalidad de Renca";"22/02/2022";"214";"Decreto";"";"";"";"";"";"";"";"";"";"";"";"";"";"";"";"";"";"";"";"";"";"";"";"";"";"";"";""
"212-3";"Pudahuel";"RM";"Limite_urbano";"PRC_RM_Sur";"Metropolitana";"Pudahuel";"Limite urbano de Pudahuel";"Plan regulador comunal de Pudahuel";"Municipalidad de Pudahuel";"05/02/2021";"205";"Decreto";"";"";"";"";"";"";"";"";"";"";"";"";"";"";"";"";"";"";"";"";"";"";"";"";"";"";"";""
"213-3";"Pudahuel";"RM";"Limite_urbano";"PRC_RM_Sur";"Metropolitana";"Pudahuel";"Limite urbano de Pudahuel";"Plan regulador comunal de Pudahuel";"Municipalidad de Pudahuel";"05/02/2021";"205";"Decreto";"";"";"";"";"";"";"";"";"";"";"";"";"";"";"";"";"";"";"";"";"";"";"";"";"";"";"";""
"212-4";"Pudahuel";"RM";"Limite_urbano";"PRC_RM_Sur";"Metropolitana";"Pudahuel";"Limite urbano de Pudahuel";"Plan regulador comunal de Pudahuel";"Municipalidad de Pudahuel";"05/02/2021";"205";"Decreto";"";"";"";"";"";"";"";"";"";"";"";"";"";"";"";"";"";"";"";"";"";"";"";"";"";"";"";""
"3534-5";"San Bernardo";"RM";"PRC_San_Bernardo";"PRC_RM_Sur";"Metropolitana";"San Bernardo";"";"";"";"";"";"";"San Bernardo";"ZU2";"Residencial; equipamiento de comercio, culto, deporte,  educación, esparcimiento, salud, seguridad, servicio y social; actividad productiva inofensiva; infraestructura de transporte; espacio público y áreas verdes.";"Todo uso no mencionado como permitido.";"ZU2 Zona de Periferia Centro";"13/06/2006";"3855";"Decreto";"Null";"";"";"";"";"";"";"";"";"";"";"";"";"";"";"";"";"";"";""
"2559-13";"Pudahuel";"RM";"Limite_urbano";"PRC_RM_Sur";"Metropolitana";"Pudahuel";"Limite urbano de Pudahuel";"Plan regulador comunal de Pudahuel";"Municipalidad de Pudahuel";"05/02/2021";"205";"Decreto";"";"";"";"";"";"";"";"";"";"";"";"";"";"";"";"";"";"";"";"";"";"";"";"";"";"";"";""
"4636-1";"San Bernardo";"RM";"PRC_San_Bernardo";"PRC_RM_Sur";"Metropolitana";"San Bernardo";"";"";"";"";"";"";"San Bernardo";"ZU4";"Residencial; equipamiento de comercio, culto, deporte,  educación, esparcimiento, salud, seguridad, servicio y social; actividad productiva inofensiva; infraestructura de transporte; espacio público y áreas verdes.";"Todo uso no mencionado como permitido.";"ZU4 Zona de La Vara";"13/06/2006";"3855";"Decreto";"Null";"";"";"";"";"";"";"";"";"";"";"";"";"";"";"";"";"";"";""
"12680-1";"San Pedro De La Paz";"BB";"PRC_San_Pedro_de_la_Paz";"PRC_Biobio";"Biobío";"San Pedro de la Paz";"";"";"";"";"";"";"";"ZH-4";"Residencial. Equipamiento: cientifico, comercio, culto y cultura, deporte, educacion, esparcimiento, salud, seguridad, servicios, social.";"Todos los usos de suelo no mencionados como permitidos.";"";"";"";"";"";"PRC San Pedro de la Paz";"";"ZH-4 Zona residencial";"Publicacion PRC San Pedro de la Paz. Decreto Alc. N°310. Fecha de promulgacion 10.03.2011. Fecha de publicacion D.O. 24.03.2011.";"08108";"San Pedro de la Paz";"";"";"";"";"";"";"";"";"";"";"";"";""
"1590-3";"Talcahuano";"BB";"PRC_Talcahuano";"PRC_Biobio";"Biobío";"Talcahuano";"";"";"";"";"";"";"Talcahuano";"ZH-8";"Residencial. Equipamiento: cientifico, comercio, culto y cultura, educacion, salud, seguridad, servicios, social. Area verde.";"Todos los usos de suelo no mencionados como permitidos";"ZH-8 Zona residencial";"31/01/2006";"247";"Decreto";"Null";"";"";"";"";"";"";"";"";"";"";"";"";"";"";"";"";"";"";""
"13062-2";"San Pedro De La Paz";"BB";"PRC_San_Pedro_de_la_Paz";"PRC_Biobio";"Biobío";"San Pedro de la Paz";"";"";"";"";"";"";"";"ZH-5";"Residencial. Equipamiento: cientifico, comercio, culto y cultura, deporte, educacion, esparcimiento, salud, seguridad, servicios, social. Actividades productivas, bodegaje y talleres inofensivos.";"Todos los usos de suelo no mencionados como permitidos.";"";"";"";"";"";"PRC San Pedro de la Paz";"";"ZH-5 Zona residencial";"Publicacion PRC San Pedro de la Paz. Decreto Alc. N°310. Fecha de promulgacion 10.03.2011. Fecha de publicacion D.O. 24.03.2011.";"08108";"San Pedro de la Paz";"";"";"";"";"";"";"";"";"";"";"";"";""
"2752-1";"Coronel";"BB";"PRC_Coronel_Area_de_riesgo";"PRC_Biobio";"Biobío";"Coronel";"";"";"";"";"";"";"";" ";" ";"";"";"";"";"";"";"PRC Riesgo Coronel";"";"Area Potencialmente Inundable por Anegamiento";"";"08102";"Coronel";"";"";"";"";"";"";"";"";"";"";"";"";""
"137-71 Y 137-72";"Concepcion";"BB";"PRC_Concepcion";"PRC_Biobio";"Biobío";"Concepción";"";"";"";"";"";"";"";"C1";"Residencial. Equipamiento: cientifico, comercio, culto y cultura, deporte, educacion, esparcimiento, salud, seguridad, servicios, social. Actividades productivas.";"Todos los usos de suelo no mencionados como permitidos";"";"";"";"";"";"PRC Concepción";"Centro metropolitano";"C1 Centro de servicios y equipamiento";"Publicacion PRC Concepcion. Decreto Alc. N°148. Fecha promulgacion 05.06.2004. Fecha publicacion D.O. 22.04.2004.";"08101";"";"";"";"";"";"";"";"";"";"";"";"";"";""
"321-145";"Concepcion";"BB";"PRC_Concepcion";"PRC_Biobio";"Biobío";"Concepción";"";"";"";"";"";"";"";"MC";"Equipamiento: culto y cultura, educacion, salud, seguridad, servicios, social. Area verde.";"Todos los usos de suelo no mencionados como permitidos";"";"";"";"";"";"PRC Concepción";"Microcentro";"MC Microcentro";"Publicacion PRC Concepcion. Decreto Alc. N°148. Fecha promulgacion 05.06.2004. Fecha publicacion D.O. 22.04.2004.";"08101";"";"";"";"";"";"";"";"";"";"";"";"";"";""